[2025-04-21 12:19:30] local.ERROR: Uncaught Symfony\Component\Finder\Exception\DirectoryNotFoundException: The "C:\xampp\htdocs\laravel\MTB_HMS_Booking_System\MTB_Laravel\MTB_Booking_System\resources\views" directory does not exist. in C:\xampp\htdocs\laravel\MTB_HMS_Booking_System\vendor\symfony\finder\Finder.php:646
Stack trace:
#0 C:\xampp\htdocs\laravel\MTB_HMS_Booking_System\vendor\laravel\framework\src\Illuminate\Filesystem\Filesystem.php(584): Symfony\Component\Finder\Finder->in('C:\\xampp\\htdocs...')
#1 Command line code(1): Illuminate\Filesystem\Filesystem->files('C:\\xampp\\htdocs...')
#2 Command line code(1): getViews('C:\\xampp\\htdocs...', Object(Illuminate\Filesystem\Filesystem))
#3 {main}
  thrown {"exception":"[object] (Symfony\\Component\\ErrorHandler\\Error\\FatalError(code: 0): Uncaught Symfony\\Component\\Finder\\Exception\\DirectoryNotFoundException: The \"C:\\xampp\\htdocs\\laravel\\MTB_HMS_Booking_System\\MTB_Laravel\\MTB_Booking_System\\resources\\views\" directory does not exist. in C:\\xampp\\htdocs\\laravel\\MTB_HMS_Booking_System\\vendor\\symfony\\finder\\Finder.php:646
Stack trace:
#0 C:\\xampp\\htdocs\\laravel\\MTB_HMS_Booking_System\\vendor\\laravel\\framework\\src\\Illuminate\\Filesystem\\Filesystem.php(584): Symfony\\Component\\Finder\\Finder->in('C:\\\\xampp\\\\htdocs...')
#1 Command line code(1): Illuminate\\Filesystem\\Filesystem->files('C:\\\\xampp\\\\htdocs...')
#2 Command line code(1): getViews('C:\\\\xampp\\\\htdocs...', Object(Illuminate\\Filesystem\\Filesystem))
#3 {main}
  thrown at C:\\xampp\\htdocs\\laravel\\MTB_HMS_Booking_System\\vendor\\symfony\\finder\\Finder.php:646)
[stacktrace]
#0 {main}
"} 
[2025-04-21 12:29:45] local.ERROR: Uncaught Symfony\Component\Finder\Exception\DirectoryNotFoundException: The "C:\xampp\htdocs\laravel\MTB_HMS_Booking_System\MTB_Laravel\MTB_Booking_System\resources\views" directory does not exist. in C:\xampp\htdocs\laravel\MTB_HMS_Booking_System\vendor\symfony\finder\Finder.php:646
Stack trace:
#0 C:\xampp\htdocs\laravel\MTB_HMS_Booking_System\vendor\laravel\framework\src\Illuminate\Filesystem\Filesystem.php(584): Symfony\Component\Finder\Finder->in('C:\\xampp\\htdocs...')
#1 Command line code(1): Illuminate\Filesystem\Filesystem->files('C:\\xampp\\htdocs...')
#2 Command line code(1): getViews('C:\\xampp\\htdocs...', Object(Illuminate\Filesystem\Filesystem))
#3 {main}
  thrown {"exception":"[object] (Symfony\\Component\\ErrorHandler\\Error\\FatalError(code: 0): Uncaught Symfony\\Component\\Finder\\Exception\\DirectoryNotFoundException: The \"C:\\xampp\\htdocs\\laravel\\MTB_HMS_Booking_System\\MTB_Laravel\\MTB_Booking_System\\resources\\views\" directory does not exist. in C:\\xampp\\htdocs\\laravel\\MTB_HMS_Booking_System\\vendor\\symfony\\finder\\Finder.php:646
Stack trace:
#0 C:\\xampp\\htdocs\\laravel\\MTB_HMS_Booking_System\\vendor\\laravel\\framework\\src\\Illuminate\\Filesystem\\Filesystem.php(584): Symfony\\Component\\Finder\\Finder->in('C:\\\\xampp\\\\htdocs...')
#1 Command line code(1): Illuminate\\Filesystem\\Filesystem->files('C:\\\\xampp\\\\htdocs...')
#2 Command line code(1): getViews('C:\\\\xampp\\\\htdocs...', Object(Illuminate\\Filesystem\\Filesystem))
#3 {main}
  thrown at C:\\xampp\\htdocs\\laravel\\MTB_HMS_Booking_System\\vendor\\symfony\\finder\\Finder.php:646)
[stacktrace]
#0 {main}
"} 
[2025-04-21 12:29:47] local.ERROR: Uncaught Symfony\Component\Finder\Exception\DirectoryNotFoundException: The "C:\xampp\htdocs\laravel\MTB_HMS_Booking_System\MTB_Laravel\MTB_Booking_System\resources\views" directory does not exist. in C:\xampp\htdocs\laravel\MTB_HMS_Booking_System\vendor\symfony\finder\Finder.php:646
Stack trace:
#0 C:\xampp\htdocs\laravel\MTB_HMS_Booking_System\vendor\laravel\framework\src\Illuminate\Filesystem\Filesystem.php(584): Symfony\Component\Finder\Finder->in('C:\\xampp\\htdocs...')
#1 Command line code(1): Illuminate\Filesystem\Filesystem->files('C:\\xampp\\htdocs...')
#2 Command line code(1): getViews('C:\\xampp\\htdocs...', Object(Illuminate\Filesystem\Filesystem))
#3 {main}
  thrown {"exception":"[object] (Symfony\\Component\\ErrorHandler\\Error\\FatalError(code: 0): Uncaught Symfony\\Component\\Finder\\Exception\\DirectoryNotFoundException: The \"C:\\xampp\\htdocs\\laravel\\MTB_HMS_Booking_System\\MTB_Laravel\\MTB_Booking_System\\resources\\views\" directory does not exist. in C:\\xampp\\htdocs\\laravel\\MTB_HMS_Booking_System\\vendor\\symfony\\finder\\Finder.php:646
Stack trace:
#0 C:\\xampp\\htdocs\\laravel\\MTB_HMS_Booking_System\\vendor\\laravel\\framework\\src\\Illuminate\\Filesystem\\Filesystem.php(584): Symfony\\Component\\Finder\\Finder->in('C:\\\\xampp\\\\htdocs...')
#1 Command line code(1): Illuminate\\Filesystem\\Filesystem->files('C:\\\\xampp\\\\htdocs...')
#2 Command line code(1): getViews('C:\\\\xampp\\\\htdocs...', Object(Illuminate\\Filesystem\\Filesystem))
#3 {main}
  thrown at C:\\xampp\\htdocs\\laravel\\MTB_HMS_Booking_System\\vendor\\symfony\\finder\\Finder.php:646)
[stacktrace]
#0 {main}
"} 
[2025-04-21 12:29:52] local.ERROR: Uncaught Symfony\Component\Finder\Exception\DirectoryNotFoundException: The "C:\xampp\htdocs\laravel\MTB_HMS_Booking_System\MTB_Laravel\MTB_Booking_System\resources\views" directory does not exist. in C:\xampp\htdocs\laravel\MTB_HMS_Booking_System\vendor\symfony\finder\Finder.php:646
Stack trace:
#0 C:\xampp\htdocs\laravel\MTB_HMS_Booking_System\vendor\laravel\framework\src\Illuminate\Filesystem\Filesystem.php(584): Symfony\Component\Finder\Finder->in('C:\\xampp\\htdocs...')
#1 Command line code(1): Illuminate\Filesystem\Filesystem->files('C:\\xampp\\htdocs...')
#2 Command line code(1): getViews('C:\\xampp\\htdocs...', Object(Illuminate\Filesystem\Filesystem))
#3 {main}
  thrown {"exception":"[object] (Symfony\\Component\\ErrorHandler\\Error\\FatalError(code: 0): Uncaught Symfony\\Component\\Finder\\Exception\\DirectoryNotFoundException: The \"C:\\xampp\\htdocs\\laravel\\MTB_HMS_Booking_System\\MTB_Laravel\\MTB_Booking_System\\resources\\views\" directory does not exist. in C:\\xampp\\htdocs\\laravel\\MTB_HMS_Booking_System\\vendor\\symfony\\finder\\Finder.php:646
Stack trace:
#0 C:\\xampp\\htdocs\\laravel\\MTB_HMS_Booking_System\\vendor\\laravel\\framework\\src\\Illuminate\\Filesystem\\Filesystem.php(584): Symfony\\Component\\Finder\\Finder->in('C:\\\\xampp\\\\htdocs...')
#1 Command line code(1): Illuminate\\Filesystem\\Filesystem->files('C:\\\\xampp\\\\htdocs...')
#2 Command line code(1): getViews('C:\\\\xampp\\\\htdocs...', Object(Illuminate\\Filesystem\\Filesystem))
#3 {main}
  thrown at C:\\xampp\\htdocs\\laravel\\MTB_HMS_Booking_System\\vendor\\symfony\\finder\\Finder.php:646)
[stacktrace]
#0 {main}
"} 
[2025-04-21 12:29:57] local.ERROR: Uncaught Symfony\Component\Finder\Exception\DirectoryNotFoundException: The "C:\xampp\htdocs\laravel\MTB_HMS_Booking_System\MTB_Laravel\MTB_Booking_System\resources\views" directory does not exist. in C:\xampp\htdocs\laravel\MTB_HMS_Booking_System\vendor\symfony\finder\Finder.php:646
Stack trace:
#0 C:\xampp\htdocs\laravel\MTB_HMS_Booking_System\vendor\laravel\framework\src\Illuminate\Filesystem\Filesystem.php(584): Symfony\Component\Finder\Finder->in('C:\\xampp\\htdocs...')
#1 Command line code(1): Illuminate\Filesystem\Filesystem->files('C:\\xampp\\htdocs...')
#2 Command line code(1): getViews('C:\\xampp\\htdocs...', Object(Illuminate\Filesystem\Filesystem))
#3 {main}
  thrown {"exception":"[object] (Symfony\\Component\\ErrorHandler\\Error\\FatalError(code: 0): Uncaught Symfony\\Component\\Finder\\Exception\\DirectoryNotFoundException: The \"C:\\xampp\\htdocs\\laravel\\MTB_HMS_Booking_System\\MTB_Laravel\\MTB_Booking_System\\resources\\views\" directory does not exist. in C:\\xampp\\htdocs\\laravel\\MTB_HMS_Booking_System\\vendor\\symfony\\finder\\Finder.php:646
Stack trace:
#0 C:\\xampp\\htdocs\\laravel\\MTB_HMS_Booking_System\\vendor\\laravel\\framework\\src\\Illuminate\\Filesystem\\Filesystem.php(584): Symfony\\Component\\Finder\\Finder->in('C:\\\\xampp\\\\htdocs...')
#1 Command line code(1): Illuminate\\Filesystem\\Filesystem->files('C:\\\\xampp\\\\htdocs...')
#2 Command line code(1): getViews('C:\\\\xampp\\\\htdocs...', Object(Illuminate\\Filesystem\\Filesystem))
#3 {main}
  thrown at C:\\xampp\\htdocs\\laravel\\MTB_HMS_Booking_System\\vendor\\symfony\\finder\\Finder.php:646)
[stacktrace]
#0 {main}
"} 
[2025-04-21 12:30:03] local.ERROR: Uncaught Symfony\Component\Finder\Exception\DirectoryNotFoundException: The "C:\xampp\htdocs\laravel\MTB_HMS_Booking_System\MTB_Laravel\MTB_Booking_System\resources\views" directory does not exist. in C:\xampp\htdocs\laravel\MTB_HMS_Booking_System\vendor\symfony\finder\Finder.php:646
Stack trace:
#0 C:\xampp\htdocs\laravel\MTB_HMS_Booking_System\vendor\laravel\framework\src\Illuminate\Filesystem\Filesystem.php(584): Symfony\Component\Finder\Finder->in('C:\\xampp\\htdocs...')
#1 Command line code(1): Illuminate\Filesystem\Filesystem->files('C:\\xampp\\htdocs...')
#2 Command line code(1): getViews('C:\\xampp\\htdocs...', Object(Illuminate\Filesystem\Filesystem))
#3 {main}
  thrown {"exception":"[object] (Symfony\\Component\\ErrorHandler\\Error\\FatalError(code: 0): Uncaught Symfony\\Component\\Finder\\Exception\\DirectoryNotFoundException: The \"C:\\xampp\\htdocs\\laravel\\MTB_HMS_Booking_System\\MTB_Laravel\\MTB_Booking_System\\resources\\views\" directory does not exist. in C:\\xampp\\htdocs\\laravel\\MTB_HMS_Booking_System\\vendor\\symfony\\finder\\Finder.php:646
Stack trace:
#0 C:\\xampp\\htdocs\\laravel\\MTB_HMS_Booking_System\\vendor\\laravel\\framework\\src\\Illuminate\\Filesystem\\Filesystem.php(584): Symfony\\Component\\Finder\\Finder->in('C:\\\\xampp\\\\htdocs...')
#1 Command line code(1): Illuminate\\Filesystem\\Filesystem->files('C:\\\\xampp\\\\htdocs...')
#2 Command line code(1): getViews('C:\\\\xampp\\\\htdocs...', Object(Illuminate\\Filesystem\\Filesystem))
#3 {main}
  thrown at C:\\xampp\\htdocs\\laravel\\MTB_HMS_Booking_System\\vendor\\symfony\\finder\\Finder.php:646)
[stacktrace]
#0 {main}
"} 
[2025-04-21 12:30:07] local.ERROR: Uncaught Symfony\Component\Finder\Exception\DirectoryNotFoundException: The "C:\xampp\htdocs\laravel\MTB_HMS_Booking_System\MTB_Laravel\MTB_Booking_System\resources\views" directory does not exist. in C:\xampp\htdocs\laravel\MTB_HMS_Booking_System\vendor\symfony\finder\Finder.php:646
Stack trace:
#0 C:\xampp\htdocs\laravel\MTB_HMS_Booking_System\vendor\laravel\framework\src\Illuminate\Filesystem\Filesystem.php(584): Symfony\Component\Finder\Finder->in('C:\\xampp\\htdocs...')
#1 Command line code(1): Illuminate\Filesystem\Filesystem->files('C:\\xampp\\htdocs...')
#2 Command line code(1): getViews('C:\\xampp\\htdocs...', Object(Illuminate\Filesystem\Filesystem))
#3 {main}
  thrown {"exception":"[object] (Symfony\\Component\\ErrorHandler\\Error\\FatalError(code: 0): Uncaught Symfony\\Component\\Finder\\Exception\\DirectoryNotFoundException: The \"C:\\xampp\\htdocs\\laravel\\MTB_HMS_Booking_System\\MTB_Laravel\\MTB_Booking_System\\resources\\views\" directory does not exist. in C:\\xampp\\htdocs\\laravel\\MTB_HMS_Booking_System\\vendor\\symfony\\finder\\Finder.php:646
Stack trace:
#0 C:\\xampp\\htdocs\\laravel\\MTB_HMS_Booking_System\\vendor\\laravel\\framework\\src\\Illuminate\\Filesystem\\Filesystem.php(584): Symfony\\Component\\Finder\\Finder->in('C:\\\\xampp\\\\htdocs...')
#1 Command line code(1): Illuminate\\Filesystem\\Filesystem->files('C:\\\\xampp\\\\htdocs...')
#2 Command line code(1): getViews('C:\\\\xampp\\\\htdocs...', Object(Illuminate\\Filesystem\\Filesystem))
#3 {main}
  thrown at C:\\xampp\\htdocs\\laravel\\MTB_HMS_Booking_System\\vendor\\symfony\\finder\\Finder.php:646)
[stacktrace]
#0 {main}
"} 
[2025-04-21 12:30:12] local.ERROR: Uncaught Symfony\Component\Finder\Exception\DirectoryNotFoundException: The "C:\xampp\htdocs\laravel\MTB_HMS_Booking_System\MTB_Laravel\MTB_Booking_System\resources\views" directory does not exist. in C:\xampp\htdocs\laravel\MTB_HMS_Booking_System\vendor\symfony\finder\Finder.php:646
Stack trace:
#0 C:\xampp\htdocs\laravel\MTB_HMS_Booking_System\vendor\laravel\framework\src\Illuminate\Filesystem\Filesystem.php(584): Symfony\Component\Finder\Finder->in('C:\\xampp\\htdocs...')
#1 Command line code(1): Illuminate\Filesystem\Filesystem->files('C:\\xampp\\htdocs...')
#2 Command line code(1): getViews('C:\\xampp\\htdocs...', Object(Illuminate\Filesystem\Filesystem))
#3 {main}
  thrown {"exception":"[object] (Symfony\\Component\\ErrorHandler\\Error\\FatalError(code: 0): Uncaught Symfony\\Component\\Finder\\Exception\\DirectoryNotFoundException: The \"C:\\xampp\\htdocs\\laravel\\MTB_HMS_Booking_System\\MTB_Laravel\\MTB_Booking_System\\resources\\views\" directory does not exist. in C:\\xampp\\htdocs\\laravel\\MTB_HMS_Booking_System\\vendor\\symfony\\finder\\Finder.php:646
Stack trace:
#0 C:\\xampp\\htdocs\\laravel\\MTB_HMS_Booking_System\\vendor\\laravel\\framework\\src\\Illuminate\\Filesystem\\Filesystem.php(584): Symfony\\Component\\Finder\\Finder->in('C:\\\\xampp\\\\htdocs...')
#1 Command line code(1): Illuminate\\Filesystem\\Filesystem->files('C:\\\\xampp\\\\htdocs...')
#2 Command line code(1): getViews('C:\\\\xampp\\\\htdocs...', Object(Illuminate\\Filesystem\\Filesystem))
#3 {main}
  thrown at C:\\xampp\\htdocs\\laravel\\MTB_HMS_Booking_System\\vendor\\symfony\\finder\\Finder.php:646)
[stacktrace]
#0 {main}
"} 
[2025-04-21 12:30:17] local.ERROR: Uncaught Symfony\Component\Finder\Exception\DirectoryNotFoundException: The "C:\xampp\htdocs\laravel\MTB_HMS_Booking_System\MTB_Laravel\MTB_Booking_System\resources\views" directory does not exist. in C:\xampp\htdocs\laravel\MTB_HMS_Booking_System\vendor\symfony\finder\Finder.php:646
Stack trace:
#0 C:\xampp\htdocs\laravel\MTB_HMS_Booking_System\vendor\laravel\framework\src\Illuminate\Filesystem\Filesystem.php(584): Symfony\Component\Finder\Finder->in('C:\\xampp\\htdocs...')
#1 Command line code(1): Illuminate\Filesystem\Filesystem->files('C:\\xampp\\htdocs...')
#2 Command line code(1): getViews('C:\\xampp\\htdocs...', Object(Illuminate\Filesystem\Filesystem))
#3 {main}
  thrown {"exception":"[object] (Symfony\\Component\\ErrorHandler\\Error\\FatalError(code: 0): Uncaught Symfony\\Component\\Finder\\Exception\\DirectoryNotFoundException: The \"C:\\xampp\\htdocs\\laravel\\MTB_HMS_Booking_System\\MTB_Laravel\\MTB_Booking_System\\resources\\views\" directory does not exist. in C:\\xampp\\htdocs\\laravel\\MTB_HMS_Booking_System\\vendor\\symfony\\finder\\Finder.php:646
Stack trace:
#0 C:\\xampp\\htdocs\\laravel\\MTB_HMS_Booking_System\\vendor\\laravel\\framework\\src\\Illuminate\\Filesystem\\Filesystem.php(584): Symfony\\Component\\Finder\\Finder->in('C:\\\\xampp\\\\htdocs...')
#1 Command line code(1): Illuminate\\Filesystem\\Filesystem->files('C:\\\\xampp\\\\htdocs...')
#2 Command line code(1): getViews('C:\\\\xampp\\\\htdocs...', Object(Illuminate\\Filesystem\\Filesystem))
#3 {main}
  thrown at C:\\xampp\\htdocs\\laravel\\MTB_HMS_Booking_System\\vendor\\symfony\\finder\\Finder.php:646)
[stacktrace]
#0 {main}
"} 
[2025-04-21 12:30:23] local.ERROR: Uncaught Symfony\Component\Finder\Exception\DirectoryNotFoundException: The "C:\xampp\htdocs\laravel\MTB_HMS_Booking_System\MTB_Laravel\MTB_Booking_System\resources\views" directory does not exist. in C:\xampp\htdocs\laravel\MTB_HMS_Booking_System\vendor\symfony\finder\Finder.php:646
Stack trace:
#0 C:\xampp\htdocs\laravel\MTB_HMS_Booking_System\vendor\laravel\framework\src\Illuminate\Filesystem\Filesystem.php(584): Symfony\Component\Finder\Finder->in('C:\\xampp\\htdocs...')
#1 Command line code(1): Illuminate\Filesystem\Filesystem->files('C:\\xampp\\htdocs...')
#2 Command line code(1): getViews('C:\\xampp\\htdocs...', Object(Illuminate\Filesystem\Filesystem))
#3 {main}
  thrown {"exception":"[object] (Symfony\\Component\\ErrorHandler\\Error\\FatalError(code: 0): Uncaught Symfony\\Component\\Finder\\Exception\\DirectoryNotFoundException: The \"C:\\xampp\\htdocs\\laravel\\MTB_HMS_Booking_System\\MTB_Laravel\\MTB_Booking_System\\resources\\views\" directory does not exist. in C:\\xampp\\htdocs\\laravel\\MTB_HMS_Booking_System\\vendor\\symfony\\finder\\Finder.php:646
Stack trace:
#0 C:\\xampp\\htdocs\\laravel\\MTB_HMS_Booking_System\\vendor\\laravel\\framework\\src\\Illuminate\\Filesystem\\Filesystem.php(584): Symfony\\Component\\Finder\\Finder->in('C:\\\\xampp\\\\htdocs...')
#1 Command line code(1): Illuminate\\Filesystem\\Filesystem->files('C:\\\\xampp\\\\htdocs...')
#2 Command line code(1): getViews('C:\\\\xampp\\\\htdocs...', Object(Illuminate\\Filesystem\\Filesystem))
#3 {main}
  thrown at C:\\xampp\\htdocs\\laravel\\MTB_HMS_Booking_System\\vendor\\symfony\\finder\\Finder.php:646)
[stacktrace]
#0 {main}
"} 
[2025-04-21 12:30:28] local.ERROR: Uncaught Symfony\Component\Finder\Exception\DirectoryNotFoundException: The "C:\xampp\htdocs\laravel\MTB_HMS_Booking_System\MTB_Laravel\MTB_Booking_System\resources\views" directory does not exist. in C:\xampp\htdocs\laravel\MTB_HMS_Booking_System\vendor\symfony\finder\Finder.php:646
Stack trace:
#0 C:\xampp\htdocs\laravel\MTB_HMS_Booking_System\vendor\laravel\framework\src\Illuminate\Filesystem\Filesystem.php(584): Symfony\Component\Finder\Finder->in('C:\\xampp\\htdocs...')
#1 Command line code(1): Illuminate\Filesystem\Filesystem->files('C:\\xampp\\htdocs...')
#2 Command line code(1): getViews('C:\\xampp\\htdocs...', Object(Illuminate\Filesystem\Filesystem))
#3 {main}
  thrown {"exception":"[object] (Symfony\\Component\\ErrorHandler\\Error\\FatalError(code: 0): Uncaught Symfony\\Component\\Finder\\Exception\\DirectoryNotFoundException: The \"C:\\xampp\\htdocs\\laravel\\MTB_HMS_Booking_System\\MTB_Laravel\\MTB_Booking_System\\resources\\views\" directory does not exist. in C:\\xampp\\htdocs\\laravel\\MTB_HMS_Booking_System\\vendor\\symfony\\finder\\Finder.php:646
Stack trace:
#0 C:\\xampp\\htdocs\\laravel\\MTB_HMS_Booking_System\\vendor\\laravel\\framework\\src\\Illuminate\\Filesystem\\Filesystem.php(584): Symfony\\Component\\Finder\\Finder->in('C:\\\\xampp\\\\htdocs...')
#1 Command line code(1): Illuminate\\Filesystem\\Filesystem->files('C:\\\\xampp\\\\htdocs...')
#2 Command line code(1): getViews('C:\\\\xampp\\\\htdocs...', Object(Illuminate\\Filesystem\\Filesystem))
#3 {main}
  thrown at C:\\xampp\\htdocs\\laravel\\MTB_HMS_Booking_System\\vendor\\symfony\\finder\\Finder.php:646)
[stacktrace]
#0 {main}
"} 
[2025-04-21 12:30:32] local.ERROR: Uncaught Symfony\Component\Finder\Exception\DirectoryNotFoundException: The "C:\xampp\htdocs\laravel\MTB_HMS_Booking_System\MTB_Laravel\MTB_Booking_System\resources\views" directory does not exist. in C:\xampp\htdocs\laravel\MTB_HMS_Booking_System\vendor\symfony\finder\Finder.php:646
Stack trace:
#0 C:\xampp\htdocs\laravel\MTB_HMS_Booking_System\vendor\laravel\framework\src\Illuminate\Filesystem\Filesystem.php(584): Symfony\Component\Finder\Finder->in('C:\\xampp\\htdocs...')
#1 Command line code(1): Illuminate\Filesystem\Filesystem->files('C:\\xampp\\htdocs...')
#2 Command line code(1): getViews('C:\\xampp\\htdocs...', Object(Illuminate\Filesystem\Filesystem))
#3 {main}
  thrown {"exception":"[object] (Symfony\\Component\\ErrorHandler\\Error\\FatalError(code: 0): Uncaught Symfony\\Component\\Finder\\Exception\\DirectoryNotFoundException: The \"C:\\xampp\\htdocs\\laravel\\MTB_HMS_Booking_System\\MTB_Laravel\\MTB_Booking_System\\resources\\views\" directory does not exist. in C:\\xampp\\htdocs\\laravel\\MTB_HMS_Booking_System\\vendor\\symfony\\finder\\Finder.php:646
Stack trace:
#0 C:\\xampp\\htdocs\\laravel\\MTB_HMS_Booking_System\\vendor\\laravel\\framework\\src\\Illuminate\\Filesystem\\Filesystem.php(584): Symfony\\Component\\Finder\\Finder->in('C:\\\\xampp\\\\htdocs...')
#1 Command line code(1): Illuminate\\Filesystem\\Filesystem->files('C:\\\\xampp\\\\htdocs...')
#2 Command line code(1): getViews('C:\\\\xampp\\\\htdocs...', Object(Illuminate\\Filesystem\\Filesystem))
#3 {main}
  thrown at C:\\xampp\\htdocs\\laravel\\MTB_HMS_Booking_System\\vendor\\symfony\\finder\\Finder.php:646)
[stacktrace]
#0 {main}
"} 
[2025-04-21 12:30:37] local.ERROR: Uncaught Symfony\Component\Finder\Exception\DirectoryNotFoundException: The "C:\xampp\htdocs\laravel\MTB_HMS_Booking_System\MTB_Laravel\MTB_Booking_System\resources\views" directory does not exist. in C:\xampp\htdocs\laravel\MTB_HMS_Booking_System\vendor\symfony\finder\Finder.php:646
Stack trace:
#0 C:\xampp\htdocs\laravel\MTB_HMS_Booking_System\vendor\laravel\framework\src\Illuminate\Filesystem\Filesystem.php(584): Symfony\Component\Finder\Finder->in('C:\\xampp\\htdocs...')
#1 Command line code(1): Illuminate\Filesystem\Filesystem->files('C:\\xampp\\htdocs...')
#2 Command line code(1): getViews('C:\\xampp\\htdocs...', Object(Illuminate\Filesystem\Filesystem))
#3 {main}
  thrown {"exception":"[object] (Symfony\\Component\\ErrorHandler\\Error\\FatalError(code: 0): Uncaught Symfony\\Component\\Finder\\Exception\\DirectoryNotFoundException: The \"C:\\xampp\\htdocs\\laravel\\MTB_HMS_Booking_System\\MTB_Laravel\\MTB_Booking_System\\resources\\views\" directory does not exist. in C:\\xampp\\htdocs\\laravel\\MTB_HMS_Booking_System\\vendor\\symfony\\finder\\Finder.php:646
Stack trace:
#0 C:\\xampp\\htdocs\\laravel\\MTB_HMS_Booking_System\\vendor\\laravel\\framework\\src\\Illuminate\\Filesystem\\Filesystem.php(584): Symfony\\Component\\Finder\\Finder->in('C:\\\\xampp\\\\htdocs...')
#1 Command line code(1): Illuminate\\Filesystem\\Filesystem->files('C:\\\\xampp\\\\htdocs...')
#2 Command line code(1): getViews('C:\\\\xampp\\\\htdocs...', Object(Illuminate\\Filesystem\\Filesystem))
#3 {main}
  thrown at C:\\xampp\\htdocs\\laravel\\MTB_HMS_Booking_System\\vendor\\symfony\\finder\\Finder.php:646)
[stacktrace]
#0 {main}
"} 
[2025-04-21 12:30:42] local.ERROR: Uncaught Symfony\Component\Finder\Exception\DirectoryNotFoundException: The "C:\xampp\htdocs\laravel\MTB_HMS_Booking_System\MTB_Laravel\MTB_Booking_System\resources\views" directory does not exist. in C:\xampp\htdocs\laravel\MTB_HMS_Booking_System\vendor\symfony\finder\Finder.php:646
Stack trace:
#0 C:\xampp\htdocs\laravel\MTB_HMS_Booking_System\vendor\laravel\framework\src\Illuminate\Filesystem\Filesystem.php(584): Symfony\Component\Finder\Finder->in('C:\\xampp\\htdocs...')
#1 Command line code(1): Illuminate\Filesystem\Filesystem->files('C:\\xampp\\htdocs...')
#2 Command line code(1): getViews('C:\\xampp\\htdocs...', Object(Illuminate\Filesystem\Filesystem))
#3 {main}
  thrown {"exception":"[object] (Symfony\\Component\\ErrorHandler\\Error\\FatalError(code: 0): Uncaught Symfony\\Component\\Finder\\Exception\\DirectoryNotFoundException: The \"C:\\xampp\\htdocs\\laravel\\MTB_HMS_Booking_System\\MTB_Laravel\\MTB_Booking_System\\resources\\views\" directory does not exist. in C:\\xampp\\htdocs\\laravel\\MTB_HMS_Booking_System\\vendor\\symfony\\finder\\Finder.php:646
Stack trace:
#0 C:\\xampp\\htdocs\\laravel\\MTB_HMS_Booking_System\\vendor\\laravel\\framework\\src\\Illuminate\\Filesystem\\Filesystem.php(584): Symfony\\Component\\Finder\\Finder->in('C:\\\\xampp\\\\htdocs...')
#1 Command line code(1): Illuminate\\Filesystem\\Filesystem->files('C:\\\\xampp\\\\htdocs...')
#2 Command line code(1): getViews('C:\\\\xampp\\\\htdocs...', Object(Illuminate\\Filesystem\\Filesystem))
#3 {main}
  thrown at C:\\xampp\\htdocs\\laravel\\MTB_HMS_Booking_System\\vendor\\symfony\\finder\\Finder.php:646)
[stacktrace]
#0 {main}
"} 
[2025-04-21 12:30:47] local.ERROR: Uncaught Symfony\Component\Finder\Exception\DirectoryNotFoundException: The "C:\xampp\htdocs\laravel\MTB_HMS_Booking_System\MTB_Laravel\MTB_Booking_System\resources\views" directory does not exist. in C:\xampp\htdocs\laravel\MTB_HMS_Booking_System\vendor\symfony\finder\Finder.php:646
Stack trace:
#0 C:\xampp\htdocs\laravel\MTB_HMS_Booking_System\vendor\laravel\framework\src\Illuminate\Filesystem\Filesystem.php(584): Symfony\Component\Finder\Finder->in('C:\\xampp\\htdocs...')
#1 Command line code(1): Illuminate\Filesystem\Filesystem->files('C:\\xampp\\htdocs...')
#2 Command line code(1): getViews('C:\\xampp\\htdocs...', Object(Illuminate\Filesystem\Filesystem))
#3 {main}
  thrown {"exception":"[object] (Symfony\\Component\\ErrorHandler\\Error\\FatalError(code: 0): Uncaught Symfony\\Component\\Finder\\Exception\\DirectoryNotFoundException: The \"C:\\xampp\\htdocs\\laravel\\MTB_HMS_Booking_System\\MTB_Laravel\\MTB_Booking_System\\resources\\views\" directory does not exist. in C:\\xampp\\htdocs\\laravel\\MTB_HMS_Booking_System\\vendor\\symfony\\finder\\Finder.php:646
Stack trace:
#0 C:\\xampp\\htdocs\\laravel\\MTB_HMS_Booking_System\\vendor\\laravel\\framework\\src\\Illuminate\\Filesystem\\Filesystem.php(584): Symfony\\Component\\Finder\\Finder->in('C:\\\\xampp\\\\htdocs...')
#1 Command line code(1): Illuminate\\Filesystem\\Filesystem->files('C:\\\\xampp\\\\htdocs...')
#2 Command line code(1): getViews('C:\\\\xampp\\\\htdocs...', Object(Illuminate\\Filesystem\\Filesystem))
#3 {main}
  thrown at C:\\xampp\\htdocs\\laravel\\MTB_HMS_Booking_System\\vendor\\symfony\\finder\\Finder.php:646)
[stacktrace]
#0 {main}
"} 
[2025-04-21 12:30:52] local.ERROR: Uncaught Symfony\Component\Finder\Exception\DirectoryNotFoundException: The "C:\xampp\htdocs\laravel\MTB_HMS_Booking_System\MTB_Laravel\MTB_Booking_System\resources\views" directory does not exist. in C:\xampp\htdocs\laravel\MTB_HMS_Booking_System\vendor\symfony\finder\Finder.php:646
Stack trace:
#0 C:\xampp\htdocs\laravel\MTB_HMS_Booking_System\vendor\laravel\framework\src\Illuminate\Filesystem\Filesystem.php(584): Symfony\Component\Finder\Finder->in('C:\\xampp\\htdocs...')
#1 Command line code(1): Illuminate\Filesystem\Filesystem->files('C:\\xampp\\htdocs...')
#2 Command line code(1): getViews('C:\\xampp\\htdocs...', Object(Illuminate\Filesystem\Filesystem))
#3 {main}
  thrown {"exception":"[object] (Symfony\\Component\\ErrorHandler\\Error\\FatalError(code: 0): Uncaught Symfony\\Component\\Finder\\Exception\\DirectoryNotFoundException: The \"C:\\xampp\\htdocs\\laravel\\MTB_HMS_Booking_System\\MTB_Laravel\\MTB_Booking_System\\resources\\views\" directory does not exist. in C:\\xampp\\htdocs\\laravel\\MTB_HMS_Booking_System\\vendor\\symfony\\finder\\Finder.php:646
Stack trace:
#0 C:\\xampp\\htdocs\\laravel\\MTB_HMS_Booking_System\\vendor\\laravel\\framework\\src\\Illuminate\\Filesystem\\Filesystem.php(584): Symfony\\Component\\Finder\\Finder->in('C:\\\\xampp\\\\htdocs...')
#1 Command line code(1): Illuminate\\Filesystem\\Filesystem->files('C:\\\\xampp\\\\htdocs...')
#2 Command line code(1): getViews('C:\\\\xampp\\\\htdocs...', Object(Illuminate\\Filesystem\\Filesystem))
#3 {main}
  thrown at C:\\xampp\\htdocs\\laravel\\MTB_HMS_Booking_System\\vendor\\symfony\\finder\\Finder.php:646)
[stacktrace]
#0 {main}
"} 
[2025-04-21 12:30:57] local.ERROR: Uncaught Symfony\Component\Finder\Exception\DirectoryNotFoundException: The "C:\xampp\htdocs\laravel\MTB_HMS_Booking_System\MTB_Laravel\MTB_Booking_System\resources\views" directory does not exist. in C:\xampp\htdocs\laravel\MTB_HMS_Booking_System\vendor\symfony\finder\Finder.php:646
Stack trace:
#0 C:\xampp\htdocs\laravel\MTB_HMS_Booking_System\vendor\laravel\framework\src\Illuminate\Filesystem\Filesystem.php(584): Symfony\Component\Finder\Finder->in('C:\\xampp\\htdocs...')
#1 Command line code(1): Illuminate\Filesystem\Filesystem->files('C:\\xampp\\htdocs...')
#2 Command line code(1): getViews('C:\\xampp\\htdocs...', Object(Illuminate\Filesystem\Filesystem))
#3 {main}
  thrown {"exception":"[object] (Symfony\\Component\\ErrorHandler\\Error\\FatalError(code: 0): Uncaught Symfony\\Component\\Finder\\Exception\\DirectoryNotFoundException: The \"C:\\xampp\\htdocs\\laravel\\MTB_HMS_Booking_System\\MTB_Laravel\\MTB_Booking_System\\resources\\views\" directory does not exist. in C:\\xampp\\htdocs\\laravel\\MTB_HMS_Booking_System\\vendor\\symfony\\finder\\Finder.php:646
Stack trace:
#0 C:\\xampp\\htdocs\\laravel\\MTB_HMS_Booking_System\\vendor\\laravel\\framework\\src\\Illuminate\\Filesystem\\Filesystem.php(584): Symfony\\Component\\Finder\\Finder->in('C:\\\\xampp\\\\htdocs...')
#1 Command line code(1): Illuminate\\Filesystem\\Filesystem->files('C:\\\\xampp\\\\htdocs...')
#2 Command line code(1): getViews('C:\\\\xampp\\\\htdocs...', Object(Illuminate\\Filesystem\\Filesystem))
#3 {main}
  thrown at C:\\xampp\\htdocs\\laravel\\MTB_HMS_Booking_System\\vendor\\symfony\\finder\\Finder.php:646)
[stacktrace]
#0 {main}
"} 
[2025-04-21 12:31:02] local.ERROR: Uncaught Symfony\Component\Finder\Exception\DirectoryNotFoundException: The "C:\xampp\htdocs\laravel\MTB_HMS_Booking_System\MTB_Laravel\MTB_Booking_System\resources\views" directory does not exist. in C:\xampp\htdocs\laravel\MTB_HMS_Booking_System\vendor\symfony\finder\Finder.php:646
Stack trace:
#0 C:\xampp\htdocs\laravel\MTB_HMS_Booking_System\vendor\laravel\framework\src\Illuminate\Filesystem\Filesystem.php(584): Symfony\Component\Finder\Finder->in('C:\\xampp\\htdocs...')
#1 Command line code(1): Illuminate\Filesystem\Filesystem->files('C:\\xampp\\htdocs...')
#2 Command line code(1): getViews('C:\\xampp\\htdocs...', Object(Illuminate\Filesystem\Filesystem))
#3 {main}
  thrown {"exception":"[object] (Symfony\\Component\\ErrorHandler\\Error\\FatalError(code: 0): Uncaught Symfony\\Component\\Finder\\Exception\\DirectoryNotFoundException: The \"C:\\xampp\\htdocs\\laravel\\MTB_HMS_Booking_System\\MTB_Laravel\\MTB_Booking_System\\resources\\views\" directory does not exist. in C:\\xampp\\htdocs\\laravel\\MTB_HMS_Booking_System\\vendor\\symfony\\finder\\Finder.php:646
Stack trace:
#0 C:\\xampp\\htdocs\\laravel\\MTB_HMS_Booking_System\\vendor\\laravel\\framework\\src\\Illuminate\\Filesystem\\Filesystem.php(584): Symfony\\Component\\Finder\\Finder->in('C:\\\\xampp\\\\htdocs...')
#1 Command line code(1): Illuminate\\Filesystem\\Filesystem->files('C:\\\\xampp\\\\htdocs...')
#2 Command line code(1): getViews('C:\\\\xampp\\\\htdocs...', Object(Illuminate\\Filesystem\\Filesystem))
#3 {main}
  thrown at C:\\xampp\\htdocs\\laravel\\MTB_HMS_Booking_System\\vendor\\symfony\\finder\\Finder.php:646)
[stacktrace]
#0 {main}
"} 
[2025-04-21 12:31:07] local.ERROR: Uncaught Symfony\Component\Finder\Exception\DirectoryNotFoundException: The "C:\xampp\htdocs\laravel\MTB_HMS_Booking_System\MTB_Laravel\MTB_Booking_System\resources\views" directory does not exist. in C:\xampp\htdocs\laravel\MTB_HMS_Booking_System\vendor\symfony\finder\Finder.php:646
Stack trace:
#0 C:\xampp\htdocs\laravel\MTB_HMS_Booking_System\vendor\laravel\framework\src\Illuminate\Filesystem\Filesystem.php(584): Symfony\Component\Finder\Finder->in('C:\\xampp\\htdocs...')
#1 Command line code(1): Illuminate\Filesystem\Filesystem->files('C:\\xampp\\htdocs...')
#2 Command line code(1): getViews('C:\\xampp\\htdocs...', Object(Illuminate\Filesystem\Filesystem))
#3 {main}
  thrown {"exception":"[object] (Symfony\\Component\\ErrorHandler\\Error\\FatalError(code: 0): Uncaught Symfony\\Component\\Finder\\Exception\\DirectoryNotFoundException: The \"C:\\xampp\\htdocs\\laravel\\MTB_HMS_Booking_System\\MTB_Laravel\\MTB_Booking_System\\resources\\views\" directory does not exist. in C:\\xampp\\htdocs\\laravel\\MTB_HMS_Booking_System\\vendor\\symfony\\finder\\Finder.php:646
Stack trace:
#0 C:\\xampp\\htdocs\\laravel\\MTB_HMS_Booking_System\\vendor\\laravel\\framework\\src\\Illuminate\\Filesystem\\Filesystem.php(584): Symfony\\Component\\Finder\\Finder->in('C:\\\\xampp\\\\htdocs...')
#1 Command line code(1): Illuminate\\Filesystem\\Filesystem->files('C:\\\\xampp\\\\htdocs...')
#2 Command line code(1): getViews('C:\\\\xampp\\\\htdocs...', Object(Illuminate\\Filesystem\\Filesystem))
#3 {main}
  thrown at C:\\xampp\\htdocs\\laravel\\MTB_HMS_Booking_System\\vendor\\symfony\\finder\\Finder.php:646)
[stacktrace]
#0 {main}
"} 
[2025-04-21 12:31:12] local.ERROR: Uncaught Symfony\Component\Finder\Exception\DirectoryNotFoundException: The "C:\xampp\htdocs\laravel\MTB_HMS_Booking_System\MTB_Laravel\MTB_Booking_System\resources\views" directory does not exist. in C:\xampp\htdocs\laravel\MTB_HMS_Booking_System\vendor\symfony\finder\Finder.php:646
Stack trace:
#0 C:\xampp\htdocs\laravel\MTB_HMS_Booking_System\vendor\laravel\framework\src\Illuminate\Filesystem\Filesystem.php(584): Symfony\Component\Finder\Finder->in('C:\\xampp\\htdocs...')
#1 Command line code(1): Illuminate\Filesystem\Filesystem->files('C:\\xampp\\htdocs...')
#2 Command line code(1): getViews('C:\\xampp\\htdocs...', Object(Illuminate\Filesystem\Filesystem))
#3 {main}
  thrown {"exception":"[object] (Symfony\\Component\\ErrorHandler\\Error\\FatalError(code: 0): Uncaught Symfony\\Component\\Finder\\Exception\\DirectoryNotFoundException: The \"C:\\xampp\\htdocs\\laravel\\MTB_HMS_Booking_System\\MTB_Laravel\\MTB_Booking_System\\resources\\views\" directory does not exist. in C:\\xampp\\htdocs\\laravel\\MTB_HMS_Booking_System\\vendor\\symfony\\finder\\Finder.php:646
Stack trace:
#0 C:\\xampp\\htdocs\\laravel\\MTB_HMS_Booking_System\\vendor\\laravel\\framework\\src\\Illuminate\\Filesystem\\Filesystem.php(584): Symfony\\Component\\Finder\\Finder->in('C:\\\\xampp\\\\htdocs...')
#1 Command line code(1): Illuminate\\Filesystem\\Filesystem->files('C:\\\\xampp\\\\htdocs...')
#2 Command line code(1): getViews('C:\\\\xampp\\\\htdocs...', Object(Illuminate\\Filesystem\\Filesystem))
#3 {main}
  thrown at C:\\xampp\\htdocs\\laravel\\MTB_HMS_Booking_System\\vendor\\symfony\\finder\\Finder.php:646)
[stacktrace]
#0 {main}
"} 
[2025-04-21 12:31:17] local.ERROR: Uncaught Symfony\Component\Finder\Exception\DirectoryNotFoundException: The "C:\xampp\htdocs\laravel\MTB_HMS_Booking_System\MTB_Laravel\MTB_Booking_System\resources\views" directory does not exist. in C:\xampp\htdocs\laravel\MTB_HMS_Booking_System\vendor\symfony\finder\Finder.php:646
Stack trace:
#0 C:\xampp\htdocs\laravel\MTB_HMS_Booking_System\vendor\laravel\framework\src\Illuminate\Filesystem\Filesystem.php(584): Symfony\Component\Finder\Finder->in('C:\\xampp\\htdocs...')
#1 Command line code(1): Illuminate\Filesystem\Filesystem->files('C:\\xampp\\htdocs...')
#2 Command line code(1): getViews('C:\\xampp\\htdocs...', Object(Illuminate\Filesystem\Filesystem))
#3 {main}
  thrown {"exception":"[object] (Symfony\\Component\\ErrorHandler\\Error\\FatalError(code: 0): Uncaught Symfony\\Component\\Finder\\Exception\\DirectoryNotFoundException: The \"C:\\xampp\\htdocs\\laravel\\MTB_HMS_Booking_System\\MTB_Laravel\\MTB_Booking_System\\resources\\views\" directory does not exist. in C:\\xampp\\htdocs\\laravel\\MTB_HMS_Booking_System\\vendor\\symfony\\finder\\Finder.php:646
Stack trace:
#0 C:\\xampp\\htdocs\\laravel\\MTB_HMS_Booking_System\\vendor\\laravel\\framework\\src\\Illuminate\\Filesystem\\Filesystem.php(584): Symfony\\Component\\Finder\\Finder->in('C:\\\\xampp\\\\htdocs...')
#1 Command line code(1): Illuminate\\Filesystem\\Filesystem->files('C:\\\\xampp\\\\htdocs...')
#2 Command line code(1): getViews('C:\\\\xampp\\\\htdocs...', Object(Illuminate\\Filesystem\\Filesystem))
#3 {main}
  thrown at C:\\xampp\\htdocs\\laravel\\MTB_HMS_Booking_System\\vendor\\symfony\\finder\\Finder.php:646)
[stacktrace]
#0 {main}
"} 
[2025-04-21 12:31:22] local.ERROR: Uncaught Symfony\Component\Finder\Exception\DirectoryNotFoundException: The "C:\xampp\htdocs\laravel\MTB_HMS_Booking_System\MTB_Laravel\MTB_Booking_System\resources\views" directory does not exist. in C:\xampp\htdocs\laravel\MTB_HMS_Booking_System\vendor\symfony\finder\Finder.php:646
Stack trace:
#0 C:\xampp\htdocs\laravel\MTB_HMS_Booking_System\vendor\laravel\framework\src\Illuminate\Filesystem\Filesystem.php(584): Symfony\Component\Finder\Finder->in('C:\\xampp\\htdocs...')
#1 Command line code(1): Illuminate\Filesystem\Filesystem->files('C:\\xampp\\htdocs...')
#2 Command line code(1): getViews('C:\\xampp\\htdocs...', Object(Illuminate\Filesystem\Filesystem))
#3 {main}
  thrown {"exception":"[object] (Symfony\\Component\\ErrorHandler\\Error\\FatalError(code: 0): Uncaught Symfony\\Component\\Finder\\Exception\\DirectoryNotFoundException: The \"C:\\xampp\\htdocs\\laravel\\MTB_HMS_Booking_System\\MTB_Laravel\\MTB_Booking_System\\resources\\views\" directory does not exist. in C:\\xampp\\htdocs\\laravel\\MTB_HMS_Booking_System\\vendor\\symfony\\finder\\Finder.php:646
Stack trace:
#0 C:\\xampp\\htdocs\\laravel\\MTB_HMS_Booking_System\\vendor\\laravel\\framework\\src\\Illuminate\\Filesystem\\Filesystem.php(584): Symfony\\Component\\Finder\\Finder->in('C:\\\\xampp\\\\htdocs...')
#1 Command line code(1): Illuminate\\Filesystem\\Filesystem->files('C:\\\\xampp\\\\htdocs...')
#2 Command line code(1): getViews('C:\\\\xampp\\\\htdocs...', Object(Illuminate\\Filesystem\\Filesystem))
#3 {main}
  thrown at C:\\xampp\\htdocs\\laravel\\MTB_HMS_Booking_System\\vendor\\symfony\\finder\\Finder.php:646)
[stacktrace]
#0 {main}
"} 
[2025-04-21 12:31:27] local.ERROR: Uncaught Symfony\Component\Finder\Exception\DirectoryNotFoundException: The "C:\xampp\htdocs\laravel\MTB_HMS_Booking_System\MTB_Laravel\MTB_Booking_System\resources\views" directory does not exist. in C:\xampp\htdocs\laravel\MTB_HMS_Booking_System\vendor\symfony\finder\Finder.php:646
Stack trace:
#0 C:\xampp\htdocs\laravel\MTB_HMS_Booking_System\vendor\laravel\framework\src\Illuminate\Filesystem\Filesystem.php(584): Symfony\Component\Finder\Finder->in('C:\\xampp\\htdocs...')
#1 Command line code(1): Illuminate\Filesystem\Filesystem->files('C:\\xampp\\htdocs...')
#2 Command line code(1): getViews('C:\\xampp\\htdocs...', Object(Illuminate\Filesystem\Filesystem))
#3 {main}
  thrown {"exception":"[object] (Symfony\\Component\\ErrorHandler\\Error\\FatalError(code: 0): Uncaught Symfony\\Component\\Finder\\Exception\\DirectoryNotFoundException: The \"C:\\xampp\\htdocs\\laravel\\MTB_HMS_Booking_System\\MTB_Laravel\\MTB_Booking_System\\resources\\views\" directory does not exist. in C:\\xampp\\htdocs\\laravel\\MTB_HMS_Booking_System\\vendor\\symfony\\finder\\Finder.php:646
Stack trace:
#0 C:\\xampp\\htdocs\\laravel\\MTB_HMS_Booking_System\\vendor\\laravel\\framework\\src\\Illuminate\\Filesystem\\Filesystem.php(584): Symfony\\Component\\Finder\\Finder->in('C:\\\\xampp\\\\htdocs...')
#1 Command line code(1): Illuminate\\Filesystem\\Filesystem->files('C:\\\\xampp\\\\htdocs...')
#2 Command line code(1): getViews('C:\\\\xampp\\\\htdocs...', Object(Illuminate\\Filesystem\\Filesystem))
#3 {main}
  thrown at C:\\xampp\\htdocs\\laravel\\MTB_HMS_Booking_System\\vendor\\symfony\\finder\\Finder.php:646)
[stacktrace]
#0 {main}
"} 
[2025-04-21 12:31:32] local.ERROR: Uncaught Symfony\Component\Finder\Exception\DirectoryNotFoundException: The "C:\xampp\htdocs\laravel\MTB_HMS_Booking_System\MTB_Laravel\MTB_Booking_System\resources\views" directory does not exist. in C:\xampp\htdocs\laravel\MTB_HMS_Booking_System\vendor\symfony\finder\Finder.php:646
Stack trace:
#0 C:\xampp\htdocs\laravel\MTB_HMS_Booking_System\vendor\laravel\framework\src\Illuminate\Filesystem\Filesystem.php(584): Symfony\Component\Finder\Finder->in('C:\\xampp\\htdocs...')
#1 Command line code(1): Illuminate\Filesystem\Filesystem->files('C:\\xampp\\htdocs...')
#2 Command line code(1): getViews('C:\\xampp\\htdocs...', Object(Illuminate\Filesystem\Filesystem))
#3 {main}
  thrown {"exception":"[object] (Symfony\\Component\\ErrorHandler\\Error\\FatalError(code: 0): Uncaught Symfony\\Component\\Finder\\Exception\\DirectoryNotFoundException: The \"C:\\xampp\\htdocs\\laravel\\MTB_HMS_Booking_System\\MTB_Laravel\\MTB_Booking_System\\resources\\views\" directory does not exist. in C:\\xampp\\htdocs\\laravel\\MTB_HMS_Booking_System\\vendor\\symfony\\finder\\Finder.php:646
Stack trace:
#0 C:\\xampp\\htdocs\\laravel\\MTB_HMS_Booking_System\\vendor\\laravel\\framework\\src\\Illuminate\\Filesystem\\Filesystem.php(584): Symfony\\Component\\Finder\\Finder->in('C:\\\\xampp\\\\htdocs...')
#1 Command line code(1): Illuminate\\Filesystem\\Filesystem->files('C:\\\\xampp\\\\htdocs...')
#2 Command line code(1): getViews('C:\\\\xampp\\\\htdocs...', Object(Illuminate\\Filesystem\\Filesystem))
#3 {main}
  thrown at C:\\xampp\\htdocs\\laravel\\MTB_HMS_Booking_System\\vendor\\symfony\\finder\\Finder.php:646)
[stacktrace]
#0 {main}
"} 
[2025-04-21 12:31:37] local.ERROR: Uncaught Symfony\Component\Finder\Exception\DirectoryNotFoundException: The "C:\xampp\htdocs\laravel\MTB_HMS_Booking_System\MTB_Laravel\MTB_Booking_System\resources\views" directory does not exist. in C:\xampp\htdocs\laravel\MTB_HMS_Booking_System\vendor\symfony\finder\Finder.php:646
Stack trace:
#0 C:\xampp\htdocs\laravel\MTB_HMS_Booking_System\vendor\laravel\framework\src\Illuminate\Filesystem\Filesystem.php(584): Symfony\Component\Finder\Finder->in('C:\\xampp\\htdocs...')
#1 Command line code(1): Illuminate\Filesystem\Filesystem->files('C:\\xampp\\htdocs...')
#2 Command line code(1): getViews('C:\\xampp\\htdocs...', Object(Illuminate\Filesystem\Filesystem))
#3 {main}
  thrown {"exception":"[object] (Symfony\\Component\\ErrorHandler\\Error\\FatalError(code: 0): Uncaught Symfony\\Component\\Finder\\Exception\\DirectoryNotFoundException: The \"C:\\xampp\\htdocs\\laravel\\MTB_HMS_Booking_System\\MTB_Laravel\\MTB_Booking_System\\resources\\views\" directory does not exist. in C:\\xampp\\htdocs\\laravel\\MTB_HMS_Booking_System\\vendor\\symfony\\finder\\Finder.php:646
Stack trace:
#0 C:\\xampp\\htdocs\\laravel\\MTB_HMS_Booking_System\\vendor\\laravel\\framework\\src\\Illuminate\\Filesystem\\Filesystem.php(584): Symfony\\Component\\Finder\\Finder->in('C:\\\\xampp\\\\htdocs...')
#1 Command line code(1): Illuminate\\Filesystem\\Filesystem->files('C:\\\\xampp\\\\htdocs...')
#2 Command line code(1): getViews('C:\\\\xampp\\\\htdocs...', Object(Illuminate\\Filesystem\\Filesystem))
#3 {main}
  thrown at C:\\xampp\\htdocs\\laravel\\MTB_HMS_Booking_System\\vendor\\symfony\\finder\\Finder.php:646)
[stacktrace]
#0 {main}
"} 
[2025-04-21 12:31:42] local.ERROR: Uncaught Symfony\Component\Finder\Exception\DirectoryNotFoundException: The "C:\xampp\htdocs\laravel\MTB_HMS_Booking_System\MTB_Laravel\MTB_Booking_System\resources\views" directory does not exist. in C:\xampp\htdocs\laravel\MTB_HMS_Booking_System\vendor\symfony\finder\Finder.php:646
Stack trace:
#0 C:\xampp\htdocs\laravel\MTB_HMS_Booking_System\vendor\laravel\framework\src\Illuminate\Filesystem\Filesystem.php(584): Symfony\Component\Finder\Finder->in('C:\\xampp\\htdocs...')
#1 Command line code(1): Illuminate\Filesystem\Filesystem->files('C:\\xampp\\htdocs...')
#2 Command line code(1): getViews('C:\\xampp\\htdocs...', Object(Illuminate\Filesystem\Filesystem))
#3 {main}
  thrown {"exception":"[object] (Symfony\\Component\\ErrorHandler\\Error\\FatalError(code: 0): Uncaught Symfony\\Component\\Finder\\Exception\\DirectoryNotFoundException: The \"C:\\xampp\\htdocs\\laravel\\MTB_HMS_Booking_System\\MTB_Laravel\\MTB_Booking_System\\resources\\views\" directory does not exist. in C:\\xampp\\htdocs\\laravel\\MTB_HMS_Booking_System\\vendor\\symfony\\finder\\Finder.php:646
Stack trace:
#0 C:\\xampp\\htdocs\\laravel\\MTB_HMS_Booking_System\\vendor\\laravel\\framework\\src\\Illuminate\\Filesystem\\Filesystem.php(584): Symfony\\Component\\Finder\\Finder->in('C:\\\\xampp\\\\htdocs...')
#1 Command line code(1): Illuminate\\Filesystem\\Filesystem->files('C:\\\\xampp\\\\htdocs...')
#2 Command line code(1): getViews('C:\\\\xampp\\\\htdocs...', Object(Illuminate\\Filesystem\\Filesystem))
#3 {main}
  thrown at C:\\xampp\\htdocs\\laravel\\MTB_HMS_Booking_System\\vendor\\symfony\\finder\\Finder.php:646)
[stacktrace]
#0 {main}
"} 
[2025-04-21 12:31:47] local.ERROR: Uncaught Symfony\Component\Finder\Exception\DirectoryNotFoundException: The "C:\xampp\htdocs\laravel\MTB_HMS_Booking_System\MTB_Laravel\MTB_Booking_System\resources\views" directory does not exist. in C:\xampp\htdocs\laravel\MTB_HMS_Booking_System\vendor\symfony\finder\Finder.php:646
Stack trace:
#0 C:\xampp\htdocs\laravel\MTB_HMS_Booking_System\vendor\laravel\framework\src\Illuminate\Filesystem\Filesystem.php(584): Symfony\Component\Finder\Finder->in('C:\\xampp\\htdocs...')
#1 Command line code(1): Illuminate\Filesystem\Filesystem->files('C:\\xampp\\htdocs...')
#2 Command line code(1): getViews('C:\\xampp\\htdocs...', Object(Illuminate\Filesystem\Filesystem))
#3 {main}
  thrown {"exception":"[object] (Symfony\\Component\\ErrorHandler\\Error\\FatalError(code: 0): Uncaught Symfony\\Component\\Finder\\Exception\\DirectoryNotFoundException: The \"C:\\xampp\\htdocs\\laravel\\MTB_HMS_Booking_System\\MTB_Laravel\\MTB_Booking_System\\resources\\views\" directory does not exist. in C:\\xampp\\htdocs\\laravel\\MTB_HMS_Booking_System\\vendor\\symfony\\finder\\Finder.php:646
Stack trace:
#0 C:\\xampp\\htdocs\\laravel\\MTB_HMS_Booking_System\\vendor\\laravel\\framework\\src\\Illuminate\\Filesystem\\Filesystem.php(584): Symfony\\Component\\Finder\\Finder->in('C:\\\\xampp\\\\htdocs...')
#1 Command line code(1): Illuminate\\Filesystem\\Filesystem->files('C:\\\\xampp\\\\htdocs...')
#2 Command line code(1): getViews('C:\\\\xampp\\\\htdocs...', Object(Illuminate\\Filesystem\\Filesystem))
#3 {main}
  thrown at C:\\xampp\\htdocs\\laravel\\MTB_HMS_Booking_System\\vendor\\symfony\\finder\\Finder.php:646)
[stacktrace]
#0 {main}
"} 
[2025-04-21 12:31:52] local.ERROR: Uncaught Symfony\Component\Finder\Exception\DirectoryNotFoundException: The "C:\xampp\htdocs\laravel\MTB_HMS_Booking_System\MTB_Laravel\MTB_Booking_System\resources\views" directory does not exist. in C:\xampp\htdocs\laravel\MTB_HMS_Booking_System\vendor\symfony\finder\Finder.php:646
Stack trace:
#0 C:\xampp\htdocs\laravel\MTB_HMS_Booking_System\vendor\laravel\framework\src\Illuminate\Filesystem\Filesystem.php(584): Symfony\Component\Finder\Finder->in('C:\\xampp\\htdocs...')
#1 Command line code(1): Illuminate\Filesystem\Filesystem->files('C:\\xampp\\htdocs...')
#2 Command line code(1): getViews('C:\\xampp\\htdocs...', Object(Illuminate\Filesystem\Filesystem))
#3 {main}
  thrown {"exception":"[object] (Symfony\\Component\\ErrorHandler\\Error\\FatalError(code: 0): Uncaught Symfony\\Component\\Finder\\Exception\\DirectoryNotFoundException: The \"C:\\xampp\\htdocs\\laravel\\MTB_HMS_Booking_System\\MTB_Laravel\\MTB_Booking_System\\resources\\views\" directory does not exist. in C:\\xampp\\htdocs\\laravel\\MTB_HMS_Booking_System\\vendor\\symfony\\finder\\Finder.php:646
Stack trace:
#0 C:\\xampp\\htdocs\\laravel\\MTB_HMS_Booking_System\\vendor\\laravel\\framework\\src\\Illuminate\\Filesystem\\Filesystem.php(584): Symfony\\Component\\Finder\\Finder->in('C:\\\\xampp\\\\htdocs...')
#1 Command line code(1): Illuminate\\Filesystem\\Filesystem->files('C:\\\\xampp\\\\htdocs...')
#2 Command line code(1): getViews('C:\\\\xampp\\\\htdocs...', Object(Illuminate\\Filesystem\\Filesystem))
#3 {main}
  thrown at C:\\xampp\\htdocs\\laravel\\MTB_HMS_Booking_System\\vendor\\symfony\\finder\\Finder.php:646)
[stacktrace]
#0 {main}
"} 
[2025-04-21 12:31:57] local.ERROR: Uncaught Symfony\Component\Finder\Exception\DirectoryNotFoundException: The "C:\xampp\htdocs\laravel\MTB_HMS_Booking_System\MTB_Laravel\MTB_Booking_System\resources\views" directory does not exist. in C:\xampp\htdocs\laravel\MTB_HMS_Booking_System\vendor\symfony\finder\Finder.php:646
Stack trace:
#0 C:\xampp\htdocs\laravel\MTB_HMS_Booking_System\vendor\laravel\framework\src\Illuminate\Filesystem\Filesystem.php(584): Symfony\Component\Finder\Finder->in('C:\\xampp\\htdocs...')
#1 Command line code(1): Illuminate\Filesystem\Filesystem->files('C:\\xampp\\htdocs...')
#2 Command line code(1): getViews('C:\\xampp\\htdocs...', Object(Illuminate\Filesystem\Filesystem))
#3 {main}
  thrown {"exception":"[object] (Symfony\\Component\\ErrorHandler\\Error\\FatalError(code: 0): Uncaught Symfony\\Component\\Finder\\Exception\\DirectoryNotFoundException: The \"C:\\xampp\\htdocs\\laravel\\MTB_HMS_Booking_System\\MTB_Laravel\\MTB_Booking_System\\resources\\views\" directory does not exist. in C:\\xampp\\htdocs\\laravel\\MTB_HMS_Booking_System\\vendor\\symfony\\finder\\Finder.php:646
Stack trace:
#0 C:\\xampp\\htdocs\\laravel\\MTB_HMS_Booking_System\\vendor\\laravel\\framework\\src\\Illuminate\\Filesystem\\Filesystem.php(584): Symfony\\Component\\Finder\\Finder->in('C:\\\\xampp\\\\htdocs...')
#1 Command line code(1): Illuminate\\Filesystem\\Filesystem->files('C:\\\\xampp\\\\htdocs...')
#2 Command line code(1): getViews('C:\\\\xampp\\\\htdocs...', Object(Illuminate\\Filesystem\\Filesystem))
#3 {main}
  thrown at C:\\xampp\\htdocs\\laravel\\MTB_HMS_Booking_System\\vendor\\symfony\\finder\\Finder.php:646)
[stacktrace]
#0 {main}
"} 
[2025-04-21 12:32:02] local.ERROR: Uncaught Symfony\Component\Finder\Exception\DirectoryNotFoundException: The "C:\xampp\htdocs\laravel\MTB_HMS_Booking_System\MTB_Laravel\MTB_Booking_System\resources\views" directory does not exist. in C:\xampp\htdocs\laravel\MTB_HMS_Booking_System\vendor\symfony\finder\Finder.php:646
Stack trace:
#0 C:\xampp\htdocs\laravel\MTB_HMS_Booking_System\vendor\laravel\framework\src\Illuminate\Filesystem\Filesystem.php(584): Symfony\Component\Finder\Finder->in('C:\\xampp\\htdocs...')
#1 Command line code(1): Illuminate\Filesystem\Filesystem->files('C:\\xampp\\htdocs...')
#2 Command line code(1): getViews('C:\\xampp\\htdocs...', Object(Illuminate\Filesystem\Filesystem))
#3 {main}
  thrown {"exception":"[object] (Symfony\\Component\\ErrorHandler\\Error\\FatalError(code: 0): Uncaught Symfony\\Component\\Finder\\Exception\\DirectoryNotFoundException: The \"C:\\xampp\\htdocs\\laravel\\MTB_HMS_Booking_System\\MTB_Laravel\\MTB_Booking_System\\resources\\views\" directory does not exist. in C:\\xampp\\htdocs\\laravel\\MTB_HMS_Booking_System\\vendor\\symfony\\finder\\Finder.php:646
Stack trace:
#0 C:\\xampp\\htdocs\\laravel\\MTB_HMS_Booking_System\\vendor\\laravel\\framework\\src\\Illuminate\\Filesystem\\Filesystem.php(584): Symfony\\Component\\Finder\\Finder->in('C:\\\\xampp\\\\htdocs...')
#1 Command line code(1): Illuminate\\Filesystem\\Filesystem->files('C:\\\\xampp\\\\htdocs...')
#2 Command line code(1): getViews('C:\\\\xampp\\\\htdocs...', Object(Illuminate\\Filesystem\\Filesystem))
#3 {main}
  thrown at C:\\xampp\\htdocs\\laravel\\MTB_HMS_Booking_System\\vendor\\symfony\\finder\\Finder.php:646)
[stacktrace]
#0 {main}
"} 
[2025-04-21 12:32:04] local.ERROR: Property [user_id] does not exist on this collection instance. {"userId":1,"exception":"[object] (Exception(code: 0): Property [user_id] does not exist on this collection instance. at C:\\xampp\\htdocs\\laravel\\MTB_HMS_Booking_System\\vendor\\laravel\\framework\\src\\Illuminate\\Collections\\Traits\\EnumeratesValues.php:1036)
[stacktrace]
#0 C:\\xampp\\htdocs\\laravel\\MTB_HMS_Booking_System\\vendor\\laravel\\framework\\src\\Illuminate\\Http\\Resources\\DelegatesToResource.php(139): Illuminate\\Support\\Collection->__get('user_id')
#1 C:\\xampp\\htdocs\\laravel\\MTB_HMS_Booking_System\\app\\Http\\Resources\\BookingResource.php(24): Illuminate\\Http\\Resources\\Json\\JsonResource->__get('user_id')
#2 C:\\xampp\\htdocs\\laravel\\MTB_HMS_Booking_System\\vendor\\laravel\\framework\\src\\Illuminate\\Http\\Resources\\Json\\JsonResource.php(108): App\\Http\\Resources\\BookingResource->toArray(Object(Illuminate\\Http\\Request))
#3 C:\\xampp\\htdocs\\laravel\\MTB_HMS_Booking_System\\vendor\\laravel\\framework\\src\\Illuminate\\Http\\Resources\\Json\\ResourceResponse.php(39): Illuminate\\Http\\Resources\\Json\\JsonResource->resolve(Object(Illuminate\\Http\\Request))
#4 C:\\xampp\\htdocs\\laravel\\MTB_HMS_Booking_System\\vendor\\laravel\\framework\\src\\Illuminate\\Http\\Resources\\Json\\JsonResource.php(245): Illuminate\\Http\\Resources\\Json\\ResourceResponse->toResponse(Object(Illuminate\\Http\\Request))
#5 C:\\xampp\\htdocs\\laravel\\MTB_HMS_Booking_System\\vendor\\laravel\\framework\\src\\Illuminate\\Routing\\Router.php(902): Illuminate\\Http\\Resources\\Json\\JsonResource->toResponse(Object(Illuminate\\Http\\Request))
#6 C:\\xampp\\htdocs\\laravel\\MTB_HMS_Booking_System\\vendor\\laravel\\framework\\src\\Illuminate\\Routing\\Router.php(887): Illuminate\\Routing\\Router::toResponse(Object(Illuminate\\Http\\Request), Object(App\\Http\\Resources\\BookingResource))
#7 C:\\xampp\\htdocs\\laravel\\MTB_HMS_Booking_System\\vendor\\laravel\\framework\\src\\Illuminate\\Routing\\Router.php(807): Illuminate\\Routing\\Router->prepareResponse(Object(Illuminate\\Http\\Request), Object(App\\Http\\Resources\\BookingResource))
#8 C:\\xampp\\htdocs\\laravel\\MTB_HMS_Booking_System\\vendor\\laravel\\framework\\src\\Illuminate\\Pipeline\\Pipeline.php(144): Illuminate\\Routing\\Router->Illuminate\\Routing\\{closure}(Object(Illuminate\\Http\\Request))
#9 C:\\xampp\\htdocs\\laravel\\MTB_HMS_Booking_System\\vendor\\laravel\\framework\\src\\Illuminate\\Auth\\Middleware\\AuthenticateWithBasicAuth.php(57): Illuminate\\Pipeline\\Pipeline->Illuminate\\Pipeline\\{closure}(Object(Illuminate\\Http\\Request))
#10 C:\\xampp\\htdocs\\laravel\\MTB_HMS_Booking_System\\vendor\\laravel\\framework\\src\\Illuminate\\Pipeline\\Pipeline.php(183): Illuminate\\Auth\\Middleware\\AuthenticateWithBasicAuth->handle(Object(Illuminate\\Http\\Request), Object(Closure))
#11 C:\\xampp\\htdocs\\laravel\\MTB_HMS_Booking_System\\vendor\\laravel\\framework\\src\\Illuminate\\Routing\\Middleware\\SubstituteBindings.php(51): Illuminate\\Pipeline\\Pipeline->Illuminate\\Pipeline\\{closure}(Object(Illuminate\\Http\\Request))
#12 C:\\xampp\\htdocs\\laravel\\MTB_HMS_Booking_System\\vendor\\laravel\\framework\\src\\Illuminate\\Pipeline\\Pipeline.php(183): Illuminate\\Routing\\Middleware\\SubstituteBindings->handle(Object(Illuminate\\Http\\Request), Object(Closure))
#13 C:\\xampp\\htdocs\\laravel\\MTB_HMS_Booking_System\\vendor\\laravel\\framework\\src\\Illuminate\\Pipeline\\Pipeline.php(119): Illuminate\\Pipeline\\Pipeline->Illuminate\\Pipeline\\{closure}(Object(Illuminate\\Http\\Request))
#14 C:\\xampp\\htdocs\\laravel\\MTB_HMS_Booking_System\\vendor\\laravel\\framework\\src\\Illuminate\\Routing\\Router.php(807): Illuminate\\Pipeline\\Pipeline->then(Object(Closure))
#15 C:\\xampp\\htdocs\\laravel\\MTB_HMS_Booking_System\\vendor\\laravel\\framework\\src\\Illuminate\\Routing\\Router.php(786): Illuminate\\Routing\\Router->runRouteWithinStack(Object(Illuminate\\Routing\\Route), Object(Illuminate\\Http\\Request))
#16 C:\\xampp\\htdocs\\laravel\\MTB_HMS_Booking_System\\vendor\\laravel\\framework\\src\\Illuminate\\Routing\\Router.php(750): Illuminate\\Routing\\Router->runRoute(Object(Illuminate\\Http\\Request), Object(Illuminate\\Routing\\Route))
#17 C:\\xampp\\htdocs\\laravel\\MTB_HMS_Booking_System\\vendor\\laravel\\framework\\src\\Illuminate\\Routing\\Router.php(739): Illuminate\\Routing\\Router->dispatchToRoute(Object(Illuminate\\Http\\Request))
#18 C:\\xampp\\htdocs\\laravel\\MTB_HMS_Booking_System\\vendor\\laravel\\framework\\src\\Illuminate\\Foundation\\Http\\Kernel.php(201): Illuminate\\Routing\\Router->dispatch(Object(Illuminate\\Http\\Request))
#19 C:\\xampp\\htdocs\\laravel\\MTB_HMS_Booking_System\\vendor\\laravel\\framework\\src\\Illuminate\\Pipeline\\Pipeline.php(144): Illuminate\\Foundation\\Http\\Kernel->Illuminate\\Foundation\\Http\\{closure}(Object(Illuminate\\Http\\Request))
#20 C:\\xampp\\htdocs\\laravel\\MTB_HMS_Booking_System\\vendor\\laravel\\framework\\src\\Illuminate\\Foundation\\Http\\Middleware\\TransformsRequest.php(21): Illuminate\\Pipeline\\Pipeline->Illuminate\\Pipeline\\{closure}(Object(Illuminate\\Http\\Request))
#21 C:\\xampp\\htdocs\\laravel\\MTB_HMS_Booking_System\\vendor\\laravel\\framework\\src\\Illuminate\\Foundation\\Http\\Middleware\\ConvertEmptyStringsToNull.php(31): Illuminate\\Foundation\\Http\\Middleware\\TransformsRequest->handle(Object(Illuminate\\Http\\Request), Object(Closure))
#22 C:\\xampp\\htdocs\\laravel\\MTB_HMS_Booking_System\\vendor\\laravel\\framework\\src\\Illuminate\\Pipeline\\Pipeline.php(183): Illuminate\\Foundation\\Http\\Middleware\\ConvertEmptyStringsToNull->handle(Object(Illuminate\\Http\\Request), Object(Closure))
#23 C:\\xampp\\htdocs\\laravel\\MTB_HMS_Booking_System\\vendor\\laravel\\framework\\src\\Illuminate\\Foundation\\Http\\Middleware\\TransformsRequest.php(21): Illuminate\\Pipeline\\Pipeline->Illuminate\\Pipeline\\{closure}(Object(Illuminate\\Http\\Request))
#24 C:\\xampp\\htdocs\\laravel\\MTB_HMS_Booking_System\\vendor\\laravel\\framework\\src\\Illuminate\\Foundation\\Http\\Middleware\\TrimStrings.php(51): Illuminate\\Foundation\\Http\\Middleware\\TransformsRequest->handle(Object(Illuminate\\Http\\Request), Object(Closure))
#25 C:\\xampp\\htdocs\\laravel\\MTB_HMS_Booking_System\\vendor\\laravel\\framework\\src\\Illuminate\\Pipeline\\Pipeline.php(183): Illuminate\\Foundation\\Http\\Middleware\\TrimStrings->handle(Object(Illuminate\\Http\\Request), Object(Closure))
#26 C:\\xampp\\htdocs\\laravel\\MTB_HMS_Booking_System\\vendor\\laravel\\framework\\src\\Illuminate\\Http\\Middleware\\ValidatePostSize.php(27): Illuminate\\Pipeline\\Pipeline->Illuminate\\Pipeline\\{closure}(Object(Illuminate\\Http\\Request))
#27 C:\\xampp\\htdocs\\laravel\\MTB_HMS_Booking_System\\vendor\\laravel\\framework\\src\\Illuminate\\Pipeline\\Pipeline.php(183): Illuminate\\Http\\Middleware\\ValidatePostSize->handle(Object(Illuminate\\Http\\Request), Object(Closure))
#28 C:\\xampp\\htdocs\\laravel\\MTB_HMS_Booking_System\\vendor\\laravel\\framework\\src\\Illuminate\\Foundation\\Http\\Middleware\\PreventRequestsDuringMaintenance.php(110): Illuminate\\Pipeline\\Pipeline->Illuminate\\Pipeline\\{closure}(Object(Illuminate\\Http\\Request))
#29 C:\\xampp\\htdocs\\laravel\\MTB_HMS_Booking_System\\vendor\\laravel\\framework\\src\\Illuminate\\Pipeline\\Pipeline.php(183): Illuminate\\Foundation\\Http\\Middleware\\PreventRequestsDuringMaintenance->handle(Object(Illuminate\\Http\\Request), Object(Closure))
#30 C:\\xampp\\htdocs\\laravel\\MTB_HMS_Booking_System\\vendor\\laravel\\framework\\src\\Illuminate\\Http\\Middleware\\HandleCors.php(62): Illuminate\\Pipeline\\Pipeline->Illuminate\\Pipeline\\{closure}(Object(Illuminate\\Http\\Request))
#31 C:\\xampp\\htdocs\\laravel\\MTB_HMS_Booking_System\\vendor\\laravel\\framework\\src\\Illuminate\\Pipeline\\Pipeline.php(183): Illuminate\\Http\\Middleware\\HandleCors->handle(Object(Illuminate\\Http\\Request), Object(Closure))
#32 C:\\xampp\\htdocs\\laravel\\MTB_HMS_Booking_System\\vendor\\laravel\\framework\\src\\Illuminate\\Http\\Middleware\\TrustProxies.php(58): Illuminate\\Pipeline\\Pipeline->Illuminate\\Pipeline\\{closure}(Object(Illuminate\\Http\\Request))
#33 C:\\xampp\\htdocs\\laravel\\MTB_HMS_Booking_System\\vendor\\laravel\\framework\\src\\Illuminate\\Pipeline\\Pipeline.php(183): Illuminate\\Http\\Middleware\\TrustProxies->handle(Object(Illuminate\\Http\\Request), Object(Closure))
#34 C:\\xampp\\htdocs\\laravel\\MTB_HMS_Booking_System\\vendor\\laravel\\framework\\src\\Illuminate\\Foundation\\Http\\Middleware\\InvokeDeferredCallbacks.php(22): Illuminate\\Pipeline\\Pipeline->Illuminate\\Pipeline\\{closure}(Object(Illuminate\\Http\\Request))
#35 C:\\xampp\\htdocs\\laravel\\MTB_HMS_Booking_System\\vendor\\laravel\\framework\\src\\Illuminate\\Pipeline\\Pipeline.php(183): Illuminate\\Foundation\\Http\\Middleware\\InvokeDeferredCallbacks->handle(Object(Illuminate\\Http\\Request), Object(Closure))
#36 C:\\xampp\\htdocs\\laravel\\MTB_HMS_Booking_System\\vendor\\laravel\\framework\\src\\Illuminate\\Pipeline\\Pipeline.php(119): Illuminate\\Pipeline\\Pipeline->Illuminate\\Pipeline\\{closure}(Object(Illuminate\\Http\\Request))
#37 C:\\xampp\\htdocs\\laravel\\MTB_HMS_Booking_System\\vendor\\laravel\\framework\\src\\Illuminate\\Foundation\\Http\\Kernel.php(176): Illuminate\\Pipeline\\Pipeline->then(Object(Closure))
#38 C:\\xampp\\htdocs\\laravel\\MTB_HMS_Booking_System\\vendor\\laravel\\framework\\src\\Illuminate\\Foundation\\Http\\Kernel.php(145): Illuminate\\Foundation\\Http\\Kernel->sendRequestThroughRouter(Object(Illuminate\\Http\\Request))
#39 C:\\xampp\\htdocs\\laravel\\MTB_HMS_Booking_System\\vendor\\laravel\\framework\\src\\Illuminate\\Foundation\\Application.php(1188): Illuminate\\Foundation\\Http\\Kernel->handle(Object(Illuminate\\Http\\Request))
#40 C:\\xampp\\htdocs\\laravel\\MTB_HMS_Booking_System\\public\\index.php(17): Illuminate\\Foundation\\Application->handleRequest(Object(Illuminate\\Http\\Request))
#41 C:\\xampp\\htdocs\\laravel\\MTB_HMS_Booking_System\\vendor\\laravel\\framework\\src\\Illuminate\\Foundation\\resources\\server.php(23): require_once('C:\\\\xampp\\\\htdocs...')
#42 {main}
"} 
[2025-04-21 12:32:08] local.ERROR: Uncaught Symfony\Component\Finder\Exception\DirectoryNotFoundException: The "C:\xampp\htdocs\laravel\MTB_HMS_Booking_System\MTB_Laravel\MTB_Booking_System\resources\views" directory does not exist. in C:\xampp\htdocs\laravel\MTB_HMS_Booking_System\vendor\symfony\finder\Finder.php:646
Stack trace:
#0 C:\xampp\htdocs\laravel\MTB_HMS_Booking_System\vendor\laravel\framework\src\Illuminate\Filesystem\Filesystem.php(584): Symfony\Component\Finder\Finder->in('C:\\xampp\\htdocs...')
#1 Command line code(1): Illuminate\Filesystem\Filesystem->files('C:\\xampp\\htdocs...')
#2 Command line code(1): getViews('C:\\xampp\\htdocs...', Object(Illuminate\Filesystem\Filesystem))
#3 {main}
  thrown {"exception":"[object] (Symfony\\Component\\ErrorHandler\\Error\\FatalError(code: 0): Uncaught Symfony\\Component\\Finder\\Exception\\DirectoryNotFoundException: The \"C:\\xampp\\htdocs\\laravel\\MTB_HMS_Booking_System\\MTB_Laravel\\MTB_Booking_System\\resources\\views\" directory does not exist. in C:\\xampp\\htdocs\\laravel\\MTB_HMS_Booking_System\\vendor\\symfony\\finder\\Finder.php:646
Stack trace:
#0 C:\\xampp\\htdocs\\laravel\\MTB_HMS_Booking_System\\vendor\\laravel\\framework\\src\\Illuminate\\Filesystem\\Filesystem.php(584): Symfony\\Component\\Finder\\Finder->in('C:\\\\xampp\\\\htdocs...')
#1 Command line code(1): Illuminate\\Filesystem\\Filesystem->files('C:\\\\xampp\\\\htdocs...')
#2 Command line code(1): getViews('C:\\\\xampp\\\\htdocs...', Object(Illuminate\\Filesystem\\Filesystem))
#3 {main}
  thrown at C:\\xampp\\htdocs\\laravel\\MTB_HMS_Booking_System\\vendor\\symfony\\finder\\Finder.php:646)
[stacktrace]
#0 {main}
"} 
[2025-04-21 12:32:12] local.ERROR: Uncaught Symfony\Component\Finder\Exception\DirectoryNotFoundException: The "C:\xampp\htdocs\laravel\MTB_HMS_Booking_System\MTB_Laravel\MTB_Booking_System\resources\views" directory does not exist. in C:\xampp\htdocs\laravel\MTB_HMS_Booking_System\vendor\symfony\finder\Finder.php:646
Stack trace:
#0 C:\xampp\htdocs\laravel\MTB_HMS_Booking_System\vendor\laravel\framework\src\Illuminate\Filesystem\Filesystem.php(584): Symfony\Component\Finder\Finder->in('C:\\xampp\\htdocs...')
#1 Command line code(1): Illuminate\Filesystem\Filesystem->files('C:\\xampp\\htdocs...')
#2 Command line code(1): getViews('C:\\xampp\\htdocs...', Object(Illuminate\Filesystem\Filesystem))
#3 {main}
  thrown {"exception":"[object] (Symfony\\Component\\ErrorHandler\\Error\\FatalError(code: 0): Uncaught Symfony\\Component\\Finder\\Exception\\DirectoryNotFoundException: The \"C:\\xampp\\htdocs\\laravel\\MTB_HMS_Booking_System\\MTB_Laravel\\MTB_Booking_System\\resources\\views\" directory does not exist. in C:\\xampp\\htdocs\\laravel\\MTB_HMS_Booking_System\\vendor\\symfony\\finder\\Finder.php:646
Stack trace:
#0 C:\\xampp\\htdocs\\laravel\\MTB_HMS_Booking_System\\vendor\\laravel\\framework\\src\\Illuminate\\Filesystem\\Filesystem.php(584): Symfony\\Component\\Finder\\Finder->in('C:\\\\xampp\\\\htdocs...')
#1 Command line code(1): Illuminate\\Filesystem\\Filesystem->files('C:\\\\xampp\\\\htdocs...')
#2 Command line code(1): getViews('C:\\\\xampp\\\\htdocs...', Object(Illuminate\\Filesystem\\Filesystem))
#3 {main}
  thrown at C:\\xampp\\htdocs\\laravel\\MTB_HMS_Booking_System\\vendor\\symfony\\finder\\Finder.php:646)
[stacktrace]
#0 {main}
"} 
[2025-04-21 12:32:13] local.ERROR: Uncaught Symfony\Component\Finder\Exception\DirectoryNotFoundException: The "C:\xampp\htdocs\laravel\MTB_HMS_Booking_System\MTB_Laravel\MTB_Booking_System\resources\views" directory does not exist. in C:\xampp\htdocs\laravel\MTB_HMS_Booking_System\vendor\symfony\finder\Finder.php:646
Stack trace:
#0 C:\xampp\htdocs\laravel\MTB_HMS_Booking_System\vendor\laravel\framework\src\Illuminate\Filesystem\Filesystem.php(584): Symfony\Component\Finder\Finder->in('C:\\xampp\\htdocs...')
#1 Command line code(1): Illuminate\Filesystem\Filesystem->files('C:\\xampp\\htdocs...')
#2 Command line code(1): getViews('C:\\xampp\\htdocs...', Object(Illuminate\Filesystem\Filesystem))
#3 {main}
  thrown {"exception":"[object] (Symfony\\Component\\ErrorHandler\\Error\\FatalError(code: 0): Uncaught Symfony\\Component\\Finder\\Exception\\DirectoryNotFoundException: The \"C:\\xampp\\htdocs\\laravel\\MTB_HMS_Booking_System\\MTB_Laravel\\MTB_Booking_System\\resources\\views\" directory does not exist. in C:\\xampp\\htdocs\\laravel\\MTB_HMS_Booking_System\\vendor\\symfony\\finder\\Finder.php:646
Stack trace:
#0 C:\\xampp\\htdocs\\laravel\\MTB_HMS_Booking_System\\vendor\\laravel\\framework\\src\\Illuminate\\Filesystem\\Filesystem.php(584): Symfony\\Component\\Finder\\Finder->in('C:\\\\xampp\\\\htdocs...')
#1 Command line code(1): Illuminate\\Filesystem\\Filesystem->files('C:\\\\xampp\\\\htdocs...')
#2 Command line code(1): getViews('C:\\\\xampp\\\\htdocs...', Object(Illuminate\\Filesystem\\Filesystem))
#3 {main}
  thrown at C:\\xampp\\htdocs\\laravel\\MTB_HMS_Booking_System\\vendor\\symfony\\finder\\Finder.php:646)
[stacktrace]
#0 {main}
"} 
[2025-04-21 12:32:14] local.ERROR: Uncaught Symfony\Component\Finder\Exception\DirectoryNotFoundException: The "C:\xampp\htdocs\laravel\MTB_HMS_Booking_System\MTB_Laravel\MTB_Booking_System\resources\views" directory does not exist. in C:\xampp\htdocs\laravel\MTB_HMS_Booking_System\vendor\symfony\finder\Finder.php:646
Stack trace:
#0 C:\xampp\htdocs\laravel\MTB_HMS_Booking_System\vendor\laravel\framework\src\Illuminate\Filesystem\Filesystem.php(584): Symfony\Component\Finder\Finder->in('C:\\xampp\\htdocs...')
#1 Command line code(1): Illuminate\Filesystem\Filesystem->files('C:\\xampp\\htdocs...')
#2 Command line code(1): getViews('C:\\xampp\\htdocs...', Object(Illuminate\Filesystem\Filesystem))
#3 {main}
  thrown {"exception":"[object] (Symfony\\Component\\ErrorHandler\\Error\\FatalError(code: 0): Uncaught Symfony\\Component\\Finder\\Exception\\DirectoryNotFoundException: The \"C:\\xampp\\htdocs\\laravel\\MTB_HMS_Booking_System\\MTB_Laravel\\MTB_Booking_System\\resources\\views\" directory does not exist. in C:\\xampp\\htdocs\\laravel\\MTB_HMS_Booking_System\\vendor\\symfony\\finder\\Finder.php:646
Stack trace:
#0 C:\\xampp\\htdocs\\laravel\\MTB_HMS_Booking_System\\vendor\\laravel\\framework\\src\\Illuminate\\Filesystem\\Filesystem.php(584): Symfony\\Component\\Finder\\Finder->in('C:\\\\xampp\\\\htdocs...')
#1 Command line code(1): Illuminate\\Filesystem\\Filesystem->files('C:\\\\xampp\\\\htdocs...')
#2 Command line code(1): getViews('C:\\\\xampp\\\\htdocs...', Object(Illuminate\\Filesystem\\Filesystem))
#3 {main}
  thrown at C:\\xampp\\htdocs\\laravel\\MTB_HMS_Booking_System\\vendor\\symfony\\finder\\Finder.php:646)
[stacktrace]
#0 {main}
"} 
[2025-04-21 12:32:16] local.ERROR: Uncaught Symfony\Component\Finder\Exception\DirectoryNotFoundException: The "C:\xampp\htdocs\laravel\MTB_HMS_Booking_System\MTB_Laravel\MTB_Booking_System\resources\views" directory does not exist. in C:\xampp\htdocs\laravel\MTB_HMS_Booking_System\vendor\symfony\finder\Finder.php:646
Stack trace:
#0 C:\xampp\htdocs\laravel\MTB_HMS_Booking_System\vendor\laravel\framework\src\Illuminate\Filesystem\Filesystem.php(584): Symfony\Component\Finder\Finder->in('C:\\xampp\\htdocs...')
#1 Command line code(1): Illuminate\Filesystem\Filesystem->files('C:\\xampp\\htdocs...')
#2 Command line code(1): getViews('C:\\xampp\\htdocs...', Object(Illuminate\Filesystem\Filesystem))
#3 {main}
  thrown {"exception":"[object] (Symfony\\Component\\ErrorHandler\\Error\\FatalError(code: 0): Uncaught Symfony\\Component\\Finder\\Exception\\DirectoryNotFoundException: The \"C:\\xampp\\htdocs\\laravel\\MTB_HMS_Booking_System\\MTB_Laravel\\MTB_Booking_System\\resources\\views\" directory does not exist. in C:\\xampp\\htdocs\\laravel\\MTB_HMS_Booking_System\\vendor\\symfony\\finder\\Finder.php:646
Stack trace:
#0 C:\\xampp\\htdocs\\laravel\\MTB_HMS_Booking_System\\vendor\\laravel\\framework\\src\\Illuminate\\Filesystem\\Filesystem.php(584): Symfony\\Component\\Finder\\Finder->in('C:\\\\xampp\\\\htdocs...')
#1 Command line code(1): Illuminate\\Filesystem\\Filesystem->files('C:\\\\xampp\\\\htdocs...')
#2 Command line code(1): getViews('C:\\\\xampp\\\\htdocs...', Object(Illuminate\\Filesystem\\Filesystem))
#3 {main}
  thrown at C:\\xampp\\htdocs\\laravel\\MTB_HMS_Booking_System\\vendor\\symfony\\finder\\Finder.php:646)
[stacktrace]
#0 {main}
"} 
[2025-04-21 12:32:17] local.ERROR: Uncaught Symfony\Component\Finder\Exception\DirectoryNotFoundException: The "C:\xampp\htdocs\laravel\MTB_HMS_Booking_System\MTB_Laravel\MTB_Booking_System\resources\views" directory does not exist. in C:\xampp\htdocs\laravel\MTB_HMS_Booking_System\vendor\symfony\finder\Finder.php:646
Stack trace:
#0 C:\xampp\htdocs\laravel\MTB_HMS_Booking_System\vendor\laravel\framework\src\Illuminate\Filesystem\Filesystem.php(584): Symfony\Component\Finder\Finder->in('C:\\xampp\\htdocs...')
#1 Command line code(1): Illuminate\Filesystem\Filesystem->files('C:\\xampp\\htdocs...')
#2 Command line code(1): getViews('C:\\xampp\\htdocs...', Object(Illuminate\Filesystem\Filesystem))
#3 {main}
  thrown {"exception":"[object] (Symfony\\Component\\ErrorHandler\\Error\\FatalError(code: 0): Uncaught Symfony\\Component\\Finder\\Exception\\DirectoryNotFoundException: The \"C:\\xampp\\htdocs\\laravel\\MTB_HMS_Booking_System\\MTB_Laravel\\MTB_Booking_System\\resources\\views\" directory does not exist. in C:\\xampp\\htdocs\\laravel\\MTB_HMS_Booking_System\\vendor\\symfony\\finder\\Finder.php:646
Stack trace:
#0 C:\\xampp\\htdocs\\laravel\\MTB_HMS_Booking_System\\vendor\\laravel\\framework\\src\\Illuminate\\Filesystem\\Filesystem.php(584): Symfony\\Component\\Finder\\Finder->in('C:\\\\xampp\\\\htdocs...')
#1 Command line code(1): Illuminate\\Filesystem\\Filesystem->files('C:\\\\xampp\\\\htdocs...')
#2 Command line code(1): getViews('C:\\\\xampp\\\\htdocs...', Object(Illuminate\\Filesystem\\Filesystem))
#3 {main}
  thrown at C:\\xampp\\htdocs\\laravel\\MTB_HMS_Booking_System\\vendor\\symfony\\finder\\Finder.php:646)
[stacktrace]
#0 {main}
"} 
[2025-04-21 12:32:19] local.ERROR: Uncaught Symfony\Component\Finder\Exception\DirectoryNotFoundException: The "C:\xampp\htdocs\laravel\MTB_HMS_Booking_System\MTB_Laravel\MTB_Booking_System\resources\views" directory does not exist. in C:\xampp\htdocs\laravel\MTB_HMS_Booking_System\vendor\symfony\finder\Finder.php:646
Stack trace:
#0 C:\xampp\htdocs\laravel\MTB_HMS_Booking_System\vendor\laravel\framework\src\Illuminate\Filesystem\Filesystem.php(584): Symfony\Component\Finder\Finder->in('C:\\xampp\\htdocs...')
#1 Command line code(1): Illuminate\Filesystem\Filesystem->files('C:\\xampp\\htdocs...')
#2 Command line code(1): getViews('C:\\xampp\\htdocs...', Object(Illuminate\Filesystem\Filesystem))
#3 {main}
  thrown {"exception":"[object] (Symfony\\Component\\ErrorHandler\\Error\\FatalError(code: 0): Uncaught Symfony\\Component\\Finder\\Exception\\DirectoryNotFoundException: The \"C:\\xampp\\htdocs\\laravel\\MTB_HMS_Booking_System\\MTB_Laravel\\MTB_Booking_System\\resources\\views\" directory does not exist. in C:\\xampp\\htdocs\\laravel\\MTB_HMS_Booking_System\\vendor\\symfony\\finder\\Finder.php:646
Stack trace:
#0 C:\\xampp\\htdocs\\laravel\\MTB_HMS_Booking_System\\vendor\\laravel\\framework\\src\\Illuminate\\Filesystem\\Filesystem.php(584): Symfony\\Component\\Finder\\Finder->in('C:\\\\xampp\\\\htdocs...')
#1 Command line code(1): Illuminate\\Filesystem\\Filesystem->files('C:\\\\xampp\\\\htdocs...')
#2 Command line code(1): getViews('C:\\\\xampp\\\\htdocs...', Object(Illuminate\\Filesystem\\Filesystem))
#3 {main}
  thrown at C:\\xampp\\htdocs\\laravel\\MTB_HMS_Booking_System\\vendor\\symfony\\finder\\Finder.php:646)
[stacktrace]
#0 {main}
"} 
[2025-04-21 12:32:21] local.ERROR: Uncaught Symfony\Component\Finder\Exception\DirectoryNotFoundException: The "C:\xampp\htdocs\laravel\MTB_HMS_Booking_System\MTB_Laravel\MTB_Booking_System\resources\views" directory does not exist. in C:\xampp\htdocs\laravel\MTB_HMS_Booking_System\vendor\symfony\finder\Finder.php:646
Stack trace:
#0 C:\xampp\htdocs\laravel\MTB_HMS_Booking_System\vendor\laravel\framework\src\Illuminate\Filesystem\Filesystem.php(584): Symfony\Component\Finder\Finder->in('C:\\xampp\\htdocs...')
#1 Command line code(1): Illuminate\Filesystem\Filesystem->files('C:\\xampp\\htdocs...')
#2 Command line code(1): getViews('C:\\xampp\\htdocs...', Object(Illuminate\Filesystem\Filesystem))
#3 {main}
  thrown {"exception":"[object] (Symfony\\Component\\ErrorHandler\\Error\\FatalError(code: 0): Uncaught Symfony\\Component\\Finder\\Exception\\DirectoryNotFoundException: The \"C:\\xampp\\htdocs\\laravel\\MTB_HMS_Booking_System\\MTB_Laravel\\MTB_Booking_System\\resources\\views\" directory does not exist. in C:\\xampp\\htdocs\\laravel\\MTB_HMS_Booking_System\\vendor\\symfony\\finder\\Finder.php:646
Stack trace:
#0 C:\\xampp\\htdocs\\laravel\\MTB_HMS_Booking_System\\vendor\\laravel\\framework\\src\\Illuminate\\Filesystem\\Filesystem.php(584): Symfony\\Component\\Finder\\Finder->in('C:\\\\xampp\\\\htdocs...')
#1 Command line code(1): Illuminate\\Filesystem\\Filesystem->files('C:\\\\xampp\\\\htdocs...')
#2 Command line code(1): getViews('C:\\\\xampp\\\\htdocs...', Object(Illuminate\\Filesystem\\Filesystem))
#3 {main}
  thrown at C:\\xampp\\htdocs\\laravel\\MTB_HMS_Booking_System\\vendor\\symfony\\finder\\Finder.php:646)
[stacktrace]
#0 {main}
"} 
[2025-04-21 12:32:22] local.ERROR: Uncaught Symfony\Component\Finder\Exception\DirectoryNotFoundException: The "C:\xampp\htdocs\laravel\MTB_HMS_Booking_System\MTB_Laravel\MTB_Booking_System\resources\views" directory does not exist. in C:\xampp\htdocs\laravel\MTB_HMS_Booking_System\vendor\symfony\finder\Finder.php:646
Stack trace:
#0 C:\xampp\htdocs\laravel\MTB_HMS_Booking_System\vendor\laravel\framework\src\Illuminate\Filesystem\Filesystem.php(584): Symfony\Component\Finder\Finder->in('C:\\xampp\\htdocs...')
#1 Command line code(1): Illuminate\Filesystem\Filesystem->files('C:\\xampp\\htdocs...')
#2 Command line code(1): getViews('C:\\xampp\\htdocs...', Object(Illuminate\Filesystem\Filesystem))
#3 {main}
  thrown {"exception":"[object] (Symfony\\Component\\ErrorHandler\\Error\\FatalError(code: 0): Uncaught Symfony\\Component\\Finder\\Exception\\DirectoryNotFoundException: The \"C:\\xampp\\htdocs\\laravel\\MTB_HMS_Booking_System\\MTB_Laravel\\MTB_Booking_System\\resources\\views\" directory does not exist. in C:\\xampp\\htdocs\\laravel\\MTB_HMS_Booking_System\\vendor\\symfony\\finder\\Finder.php:646
Stack trace:
#0 C:\\xampp\\htdocs\\laravel\\MTB_HMS_Booking_System\\vendor\\laravel\\framework\\src\\Illuminate\\Filesystem\\Filesystem.php(584): Symfony\\Component\\Finder\\Finder->in('C:\\\\xampp\\\\htdocs...')
#1 Command line code(1): Illuminate\\Filesystem\\Filesystem->files('C:\\\\xampp\\\\htdocs...')
#2 Command line code(1): getViews('C:\\\\xampp\\\\htdocs...', Object(Illuminate\\Filesystem\\Filesystem))
#3 {main}
  thrown at C:\\xampp\\htdocs\\laravel\\MTB_HMS_Booking_System\\vendor\\symfony\\finder\\Finder.php:646)
[stacktrace]
#0 {main}
"} 
[2025-04-21 12:32:24] local.ERROR: Uncaught Symfony\Component\Finder\Exception\DirectoryNotFoundException: The "C:\xampp\htdocs\laravel\MTB_HMS_Booking_System\MTB_Laravel\MTB_Booking_System\resources\views" directory does not exist. in C:\xampp\htdocs\laravel\MTB_HMS_Booking_System\vendor\symfony\finder\Finder.php:646
Stack trace:
#0 C:\xampp\htdocs\laravel\MTB_HMS_Booking_System\vendor\laravel\framework\src\Illuminate\Filesystem\Filesystem.php(584): Symfony\Component\Finder\Finder->in('C:\\xampp\\htdocs...')
#1 Command line code(1): Illuminate\Filesystem\Filesystem->files('C:\\xampp\\htdocs...')
#2 Command line code(1): getViews('C:\\xampp\\htdocs...', Object(Illuminate\Filesystem\Filesystem))
#3 {main}
  thrown {"exception":"[object] (Symfony\\Component\\ErrorHandler\\Error\\FatalError(code: 0): Uncaught Symfony\\Component\\Finder\\Exception\\DirectoryNotFoundException: The \"C:\\xampp\\htdocs\\laravel\\MTB_HMS_Booking_System\\MTB_Laravel\\MTB_Booking_System\\resources\\views\" directory does not exist. in C:\\xampp\\htdocs\\laravel\\MTB_HMS_Booking_System\\vendor\\symfony\\finder\\Finder.php:646
Stack trace:
#0 C:\\xampp\\htdocs\\laravel\\MTB_HMS_Booking_System\\vendor\\laravel\\framework\\src\\Illuminate\\Filesystem\\Filesystem.php(584): Symfony\\Component\\Finder\\Finder->in('C:\\\\xampp\\\\htdocs...')
#1 Command line code(1): Illuminate\\Filesystem\\Filesystem->files('C:\\\\xampp\\\\htdocs...')
#2 Command line code(1): getViews('C:\\\\xampp\\\\htdocs...', Object(Illuminate\\Filesystem\\Filesystem))
#3 {main}
  thrown at C:\\xampp\\htdocs\\laravel\\MTB_HMS_Booking_System\\vendor\\symfony\\finder\\Finder.php:646)
[stacktrace]
#0 {main}
"} 
[2025-04-21 12:32:27] local.ERROR: Uncaught Symfony\Component\Finder\Exception\DirectoryNotFoundException: The "C:\xampp\htdocs\laravel\MTB_HMS_Booking_System\MTB_Laravel\MTB_Booking_System\resources\views" directory does not exist. in C:\xampp\htdocs\laravel\MTB_HMS_Booking_System\vendor\symfony\finder\Finder.php:646
Stack trace:
#0 C:\xampp\htdocs\laravel\MTB_HMS_Booking_System\vendor\laravel\framework\src\Illuminate\Filesystem\Filesystem.php(584): Symfony\Component\Finder\Finder->in('C:\\xampp\\htdocs...')
#1 Command line code(1): Illuminate\Filesystem\Filesystem->files('C:\\xampp\\htdocs...')
#2 Command line code(1): getViews('C:\\xampp\\htdocs...', Object(Illuminate\Filesystem\Filesystem))
#3 {main}
  thrown {"exception":"[object] (Symfony\\Component\\ErrorHandler\\Error\\FatalError(code: 0): Uncaught Symfony\\Component\\Finder\\Exception\\DirectoryNotFoundException: The \"C:\\xampp\\htdocs\\laravel\\MTB_HMS_Booking_System\\MTB_Laravel\\MTB_Booking_System\\resources\\views\" directory does not exist. in C:\\xampp\\htdocs\\laravel\\MTB_HMS_Booking_System\\vendor\\symfony\\finder\\Finder.php:646
Stack trace:
#0 C:\\xampp\\htdocs\\laravel\\MTB_HMS_Booking_System\\vendor\\laravel\\framework\\src\\Illuminate\\Filesystem\\Filesystem.php(584): Symfony\\Component\\Finder\\Finder->in('C:\\\\xampp\\\\htdocs...')
#1 Command line code(1): Illuminate\\Filesystem\\Filesystem->files('C:\\\\xampp\\\\htdocs...')
#2 Command line code(1): getViews('C:\\\\xampp\\\\htdocs...', Object(Illuminate\\Filesystem\\Filesystem))
#3 {main}
  thrown at C:\\xampp\\htdocs\\laravel\\MTB_HMS_Booking_System\\vendor\\symfony\\finder\\Finder.php:646)
[stacktrace]
#0 {main}
"} 
[2025-04-21 12:32:28] local.ERROR: Uncaught Symfony\Component\Finder\Exception\DirectoryNotFoundException: The "C:\xampp\htdocs\laravel\MTB_HMS_Booking_System\MTB_Laravel\MTB_Booking_System\resources\views" directory does not exist. in C:\xampp\htdocs\laravel\MTB_HMS_Booking_System\vendor\symfony\finder\Finder.php:646
Stack trace:
#0 C:\xampp\htdocs\laravel\MTB_HMS_Booking_System\vendor\laravel\framework\src\Illuminate\Filesystem\Filesystem.php(584): Symfony\Component\Finder\Finder->in('C:\\xampp\\htdocs...')
#1 Command line code(1): Illuminate\Filesystem\Filesystem->files('C:\\xampp\\htdocs...')
#2 Command line code(1): getViews('C:\\xampp\\htdocs...', Object(Illuminate\Filesystem\Filesystem))
#3 {main}
  thrown {"exception":"[object] (Symfony\\Component\\ErrorHandler\\Error\\FatalError(code: 0): Uncaught Symfony\\Component\\Finder\\Exception\\DirectoryNotFoundException: The \"C:\\xampp\\htdocs\\laravel\\MTB_HMS_Booking_System\\MTB_Laravel\\MTB_Booking_System\\resources\\views\" directory does not exist. in C:\\xampp\\htdocs\\laravel\\MTB_HMS_Booking_System\\vendor\\symfony\\finder\\Finder.php:646
Stack trace:
#0 C:\\xampp\\htdocs\\laravel\\MTB_HMS_Booking_System\\vendor\\laravel\\framework\\src\\Illuminate\\Filesystem\\Filesystem.php(584): Symfony\\Component\\Finder\\Finder->in('C:\\\\xampp\\\\htdocs...')
#1 Command line code(1): Illuminate\\Filesystem\\Filesystem->files('C:\\\\xampp\\\\htdocs...')
#2 Command line code(1): getViews('C:\\\\xampp\\\\htdocs...', Object(Illuminate\\Filesystem\\Filesystem))
#3 {main}
  thrown at C:\\xampp\\htdocs\\laravel\\MTB_HMS_Booking_System\\vendor\\symfony\\finder\\Finder.php:646)
[stacktrace]
#0 {main}
"} 
[2025-04-21 12:32:29] local.ERROR: Uncaught Symfony\Component\Finder\Exception\DirectoryNotFoundException: The "C:\xampp\htdocs\laravel\MTB_HMS_Booking_System\MTB_Laravel\MTB_Booking_System\resources\views" directory does not exist. in C:\xampp\htdocs\laravel\MTB_HMS_Booking_System\vendor\symfony\finder\Finder.php:646
Stack trace:
#0 C:\xampp\htdocs\laravel\MTB_HMS_Booking_System\vendor\laravel\framework\src\Illuminate\Filesystem\Filesystem.php(584): Symfony\Component\Finder\Finder->in('C:\\xampp\\htdocs...')
#1 Command line code(1): Illuminate\Filesystem\Filesystem->files('C:\\xampp\\htdocs...')
#2 Command line code(1): getViews('C:\\xampp\\htdocs...', Object(Illuminate\Filesystem\Filesystem))
#3 {main}
  thrown {"exception":"[object] (Symfony\\Component\\ErrorHandler\\Error\\FatalError(code: 0): Uncaught Symfony\\Component\\Finder\\Exception\\DirectoryNotFoundException: The \"C:\\xampp\\htdocs\\laravel\\MTB_HMS_Booking_System\\MTB_Laravel\\MTB_Booking_System\\resources\\views\" directory does not exist. in C:\\xampp\\htdocs\\laravel\\MTB_HMS_Booking_System\\vendor\\symfony\\finder\\Finder.php:646
Stack trace:
#0 C:\\xampp\\htdocs\\laravel\\MTB_HMS_Booking_System\\vendor\\laravel\\framework\\src\\Illuminate\\Filesystem\\Filesystem.php(584): Symfony\\Component\\Finder\\Finder->in('C:\\\\xampp\\\\htdocs...')
#1 Command line code(1): Illuminate\\Filesystem\\Filesystem->files('C:\\\\xampp\\\\htdocs...')
#2 Command line code(1): getViews('C:\\\\xampp\\\\htdocs...', Object(Illuminate\\Filesystem\\Filesystem))
#3 {main}
  thrown at C:\\xampp\\htdocs\\laravel\\MTB_HMS_Booking_System\\vendor\\symfony\\finder\\Finder.php:646)
[stacktrace]
#0 {main}
"} 
[2025-04-21 12:32:31] local.ERROR: Uncaught Symfony\Component\Finder\Exception\DirectoryNotFoundException: The "C:\xampp\htdocs\laravel\MTB_HMS_Booking_System\MTB_Laravel\MTB_Booking_System\resources\views" directory does not exist. in C:\xampp\htdocs\laravel\MTB_HMS_Booking_System\vendor\symfony\finder\Finder.php:646
Stack trace:
#0 C:\xampp\htdocs\laravel\MTB_HMS_Booking_System\vendor\laravel\framework\src\Illuminate\Filesystem\Filesystem.php(584): Symfony\Component\Finder\Finder->in('C:\\xampp\\htdocs...')
#1 Command line code(1): Illuminate\Filesystem\Filesystem->files('C:\\xampp\\htdocs...')
#2 Command line code(1): getViews('C:\\xampp\\htdocs...', Object(Illuminate\Filesystem\Filesystem))
#3 {main}
  thrown {"exception":"[object] (Symfony\\Component\\ErrorHandler\\Error\\FatalError(code: 0): Uncaught Symfony\\Component\\Finder\\Exception\\DirectoryNotFoundException: The \"C:\\xampp\\htdocs\\laravel\\MTB_HMS_Booking_System\\MTB_Laravel\\MTB_Booking_System\\resources\\views\" directory does not exist. in C:\\xampp\\htdocs\\laravel\\MTB_HMS_Booking_System\\vendor\\symfony\\finder\\Finder.php:646
Stack trace:
#0 C:\\xampp\\htdocs\\laravel\\MTB_HMS_Booking_System\\vendor\\laravel\\framework\\src\\Illuminate\\Filesystem\\Filesystem.php(584): Symfony\\Component\\Finder\\Finder->in('C:\\\\xampp\\\\htdocs...')
#1 Command line code(1): Illuminate\\Filesystem\\Filesystem->files('C:\\\\xampp\\\\htdocs...')
#2 Command line code(1): getViews('C:\\\\xampp\\\\htdocs...', Object(Illuminate\\Filesystem\\Filesystem))
#3 {main}
  thrown at C:\\xampp\\htdocs\\laravel\\MTB_HMS_Booking_System\\vendor\\symfony\\finder\\Finder.php:646)
[stacktrace]
#0 {main}
"} 
[2025-04-21 12:32:32] local.ERROR: Uncaught Symfony\Component\Finder\Exception\DirectoryNotFoundException: The "C:\xampp\htdocs\laravel\MTB_HMS_Booking_System\MTB_Laravel\MTB_Booking_System\resources\views" directory does not exist. in C:\xampp\htdocs\laravel\MTB_HMS_Booking_System\vendor\symfony\finder\Finder.php:646
Stack trace:
#0 C:\xampp\htdocs\laravel\MTB_HMS_Booking_System\vendor\laravel\framework\src\Illuminate\Filesystem\Filesystem.php(584): Symfony\Component\Finder\Finder->in('C:\\xampp\\htdocs...')
#1 Command line code(1): Illuminate\Filesystem\Filesystem->files('C:\\xampp\\htdocs...')
#2 Command line code(1): getViews('C:\\xampp\\htdocs...', Object(Illuminate\Filesystem\Filesystem))
#3 {main}
  thrown {"exception":"[object] (Symfony\\Component\\ErrorHandler\\Error\\FatalError(code: 0): Uncaught Symfony\\Component\\Finder\\Exception\\DirectoryNotFoundException: The \"C:\\xampp\\htdocs\\laravel\\MTB_HMS_Booking_System\\MTB_Laravel\\MTB_Booking_System\\resources\\views\" directory does not exist. in C:\\xampp\\htdocs\\laravel\\MTB_HMS_Booking_System\\vendor\\symfony\\finder\\Finder.php:646
Stack trace:
#0 C:\\xampp\\htdocs\\laravel\\MTB_HMS_Booking_System\\vendor\\laravel\\framework\\src\\Illuminate\\Filesystem\\Filesystem.php(584): Symfony\\Component\\Finder\\Finder->in('C:\\\\xampp\\\\htdocs...')
#1 Command line code(1): Illuminate\\Filesystem\\Filesystem->files('C:\\\\xampp\\\\htdocs...')
#2 Command line code(1): getViews('C:\\\\xampp\\\\htdocs...', Object(Illuminate\\Filesystem\\Filesystem))
#3 {main}
  thrown at C:\\xampp\\htdocs\\laravel\\MTB_HMS_Booking_System\\vendor\\symfony\\finder\\Finder.php:646)
[stacktrace]
#0 {main}
"} 
[2025-04-21 12:32:33] local.ERROR: Uncaught Symfony\Component\Finder\Exception\DirectoryNotFoundException: The "C:\xampp\htdocs\laravel\MTB_HMS_Booking_System\MTB_Laravel\MTB_Booking_System\resources\views" directory does not exist. in C:\xampp\htdocs\laravel\MTB_HMS_Booking_System\vendor\symfony\finder\Finder.php:646
Stack trace:
#0 C:\xampp\htdocs\laravel\MTB_HMS_Booking_System\vendor\laravel\framework\src\Illuminate\Filesystem\Filesystem.php(584): Symfony\Component\Finder\Finder->in('C:\\xampp\\htdocs...')
#1 Command line code(1): Illuminate\Filesystem\Filesystem->files('C:\\xampp\\htdocs...')
#2 Command line code(1): getViews('C:\\xampp\\htdocs...', Object(Illuminate\Filesystem\Filesystem))
#3 {main}
  thrown {"exception":"[object] (Symfony\\Component\\ErrorHandler\\Error\\FatalError(code: 0): Uncaught Symfony\\Component\\Finder\\Exception\\DirectoryNotFoundException: The \"C:\\xampp\\htdocs\\laravel\\MTB_HMS_Booking_System\\MTB_Laravel\\MTB_Booking_System\\resources\\views\" directory does not exist. in C:\\xampp\\htdocs\\laravel\\MTB_HMS_Booking_System\\vendor\\symfony\\finder\\Finder.php:646
Stack trace:
#0 C:\\xampp\\htdocs\\laravel\\MTB_HMS_Booking_System\\vendor\\laravel\\framework\\src\\Illuminate\\Filesystem\\Filesystem.php(584): Symfony\\Component\\Finder\\Finder->in('C:\\\\xampp\\\\htdocs...')
#1 Command line code(1): Illuminate\\Filesystem\\Filesystem->files('C:\\\\xampp\\\\htdocs...')
#2 Command line code(1): getViews('C:\\\\xampp\\\\htdocs...', Object(Illuminate\\Filesystem\\Filesystem))
#3 {main}
  thrown at C:\\xampp\\htdocs\\laravel\\MTB_HMS_Booking_System\\vendor\\symfony\\finder\\Finder.php:646)
[stacktrace]
#0 {main}
"} 
[2025-04-21 12:32:34] local.ERROR: Uncaught Symfony\Component\Finder\Exception\DirectoryNotFoundException: The "C:\xampp\htdocs\laravel\MTB_HMS_Booking_System\MTB_Laravel\MTB_Booking_System\resources\views" directory does not exist. in C:\xampp\htdocs\laravel\MTB_HMS_Booking_System\vendor\symfony\finder\Finder.php:646
Stack trace:
#0 C:\xampp\htdocs\laravel\MTB_HMS_Booking_System\vendor\laravel\framework\src\Illuminate\Filesystem\Filesystem.php(584): Symfony\Component\Finder\Finder->in('C:\\xampp\\htdocs...')
#1 Command line code(1): Illuminate\Filesystem\Filesystem->files('C:\\xampp\\htdocs...')
#2 Command line code(1): getViews('C:\\xampp\\htdocs...', Object(Illuminate\Filesystem\Filesystem))
#3 {main}
  thrown {"exception":"[object] (Symfony\\Component\\ErrorHandler\\Error\\FatalError(code: 0): Uncaught Symfony\\Component\\Finder\\Exception\\DirectoryNotFoundException: The \"C:\\xampp\\htdocs\\laravel\\MTB_HMS_Booking_System\\MTB_Laravel\\MTB_Booking_System\\resources\\views\" directory does not exist. in C:\\xampp\\htdocs\\laravel\\MTB_HMS_Booking_System\\vendor\\symfony\\finder\\Finder.php:646
Stack trace:
#0 C:\\xampp\\htdocs\\laravel\\MTB_HMS_Booking_System\\vendor\\laravel\\framework\\src\\Illuminate\\Filesystem\\Filesystem.php(584): Symfony\\Component\\Finder\\Finder->in('C:\\\\xampp\\\\htdocs...')
#1 Command line code(1): Illuminate\\Filesystem\\Filesystem->files('C:\\\\xampp\\\\htdocs...')
#2 Command line code(1): getViews('C:\\\\xampp\\\\htdocs...', Object(Illuminate\\Filesystem\\Filesystem))
#3 {main}
  thrown at C:\\xampp\\htdocs\\laravel\\MTB_HMS_Booking_System\\vendor\\symfony\\finder\\Finder.php:646)
[stacktrace]
#0 {main}
"} 
[2025-04-21 12:32:36] local.ERROR: Uncaught Symfony\Component\Finder\Exception\DirectoryNotFoundException: The "C:\xampp\htdocs\laravel\MTB_HMS_Booking_System\MTB_Laravel\MTB_Booking_System\resources\views" directory does not exist. in C:\xampp\htdocs\laravel\MTB_HMS_Booking_System\vendor\symfony\finder\Finder.php:646
Stack trace:
#0 C:\xampp\htdocs\laravel\MTB_HMS_Booking_System\vendor\laravel\framework\src\Illuminate\Filesystem\Filesystem.php(584): Symfony\Component\Finder\Finder->in('C:\\xampp\\htdocs...')
#1 Command line code(1): Illuminate\Filesystem\Filesystem->files('C:\\xampp\\htdocs...')
#2 Command line code(1): getViews('C:\\xampp\\htdocs...', Object(Illuminate\Filesystem\Filesystem))
#3 {main}
  thrown {"exception":"[object] (Symfony\\Component\\ErrorHandler\\Error\\FatalError(code: 0): Uncaught Symfony\\Component\\Finder\\Exception\\DirectoryNotFoundException: The \"C:\\xampp\\htdocs\\laravel\\MTB_HMS_Booking_System\\MTB_Laravel\\MTB_Booking_System\\resources\\views\" directory does not exist. in C:\\xampp\\htdocs\\laravel\\MTB_HMS_Booking_System\\vendor\\symfony\\finder\\Finder.php:646
Stack trace:
#0 C:\\xampp\\htdocs\\laravel\\MTB_HMS_Booking_System\\vendor\\laravel\\framework\\src\\Illuminate\\Filesystem\\Filesystem.php(584): Symfony\\Component\\Finder\\Finder->in('C:\\\\xampp\\\\htdocs...')
#1 Command line code(1): Illuminate\\Filesystem\\Filesystem->files('C:\\\\xampp\\\\htdocs...')
#2 Command line code(1): getViews('C:\\\\xampp\\\\htdocs...', Object(Illuminate\\Filesystem\\Filesystem))
#3 {main}
  thrown at C:\\xampp\\htdocs\\laravel\\MTB_HMS_Booking_System\\vendor\\symfony\\finder\\Finder.php:646)
[stacktrace]
#0 {main}
"} 
[2025-04-21 12:32:37] local.ERROR: Uncaught Symfony\Component\Finder\Exception\DirectoryNotFoundException: The "C:\xampp\htdocs\laravel\MTB_HMS_Booking_System\MTB_Laravel\MTB_Booking_System\resources\views" directory does not exist. in C:\xampp\htdocs\laravel\MTB_HMS_Booking_System\vendor\symfony\finder\Finder.php:646
Stack trace:
#0 C:\xampp\htdocs\laravel\MTB_HMS_Booking_System\vendor\laravel\framework\src\Illuminate\Filesystem\Filesystem.php(584): Symfony\Component\Finder\Finder->in('C:\\xampp\\htdocs...')
#1 Command line code(1): Illuminate\Filesystem\Filesystem->files('C:\\xampp\\htdocs...')
#2 Command line code(1): getViews('C:\\xampp\\htdocs...', Object(Illuminate\Filesystem\Filesystem))
#3 {main}
  thrown {"exception":"[object] (Symfony\\Component\\ErrorHandler\\Error\\FatalError(code: 0): Uncaught Symfony\\Component\\Finder\\Exception\\DirectoryNotFoundException: The \"C:\\xampp\\htdocs\\laravel\\MTB_HMS_Booking_System\\MTB_Laravel\\MTB_Booking_System\\resources\\views\" directory does not exist. in C:\\xampp\\htdocs\\laravel\\MTB_HMS_Booking_System\\vendor\\symfony\\finder\\Finder.php:646
Stack trace:
#0 C:\\xampp\\htdocs\\laravel\\MTB_HMS_Booking_System\\vendor\\laravel\\framework\\src\\Illuminate\\Filesystem\\Filesystem.php(584): Symfony\\Component\\Finder\\Finder->in('C:\\\\xampp\\\\htdocs...')
#1 Command line code(1): Illuminate\\Filesystem\\Filesystem->files('C:\\\\xampp\\\\htdocs...')
#2 Command line code(1): getViews('C:\\\\xampp\\\\htdocs...', Object(Illuminate\\Filesystem\\Filesystem))
#3 {main}
  thrown at C:\\xampp\\htdocs\\laravel\\MTB_HMS_Booking_System\\vendor\\symfony\\finder\\Finder.php:646)
[stacktrace]
#0 {main}
"} 
[2025-04-21 12:32:39] local.ERROR: Uncaught Symfony\Component\Finder\Exception\DirectoryNotFoundException: The "C:\xampp\htdocs\laravel\MTB_HMS_Booking_System\MTB_Laravel\MTB_Booking_System\resources\views" directory does not exist. in C:\xampp\htdocs\laravel\MTB_HMS_Booking_System\vendor\symfony\finder\Finder.php:646
Stack trace:
#0 C:\xampp\htdocs\laravel\MTB_HMS_Booking_System\vendor\laravel\framework\src\Illuminate\Filesystem\Filesystem.php(584): Symfony\Component\Finder\Finder->in('C:\\xampp\\htdocs...')
#1 Command line code(1): Illuminate\Filesystem\Filesystem->files('C:\\xampp\\htdocs...')
#2 Command line code(1): getViews('C:\\xampp\\htdocs...', Object(Illuminate\Filesystem\Filesystem))
#3 {main}
  thrown {"exception":"[object] (Symfony\\Component\\ErrorHandler\\Error\\FatalError(code: 0): Uncaught Symfony\\Component\\Finder\\Exception\\DirectoryNotFoundException: The \"C:\\xampp\\htdocs\\laravel\\MTB_HMS_Booking_System\\MTB_Laravel\\MTB_Booking_System\\resources\\views\" directory does not exist. in C:\\xampp\\htdocs\\laravel\\MTB_HMS_Booking_System\\vendor\\symfony\\finder\\Finder.php:646
Stack trace:
#0 C:\\xampp\\htdocs\\laravel\\MTB_HMS_Booking_System\\vendor\\laravel\\framework\\src\\Illuminate\\Filesystem\\Filesystem.php(584): Symfony\\Component\\Finder\\Finder->in('C:\\\\xampp\\\\htdocs...')
#1 Command line code(1): Illuminate\\Filesystem\\Filesystem->files('C:\\\\xampp\\\\htdocs...')
#2 Command line code(1): getViews('C:\\\\xampp\\\\htdocs...', Object(Illuminate\\Filesystem\\Filesystem))
#3 {main}
  thrown at C:\\xampp\\htdocs\\laravel\\MTB_HMS_Booking_System\\vendor\\symfony\\finder\\Finder.php:646)
[stacktrace]
#0 {main}
"} 
[2025-04-21 12:32:41] local.ERROR: Uncaught Symfony\Component\Finder\Exception\DirectoryNotFoundException: The "C:\xampp\htdocs\laravel\MTB_HMS_Booking_System\MTB_Laravel\MTB_Booking_System\resources\views" directory does not exist. in C:\xampp\htdocs\laravel\MTB_HMS_Booking_System\vendor\symfony\finder\Finder.php:646
Stack trace:
#0 C:\xampp\htdocs\laravel\MTB_HMS_Booking_System\vendor\laravel\framework\src\Illuminate\Filesystem\Filesystem.php(584): Symfony\Component\Finder\Finder->in('C:\\xampp\\htdocs...')
#1 Command line code(1): Illuminate\Filesystem\Filesystem->files('C:\\xampp\\htdocs...')
#2 Command line code(1): getViews('C:\\xampp\\htdocs...', Object(Illuminate\Filesystem\Filesystem))
#3 {main}
  thrown {"exception":"[object] (Symfony\\Component\\ErrorHandler\\Error\\FatalError(code: 0): Uncaught Symfony\\Component\\Finder\\Exception\\DirectoryNotFoundException: The \"C:\\xampp\\htdocs\\laravel\\MTB_HMS_Booking_System\\MTB_Laravel\\MTB_Booking_System\\resources\\views\" directory does not exist. in C:\\xampp\\htdocs\\laravel\\MTB_HMS_Booking_System\\vendor\\symfony\\finder\\Finder.php:646
Stack trace:
#0 C:\\xampp\\htdocs\\laravel\\MTB_HMS_Booking_System\\vendor\\laravel\\framework\\src\\Illuminate\\Filesystem\\Filesystem.php(584): Symfony\\Component\\Finder\\Finder->in('C:\\\\xampp\\\\htdocs...')
#1 Command line code(1): Illuminate\\Filesystem\\Filesystem->files('C:\\\\xampp\\\\htdocs...')
#2 Command line code(1): getViews('C:\\\\xampp\\\\htdocs...', Object(Illuminate\\Filesystem\\Filesystem))
#3 {main}
  thrown at C:\\xampp\\htdocs\\laravel\\MTB_HMS_Booking_System\\vendor\\symfony\\finder\\Finder.php:646)
[stacktrace]
#0 {main}
"} 
[2025-04-21 12:32:42] local.ERROR: Uncaught Symfony\Component\Finder\Exception\DirectoryNotFoundException: The "C:\xampp\htdocs\laravel\MTB_HMS_Booking_System\MTB_Laravel\MTB_Booking_System\resources\views" directory does not exist. in C:\xampp\htdocs\laravel\MTB_HMS_Booking_System\vendor\symfony\finder\Finder.php:646
Stack trace:
#0 C:\xampp\htdocs\laravel\MTB_HMS_Booking_System\vendor\laravel\framework\src\Illuminate\Filesystem\Filesystem.php(584): Symfony\Component\Finder\Finder->in('C:\\xampp\\htdocs...')
#1 Command line code(1): Illuminate\Filesystem\Filesystem->files('C:\\xampp\\htdocs...')
#2 Command line code(1): getViews('C:\\xampp\\htdocs...', Object(Illuminate\Filesystem\Filesystem))
#3 {main}
  thrown {"exception":"[object] (Symfony\\Component\\ErrorHandler\\Error\\FatalError(code: 0): Uncaught Symfony\\Component\\Finder\\Exception\\DirectoryNotFoundException: The \"C:\\xampp\\htdocs\\laravel\\MTB_HMS_Booking_System\\MTB_Laravel\\MTB_Booking_System\\resources\\views\" directory does not exist. in C:\\xampp\\htdocs\\laravel\\MTB_HMS_Booking_System\\vendor\\symfony\\finder\\Finder.php:646
Stack trace:
#0 C:\\xampp\\htdocs\\laravel\\MTB_HMS_Booking_System\\vendor\\laravel\\framework\\src\\Illuminate\\Filesystem\\Filesystem.php(584): Symfony\\Component\\Finder\\Finder->in('C:\\\\xampp\\\\htdocs...')
#1 Command line code(1): Illuminate\\Filesystem\\Filesystem->files('C:\\\\xampp\\\\htdocs...')
#2 Command line code(1): getViews('C:\\\\xampp\\\\htdocs...', Object(Illuminate\\Filesystem\\Filesystem))
#3 {main}
  thrown at C:\\xampp\\htdocs\\laravel\\MTB_HMS_Booking_System\\vendor\\symfony\\finder\\Finder.php:646)
[stacktrace]
#0 {main}
"} 
[2025-04-21 12:32:43] local.ERROR: Uncaught Symfony\Component\Finder\Exception\DirectoryNotFoundException: The "C:\xampp\htdocs\laravel\MTB_HMS_Booking_System\MTB_Laravel\MTB_Booking_System\resources\views" directory does not exist. in C:\xampp\htdocs\laravel\MTB_HMS_Booking_System\vendor\symfony\finder\Finder.php:646
Stack trace:
#0 C:\xampp\htdocs\laravel\MTB_HMS_Booking_System\vendor\laravel\framework\src\Illuminate\Filesystem\Filesystem.php(584): Symfony\Component\Finder\Finder->in('C:\\xampp\\htdocs...')
#1 Command line code(1): Illuminate\Filesystem\Filesystem->files('C:\\xampp\\htdocs...')
#2 Command line code(1): getViews('C:\\xampp\\htdocs...', Object(Illuminate\Filesystem\Filesystem))
#3 {main}
  thrown {"exception":"[object] (Symfony\\Component\\ErrorHandler\\Error\\FatalError(code: 0): Uncaught Symfony\\Component\\Finder\\Exception\\DirectoryNotFoundException: The \"C:\\xampp\\htdocs\\laravel\\MTB_HMS_Booking_System\\MTB_Laravel\\MTB_Booking_System\\resources\\views\" directory does not exist. in C:\\xampp\\htdocs\\laravel\\MTB_HMS_Booking_System\\vendor\\symfony\\finder\\Finder.php:646
Stack trace:
#0 C:\\xampp\\htdocs\\laravel\\MTB_HMS_Booking_System\\vendor\\laravel\\framework\\src\\Illuminate\\Filesystem\\Filesystem.php(584): Symfony\\Component\\Finder\\Finder->in('C:\\\\xampp\\\\htdocs...')
#1 Command line code(1): Illuminate\\Filesystem\\Filesystem->files('C:\\\\xampp\\\\htdocs...')
#2 Command line code(1): getViews('C:\\\\xampp\\\\htdocs...', Object(Illuminate\\Filesystem\\Filesystem))
#3 {main}
  thrown at C:\\xampp\\htdocs\\laravel\\MTB_HMS_Booking_System\\vendor\\symfony\\finder\\Finder.php:646)
[stacktrace]
#0 {main}
"} 
[2025-04-21 12:32:44] local.ERROR: Uncaught Symfony\Component\Finder\Exception\DirectoryNotFoundException: The "C:\xampp\htdocs\laravel\MTB_HMS_Booking_System\MTB_Laravel\MTB_Booking_System\resources\views" directory does not exist. in C:\xampp\htdocs\laravel\MTB_HMS_Booking_System\vendor\symfony\finder\Finder.php:646
Stack trace:
#0 C:\xampp\htdocs\laravel\MTB_HMS_Booking_System\vendor\laravel\framework\src\Illuminate\Filesystem\Filesystem.php(584): Symfony\Component\Finder\Finder->in('C:\\xampp\\htdocs...')
#1 Command line code(1): Illuminate\Filesystem\Filesystem->files('C:\\xampp\\htdocs...')
#2 Command line code(1): getViews('C:\\xampp\\htdocs...', Object(Illuminate\Filesystem\Filesystem))
#3 {main}
  thrown {"exception":"[object] (Symfony\\Component\\ErrorHandler\\Error\\FatalError(code: 0): Uncaught Symfony\\Component\\Finder\\Exception\\DirectoryNotFoundException: The \"C:\\xampp\\htdocs\\laravel\\MTB_HMS_Booking_System\\MTB_Laravel\\MTB_Booking_System\\resources\\views\" directory does not exist. in C:\\xampp\\htdocs\\laravel\\MTB_HMS_Booking_System\\vendor\\symfony\\finder\\Finder.php:646
Stack trace:
#0 C:\\xampp\\htdocs\\laravel\\MTB_HMS_Booking_System\\vendor\\laravel\\framework\\src\\Illuminate\\Filesystem\\Filesystem.php(584): Symfony\\Component\\Finder\\Finder->in('C:\\\\xampp\\\\htdocs...')
#1 Command line code(1): Illuminate\\Filesystem\\Filesystem->files('C:\\\\xampp\\\\htdocs...')
#2 Command line code(1): getViews('C:\\\\xampp\\\\htdocs...', Object(Illuminate\\Filesystem\\Filesystem))
#3 {main}
  thrown at C:\\xampp\\htdocs\\laravel\\MTB_HMS_Booking_System\\vendor\\symfony\\finder\\Finder.php:646)
[stacktrace]
#0 {main}
"} 
[2025-04-21 12:32:46] local.ERROR: Uncaught Symfony\Component\Finder\Exception\DirectoryNotFoundException: The "C:\xampp\htdocs\laravel\MTB_HMS_Booking_System\MTB_Laravel\MTB_Booking_System\resources\views" directory does not exist. in C:\xampp\htdocs\laravel\MTB_HMS_Booking_System\vendor\symfony\finder\Finder.php:646
Stack trace:
#0 C:\xampp\htdocs\laravel\MTB_HMS_Booking_System\vendor\laravel\framework\src\Illuminate\Filesystem\Filesystem.php(584): Symfony\Component\Finder\Finder->in('C:\\xampp\\htdocs...')
#1 Command line code(1): Illuminate\Filesystem\Filesystem->files('C:\\xampp\\htdocs...')
#2 Command line code(1): getViews('C:\\xampp\\htdocs...', Object(Illuminate\Filesystem\Filesystem))
#3 {main}
  thrown {"exception":"[object] (Symfony\\Component\\ErrorHandler\\Error\\FatalError(code: 0): Uncaught Symfony\\Component\\Finder\\Exception\\DirectoryNotFoundException: The \"C:\\xampp\\htdocs\\laravel\\MTB_HMS_Booking_System\\MTB_Laravel\\MTB_Booking_System\\resources\\views\" directory does not exist. in C:\\xampp\\htdocs\\laravel\\MTB_HMS_Booking_System\\vendor\\symfony\\finder\\Finder.php:646
Stack trace:
#0 C:\\xampp\\htdocs\\laravel\\MTB_HMS_Booking_System\\vendor\\laravel\\framework\\src\\Illuminate\\Filesystem\\Filesystem.php(584): Symfony\\Component\\Finder\\Finder->in('C:\\\\xampp\\\\htdocs...')
#1 Command line code(1): Illuminate\\Filesystem\\Filesystem->files('C:\\\\xampp\\\\htdocs...')
#2 Command line code(1): getViews('C:\\\\xampp\\\\htdocs...', Object(Illuminate\\Filesystem\\Filesystem))
#3 {main}
  thrown at C:\\xampp\\htdocs\\laravel\\MTB_HMS_Booking_System\\vendor\\symfony\\finder\\Finder.php:646)
[stacktrace]
#0 {main}
"} 
[2025-04-21 12:32:47] local.ERROR: Uncaught Symfony\Component\Finder\Exception\DirectoryNotFoundException: The "C:\xampp\htdocs\laravel\MTB_HMS_Booking_System\MTB_Laravel\MTB_Booking_System\resources\views" directory does not exist. in C:\xampp\htdocs\laravel\MTB_HMS_Booking_System\vendor\symfony\finder\Finder.php:646
Stack trace:
#0 C:\xampp\htdocs\laravel\MTB_HMS_Booking_System\vendor\laravel\framework\src\Illuminate\Filesystem\Filesystem.php(584): Symfony\Component\Finder\Finder->in('C:\\xampp\\htdocs...')
#1 Command line code(1): Illuminate\Filesystem\Filesystem->files('C:\\xampp\\htdocs...')
#2 Command line code(1): getViews('C:\\xampp\\htdocs...', Object(Illuminate\Filesystem\Filesystem))
#3 {main}
  thrown {"exception":"[object] (Symfony\\Component\\ErrorHandler\\Error\\FatalError(code: 0): Uncaught Symfony\\Component\\Finder\\Exception\\DirectoryNotFoundException: The \"C:\\xampp\\htdocs\\laravel\\MTB_HMS_Booking_System\\MTB_Laravel\\MTB_Booking_System\\resources\\views\" directory does not exist. in C:\\xampp\\htdocs\\laravel\\MTB_HMS_Booking_System\\vendor\\symfony\\finder\\Finder.php:646
Stack trace:
#0 C:\\xampp\\htdocs\\laravel\\MTB_HMS_Booking_System\\vendor\\laravel\\framework\\src\\Illuminate\\Filesystem\\Filesystem.php(584): Symfony\\Component\\Finder\\Finder->in('C:\\\\xampp\\\\htdocs...')
#1 Command line code(1): Illuminate\\Filesystem\\Filesystem->files('C:\\\\xampp\\\\htdocs...')
#2 Command line code(1): getViews('C:\\\\xampp\\\\htdocs...', Object(Illuminate\\Filesystem\\Filesystem))
#3 {main}
  thrown at C:\\xampp\\htdocs\\laravel\\MTB_HMS_Booking_System\\vendor\\symfony\\finder\\Finder.php:646)
[stacktrace]
#0 {main}
"} 
[2025-04-21 12:32:48] local.ERROR: Uncaught Symfony\Component\Finder\Exception\DirectoryNotFoundException: The "C:\xampp\htdocs\laravel\MTB_HMS_Booking_System\MTB_Laravel\MTB_Booking_System\resources\views" directory does not exist. in C:\xampp\htdocs\laravel\MTB_HMS_Booking_System\vendor\symfony\finder\Finder.php:646
Stack trace:
#0 C:\xampp\htdocs\laravel\MTB_HMS_Booking_System\vendor\laravel\framework\src\Illuminate\Filesystem\Filesystem.php(584): Symfony\Component\Finder\Finder->in('C:\\xampp\\htdocs...')
#1 Command line code(1): Illuminate\Filesystem\Filesystem->files('C:\\xampp\\htdocs...')
#2 Command line code(1): getViews('C:\\xampp\\htdocs...', Object(Illuminate\Filesystem\Filesystem))
#3 {main}
  thrown {"exception":"[object] (Symfony\\Component\\ErrorHandler\\Error\\FatalError(code: 0): Uncaught Symfony\\Component\\Finder\\Exception\\DirectoryNotFoundException: The \"C:\\xampp\\htdocs\\laravel\\MTB_HMS_Booking_System\\MTB_Laravel\\MTB_Booking_System\\resources\\views\" directory does not exist. in C:\\xampp\\htdocs\\laravel\\MTB_HMS_Booking_System\\vendor\\symfony\\finder\\Finder.php:646
Stack trace:
#0 C:\\xampp\\htdocs\\laravel\\MTB_HMS_Booking_System\\vendor\\laravel\\framework\\src\\Illuminate\\Filesystem\\Filesystem.php(584): Symfony\\Component\\Finder\\Finder->in('C:\\\\xampp\\\\htdocs...')
#1 Command line code(1): Illuminate\\Filesystem\\Filesystem->files('C:\\\\xampp\\\\htdocs...')
#2 Command line code(1): getViews('C:\\\\xampp\\\\htdocs...', Object(Illuminate\\Filesystem\\Filesystem))
#3 {main}
  thrown at C:\\xampp\\htdocs\\laravel\\MTB_HMS_Booking_System\\vendor\\symfony\\finder\\Finder.php:646)
[stacktrace]
#0 {main}
"} 
[2025-04-21 12:32:49] local.ERROR: Uncaught Symfony\Component\Finder\Exception\DirectoryNotFoundException: The "C:\xampp\htdocs\laravel\MTB_HMS_Booking_System\MTB_Laravel\MTB_Booking_System\resources\views" directory does not exist. in C:\xampp\htdocs\laravel\MTB_HMS_Booking_System\vendor\symfony\finder\Finder.php:646
Stack trace:
#0 C:\xampp\htdocs\laravel\MTB_HMS_Booking_System\vendor\laravel\framework\src\Illuminate\Filesystem\Filesystem.php(584): Symfony\Component\Finder\Finder->in('C:\\xampp\\htdocs...')
#1 Command line code(1): Illuminate\Filesystem\Filesystem->files('C:\\xampp\\htdocs...')
#2 Command line code(1): getViews('C:\\xampp\\htdocs...', Object(Illuminate\Filesystem\Filesystem))
#3 {main}
  thrown {"exception":"[object] (Symfony\\Component\\ErrorHandler\\Error\\FatalError(code: 0): Uncaught Symfony\\Component\\Finder\\Exception\\DirectoryNotFoundException: The \"C:\\xampp\\htdocs\\laravel\\MTB_HMS_Booking_System\\MTB_Laravel\\MTB_Booking_System\\resources\\views\" directory does not exist. in C:\\xampp\\htdocs\\laravel\\MTB_HMS_Booking_System\\vendor\\symfony\\finder\\Finder.php:646
Stack trace:
#0 C:\\xampp\\htdocs\\laravel\\MTB_HMS_Booking_System\\vendor\\laravel\\framework\\src\\Illuminate\\Filesystem\\Filesystem.php(584): Symfony\\Component\\Finder\\Finder->in('C:\\\\xampp\\\\htdocs...')
#1 Command line code(1): Illuminate\\Filesystem\\Filesystem->files('C:\\\\xampp\\\\htdocs...')
#2 Command line code(1): getViews('C:\\\\xampp\\\\htdocs...', Object(Illuminate\\Filesystem\\Filesystem))
#3 {main}
  thrown at C:\\xampp\\htdocs\\laravel\\MTB_HMS_Booking_System\\vendor\\symfony\\finder\\Finder.php:646)
[stacktrace]
#0 {main}
"} 
[2025-04-21 12:32:51] local.ERROR: Uncaught Symfony\Component\Finder\Exception\DirectoryNotFoundException: The "C:\xampp\htdocs\laravel\MTB_HMS_Booking_System\MTB_Laravel\MTB_Booking_System\resources\views" directory does not exist. in C:\xampp\htdocs\laravel\MTB_HMS_Booking_System\vendor\symfony\finder\Finder.php:646
Stack trace:
#0 C:\xampp\htdocs\laravel\MTB_HMS_Booking_System\vendor\laravel\framework\src\Illuminate\Filesystem\Filesystem.php(584): Symfony\Component\Finder\Finder->in('C:\\xampp\\htdocs...')
#1 Command line code(1): Illuminate\Filesystem\Filesystem->files('C:\\xampp\\htdocs...')
#2 Command line code(1): getViews('C:\\xampp\\htdocs...', Object(Illuminate\Filesystem\Filesystem))
#3 {main}
  thrown {"exception":"[object] (Symfony\\Component\\ErrorHandler\\Error\\FatalError(code: 0): Uncaught Symfony\\Component\\Finder\\Exception\\DirectoryNotFoundException: The \"C:\\xampp\\htdocs\\laravel\\MTB_HMS_Booking_System\\MTB_Laravel\\MTB_Booking_System\\resources\\views\" directory does not exist. in C:\\xampp\\htdocs\\laravel\\MTB_HMS_Booking_System\\vendor\\symfony\\finder\\Finder.php:646
Stack trace:
#0 C:\\xampp\\htdocs\\laravel\\MTB_HMS_Booking_System\\vendor\\laravel\\framework\\src\\Illuminate\\Filesystem\\Filesystem.php(584): Symfony\\Component\\Finder\\Finder->in('C:\\\\xampp\\\\htdocs...')
#1 Command line code(1): Illuminate\\Filesystem\\Filesystem->files('C:\\\\xampp\\\\htdocs...')
#2 Command line code(1): getViews('C:\\\\xampp\\\\htdocs...', Object(Illuminate\\Filesystem\\Filesystem))
#3 {main}
  thrown at C:\\xampp\\htdocs\\laravel\\MTB_HMS_Booking_System\\vendor\\symfony\\finder\\Finder.php:646)
[stacktrace]
#0 {main}
"} 
[2025-04-21 12:32:52] local.ERROR: Uncaught Symfony\Component\Finder\Exception\DirectoryNotFoundException: The "C:\xampp\htdocs\laravel\MTB_HMS_Booking_System\MTB_Laravel\MTB_Booking_System\resources\views" directory does not exist. in C:\xampp\htdocs\laravel\MTB_HMS_Booking_System\vendor\symfony\finder\Finder.php:646
Stack trace:
#0 C:\xampp\htdocs\laravel\MTB_HMS_Booking_System\vendor\laravel\framework\src\Illuminate\Filesystem\Filesystem.php(584): Symfony\Component\Finder\Finder->in('C:\\xampp\\htdocs...')
#1 Command line code(1): Illuminate\Filesystem\Filesystem->files('C:\\xampp\\htdocs...')
#2 Command line code(1): getViews('C:\\xampp\\htdocs...', Object(Illuminate\Filesystem\Filesystem))
#3 {main}
  thrown {"exception":"[object] (Symfony\\Component\\ErrorHandler\\Error\\FatalError(code: 0): Uncaught Symfony\\Component\\Finder\\Exception\\DirectoryNotFoundException: The \"C:\\xampp\\htdocs\\laravel\\MTB_HMS_Booking_System\\MTB_Laravel\\MTB_Booking_System\\resources\\views\" directory does not exist. in C:\\xampp\\htdocs\\laravel\\MTB_HMS_Booking_System\\vendor\\symfony\\finder\\Finder.php:646
Stack trace:
#0 C:\\xampp\\htdocs\\laravel\\MTB_HMS_Booking_System\\vendor\\laravel\\framework\\src\\Illuminate\\Filesystem\\Filesystem.php(584): Symfony\\Component\\Finder\\Finder->in('C:\\\\xampp\\\\htdocs...')
#1 Command line code(1): Illuminate\\Filesystem\\Filesystem->files('C:\\\\xampp\\\\htdocs...')
#2 Command line code(1): getViews('C:\\\\xampp\\\\htdocs...', Object(Illuminate\\Filesystem\\Filesystem))
#3 {main}
  thrown at C:\\xampp\\htdocs\\laravel\\MTB_HMS_Booking_System\\vendor\\symfony\\finder\\Finder.php:646)
[stacktrace]
#0 {main}
"} 
[2025-04-21 12:32:53] local.ERROR: Uncaught Symfony\Component\Finder\Exception\DirectoryNotFoundException: The "C:\xampp\htdocs\laravel\MTB_HMS_Booking_System\MTB_Laravel\MTB_Booking_System\resources\views" directory does not exist. in C:\xampp\htdocs\laravel\MTB_HMS_Booking_System\vendor\symfony\finder\Finder.php:646
Stack trace:
#0 C:\xampp\htdocs\laravel\MTB_HMS_Booking_System\vendor\laravel\framework\src\Illuminate\Filesystem\Filesystem.php(584): Symfony\Component\Finder\Finder->in('C:\\xampp\\htdocs...')
#1 Command line code(1): Illuminate\Filesystem\Filesystem->files('C:\\xampp\\htdocs...')
#2 Command line code(1): getViews('C:\\xampp\\htdocs...', Object(Illuminate\Filesystem\Filesystem))
#3 {main}
  thrown {"exception":"[object] (Symfony\\Component\\ErrorHandler\\Error\\FatalError(code: 0): Uncaught Symfony\\Component\\Finder\\Exception\\DirectoryNotFoundException: The \"C:\\xampp\\htdocs\\laravel\\MTB_HMS_Booking_System\\MTB_Laravel\\MTB_Booking_System\\resources\\views\" directory does not exist. in C:\\xampp\\htdocs\\laravel\\MTB_HMS_Booking_System\\vendor\\symfony\\finder\\Finder.php:646
Stack trace:
#0 C:\\xampp\\htdocs\\laravel\\MTB_HMS_Booking_System\\vendor\\laravel\\framework\\src\\Illuminate\\Filesystem\\Filesystem.php(584): Symfony\\Component\\Finder\\Finder->in('C:\\\\xampp\\\\htdocs...')
#1 Command line code(1): Illuminate\\Filesystem\\Filesystem->files('C:\\\\xampp\\\\htdocs...')
#2 Command line code(1): getViews('C:\\\\xampp\\\\htdocs...', Object(Illuminate\\Filesystem\\Filesystem))
#3 {main}
  thrown at C:\\xampp\\htdocs\\laravel\\MTB_HMS_Booking_System\\vendor\\symfony\\finder\\Finder.php:646)
[stacktrace]
#0 {main}
"} 
[2025-04-21 12:32:54] local.ERROR: Uncaught Symfony\Component\Finder\Exception\DirectoryNotFoundException: The "C:\xampp\htdocs\laravel\MTB_HMS_Booking_System\MTB_Laravel\MTB_Booking_System\resources\views" directory does not exist. in C:\xampp\htdocs\laravel\MTB_HMS_Booking_System\vendor\symfony\finder\Finder.php:646
Stack trace:
#0 C:\xampp\htdocs\laravel\MTB_HMS_Booking_System\vendor\laravel\framework\src\Illuminate\Filesystem\Filesystem.php(584): Symfony\Component\Finder\Finder->in('C:\\xampp\\htdocs...')
#1 Command line code(1): Illuminate\Filesystem\Filesystem->files('C:\\xampp\\htdocs...')
#2 Command line code(1): getViews('C:\\xampp\\htdocs...', Object(Illuminate\Filesystem\Filesystem))
#3 {main}
  thrown {"exception":"[object] (Symfony\\Component\\ErrorHandler\\Error\\FatalError(code: 0): Uncaught Symfony\\Component\\Finder\\Exception\\DirectoryNotFoundException: The \"C:\\xampp\\htdocs\\laravel\\MTB_HMS_Booking_System\\MTB_Laravel\\MTB_Booking_System\\resources\\views\" directory does not exist. in C:\\xampp\\htdocs\\laravel\\MTB_HMS_Booking_System\\vendor\\symfony\\finder\\Finder.php:646
Stack trace:
#0 C:\\xampp\\htdocs\\laravel\\MTB_HMS_Booking_System\\vendor\\laravel\\framework\\src\\Illuminate\\Filesystem\\Filesystem.php(584): Symfony\\Component\\Finder\\Finder->in('C:\\\\xampp\\\\htdocs...')
#1 Command line code(1): Illuminate\\Filesystem\\Filesystem->files('C:\\\\xampp\\\\htdocs...')
#2 Command line code(1): getViews('C:\\\\xampp\\\\htdocs...', Object(Illuminate\\Filesystem\\Filesystem))
#3 {main}
  thrown at C:\\xampp\\htdocs\\laravel\\MTB_HMS_Booking_System\\vendor\\symfony\\finder\\Finder.php:646)
[stacktrace]
#0 {main}
"} 
[2025-04-21 12:32:56] local.ERROR: Uncaught Symfony\Component\Finder\Exception\DirectoryNotFoundException: The "C:\xampp\htdocs\laravel\MTB_HMS_Booking_System\MTB_Laravel\MTB_Booking_System\resources\views" directory does not exist. in C:\xampp\htdocs\laravel\MTB_HMS_Booking_System\vendor\symfony\finder\Finder.php:646
Stack trace:
#0 C:\xampp\htdocs\laravel\MTB_HMS_Booking_System\vendor\laravel\framework\src\Illuminate\Filesystem\Filesystem.php(584): Symfony\Component\Finder\Finder->in('C:\\xampp\\htdocs...')
#1 Command line code(1): Illuminate\Filesystem\Filesystem->files('C:\\xampp\\htdocs...')
#2 Command line code(1): getViews('C:\\xampp\\htdocs...', Object(Illuminate\Filesystem\Filesystem))
#3 {main}
  thrown {"exception":"[object] (Symfony\\Component\\ErrorHandler\\Error\\FatalError(code: 0): Uncaught Symfony\\Component\\Finder\\Exception\\DirectoryNotFoundException: The \"C:\\xampp\\htdocs\\laravel\\MTB_HMS_Booking_System\\MTB_Laravel\\MTB_Booking_System\\resources\\views\" directory does not exist. in C:\\xampp\\htdocs\\laravel\\MTB_HMS_Booking_System\\vendor\\symfony\\finder\\Finder.php:646
Stack trace:
#0 C:\\xampp\\htdocs\\laravel\\MTB_HMS_Booking_System\\vendor\\laravel\\framework\\src\\Illuminate\\Filesystem\\Filesystem.php(584): Symfony\\Component\\Finder\\Finder->in('C:\\\\xampp\\\\htdocs...')
#1 Command line code(1): Illuminate\\Filesystem\\Filesystem->files('C:\\\\xampp\\\\htdocs...')
#2 Command line code(1): getViews('C:\\\\xampp\\\\htdocs...', Object(Illuminate\\Filesystem\\Filesystem))
#3 {main}
  thrown at C:\\xampp\\htdocs\\laravel\\MTB_HMS_Booking_System\\vendor\\symfony\\finder\\Finder.php:646)
[stacktrace]
#0 {main}
"} 
[2025-04-21 12:32:57] local.ERROR: Uncaught Symfony\Component\Finder\Exception\DirectoryNotFoundException: The "C:\xampp\htdocs\laravel\MTB_HMS_Booking_System\MTB_Laravel\MTB_Booking_System\resources\views" directory does not exist. in C:\xampp\htdocs\laravel\MTB_HMS_Booking_System\vendor\symfony\finder\Finder.php:646
Stack trace:
#0 C:\xampp\htdocs\laravel\MTB_HMS_Booking_System\vendor\laravel\framework\src\Illuminate\Filesystem\Filesystem.php(584): Symfony\Component\Finder\Finder->in('C:\\xampp\\htdocs...')
#1 Command line code(1): Illuminate\Filesystem\Filesystem->files('C:\\xampp\\htdocs...')
#2 Command line code(1): getViews('C:\\xampp\\htdocs...', Object(Illuminate\Filesystem\Filesystem))
#3 {main}
  thrown {"exception":"[object] (Symfony\\Component\\ErrorHandler\\Error\\FatalError(code: 0): Uncaught Symfony\\Component\\Finder\\Exception\\DirectoryNotFoundException: The \"C:\\xampp\\htdocs\\laravel\\MTB_HMS_Booking_System\\MTB_Laravel\\MTB_Booking_System\\resources\\views\" directory does not exist. in C:\\xampp\\htdocs\\laravel\\MTB_HMS_Booking_System\\vendor\\symfony\\finder\\Finder.php:646
Stack trace:
#0 C:\\xampp\\htdocs\\laravel\\MTB_HMS_Booking_System\\vendor\\laravel\\framework\\src\\Illuminate\\Filesystem\\Filesystem.php(584): Symfony\\Component\\Finder\\Finder->in('C:\\\\xampp\\\\htdocs...')
#1 Command line code(1): Illuminate\\Filesystem\\Filesystem->files('C:\\\\xampp\\\\htdocs...')
#2 Command line code(1): getViews('C:\\\\xampp\\\\htdocs...', Object(Illuminate\\Filesystem\\Filesystem))
#3 {main}
  thrown at C:\\xampp\\htdocs\\laravel\\MTB_HMS_Booking_System\\vendor\\symfony\\finder\\Finder.php:646)
[stacktrace]
#0 {main}
"} 
[2025-04-21 12:32:58] local.ERROR: Uncaught Symfony\Component\Finder\Exception\DirectoryNotFoundException: The "C:\xampp\htdocs\laravel\MTB_HMS_Booking_System\MTB_Laravel\MTB_Booking_System\resources\views" directory does not exist. in C:\xampp\htdocs\laravel\MTB_HMS_Booking_System\vendor\symfony\finder\Finder.php:646
Stack trace:
#0 C:\xampp\htdocs\laravel\MTB_HMS_Booking_System\vendor\laravel\framework\src\Illuminate\Filesystem\Filesystem.php(584): Symfony\Component\Finder\Finder->in('C:\\xampp\\htdocs...')
#1 Command line code(1): Illuminate\Filesystem\Filesystem->files('C:\\xampp\\htdocs...')
#2 Command line code(1): getViews('C:\\xampp\\htdocs...', Object(Illuminate\Filesystem\Filesystem))
#3 {main}
  thrown {"exception":"[object] (Symfony\\Component\\ErrorHandler\\Error\\FatalError(code: 0): Uncaught Symfony\\Component\\Finder\\Exception\\DirectoryNotFoundException: The \"C:\\xampp\\htdocs\\laravel\\MTB_HMS_Booking_System\\MTB_Laravel\\MTB_Booking_System\\resources\\views\" directory does not exist. in C:\\xampp\\htdocs\\laravel\\MTB_HMS_Booking_System\\vendor\\symfony\\finder\\Finder.php:646
Stack trace:
#0 C:\\xampp\\htdocs\\laravel\\MTB_HMS_Booking_System\\vendor\\laravel\\framework\\src\\Illuminate\\Filesystem\\Filesystem.php(584): Symfony\\Component\\Finder\\Finder->in('C:\\\\xampp\\\\htdocs...')
#1 Command line code(1): Illuminate\\Filesystem\\Filesystem->files('C:\\\\xampp\\\\htdocs...')
#2 Command line code(1): getViews('C:\\\\xampp\\\\htdocs...', Object(Illuminate\\Filesystem\\Filesystem))
#3 {main}
  thrown at C:\\xampp\\htdocs\\laravel\\MTB_HMS_Booking_System\\vendor\\symfony\\finder\\Finder.php:646)
[stacktrace]
#0 {main}
"} 
[2025-04-21 12:32:59] local.ERROR: Uncaught Symfony\Component\Finder\Exception\DirectoryNotFoundException: The "C:\xampp\htdocs\laravel\MTB_HMS_Booking_System\MTB_Laravel\MTB_Booking_System\resources\views" directory does not exist. in C:\xampp\htdocs\laravel\MTB_HMS_Booking_System\vendor\symfony\finder\Finder.php:646
Stack trace:
#0 C:\xampp\htdocs\laravel\MTB_HMS_Booking_System\vendor\laravel\framework\src\Illuminate\Filesystem\Filesystem.php(584): Symfony\Component\Finder\Finder->in('C:\\xampp\\htdocs...')
#1 Command line code(1): Illuminate\Filesystem\Filesystem->files('C:\\xampp\\htdocs...')
#2 Command line code(1): getViews('C:\\xampp\\htdocs...', Object(Illuminate\Filesystem\Filesystem))
#3 {main}
  thrown {"exception":"[object] (Symfony\\Component\\ErrorHandler\\Error\\FatalError(code: 0): Uncaught Symfony\\Component\\Finder\\Exception\\DirectoryNotFoundException: The \"C:\\xampp\\htdocs\\laravel\\MTB_HMS_Booking_System\\MTB_Laravel\\MTB_Booking_System\\resources\\views\" directory does not exist. in C:\\xampp\\htdocs\\laravel\\MTB_HMS_Booking_System\\vendor\\symfony\\finder\\Finder.php:646
Stack trace:
#0 C:\\xampp\\htdocs\\laravel\\MTB_HMS_Booking_System\\vendor\\laravel\\framework\\src\\Illuminate\\Filesystem\\Filesystem.php(584): Symfony\\Component\\Finder\\Finder->in('C:\\\\xampp\\\\htdocs...')
#1 Command line code(1): Illuminate\\Filesystem\\Filesystem->files('C:\\\\xampp\\\\htdocs...')
#2 Command line code(1): getViews('C:\\\\xampp\\\\htdocs...', Object(Illuminate\\Filesystem\\Filesystem))
#3 {main}
  thrown at C:\\xampp\\htdocs\\laravel\\MTB_HMS_Booking_System\\vendor\\symfony\\finder\\Finder.php:646)
[stacktrace]
#0 {main}
"} 
[2025-04-21 12:33:01] local.ERROR: Uncaught Symfony\Component\Finder\Exception\DirectoryNotFoundException: The "C:\xampp\htdocs\laravel\MTB_HMS_Booking_System\MTB_Laravel\MTB_Booking_System\resources\views" directory does not exist. in C:\xampp\htdocs\laravel\MTB_HMS_Booking_System\vendor\symfony\finder\Finder.php:646
Stack trace:
#0 C:\xampp\htdocs\laravel\MTB_HMS_Booking_System\vendor\laravel\framework\src\Illuminate\Filesystem\Filesystem.php(584): Symfony\Component\Finder\Finder->in('C:\\xampp\\htdocs...')
#1 Command line code(1): Illuminate\Filesystem\Filesystem->files('C:\\xampp\\htdocs...')
#2 Command line code(1): getViews('C:\\xampp\\htdocs...', Object(Illuminate\Filesystem\Filesystem))
#3 {main}
  thrown {"exception":"[object] (Symfony\\Component\\ErrorHandler\\Error\\FatalError(code: 0): Uncaught Symfony\\Component\\Finder\\Exception\\DirectoryNotFoundException: The \"C:\\xampp\\htdocs\\laravel\\MTB_HMS_Booking_System\\MTB_Laravel\\MTB_Booking_System\\resources\\views\" directory does not exist. in C:\\xampp\\htdocs\\laravel\\MTB_HMS_Booking_System\\vendor\\symfony\\finder\\Finder.php:646
Stack trace:
#0 C:\\xampp\\htdocs\\laravel\\MTB_HMS_Booking_System\\vendor\\laravel\\framework\\src\\Illuminate\\Filesystem\\Filesystem.php(584): Symfony\\Component\\Finder\\Finder->in('C:\\\\xampp\\\\htdocs...')
#1 Command line code(1): Illuminate\\Filesystem\\Filesystem->files('C:\\\\xampp\\\\htdocs...')
#2 Command line code(1): getViews('C:\\\\xampp\\\\htdocs...', Object(Illuminate\\Filesystem\\Filesystem))
#3 {main}
  thrown at C:\\xampp\\htdocs\\laravel\\MTB_HMS_Booking_System\\vendor\\symfony\\finder\\Finder.php:646)
[stacktrace]
#0 {main}
"} 
[2025-04-21 12:33:02] local.ERROR: Uncaught Symfony\Component\Finder\Exception\DirectoryNotFoundException: The "C:\xampp\htdocs\laravel\MTB_HMS_Booking_System\MTB_Laravel\MTB_Booking_System\resources\views" directory does not exist. in C:\xampp\htdocs\laravel\MTB_HMS_Booking_System\vendor\symfony\finder\Finder.php:646
Stack trace:
#0 C:\xampp\htdocs\laravel\MTB_HMS_Booking_System\vendor\laravel\framework\src\Illuminate\Filesystem\Filesystem.php(584): Symfony\Component\Finder\Finder->in('C:\\xampp\\htdocs...')
#1 Command line code(1): Illuminate\Filesystem\Filesystem->files('C:\\xampp\\htdocs...')
#2 Command line code(1): getViews('C:\\xampp\\htdocs...', Object(Illuminate\Filesystem\Filesystem))
#3 {main}
  thrown {"exception":"[object] (Symfony\\Component\\ErrorHandler\\Error\\FatalError(code: 0): Uncaught Symfony\\Component\\Finder\\Exception\\DirectoryNotFoundException: The \"C:\\xampp\\htdocs\\laravel\\MTB_HMS_Booking_System\\MTB_Laravel\\MTB_Booking_System\\resources\\views\" directory does not exist. in C:\\xampp\\htdocs\\laravel\\MTB_HMS_Booking_System\\vendor\\symfony\\finder\\Finder.php:646
Stack trace:
#0 C:\\xampp\\htdocs\\laravel\\MTB_HMS_Booking_System\\vendor\\laravel\\framework\\src\\Illuminate\\Filesystem\\Filesystem.php(584): Symfony\\Component\\Finder\\Finder->in('C:\\\\xampp\\\\htdocs...')
#1 Command line code(1): Illuminate\\Filesystem\\Filesystem->files('C:\\\\xampp\\\\htdocs...')
#2 Command line code(1): getViews('C:\\\\xampp\\\\htdocs...', Object(Illuminate\\Filesystem\\Filesystem))
#3 {main}
  thrown at C:\\xampp\\htdocs\\laravel\\MTB_HMS_Booking_System\\vendor\\symfony\\finder\\Finder.php:646)
[stacktrace]
#0 {main}
"} 
[2025-04-21 12:33:03] local.ERROR: Uncaught Symfony\Component\Finder\Exception\DirectoryNotFoundException: The "C:\xampp\htdocs\laravel\MTB_HMS_Booking_System\MTB_Laravel\MTB_Booking_System\resources\views" directory does not exist. in C:\xampp\htdocs\laravel\MTB_HMS_Booking_System\vendor\symfony\finder\Finder.php:646
Stack trace:
#0 C:\xampp\htdocs\laravel\MTB_HMS_Booking_System\vendor\laravel\framework\src\Illuminate\Filesystem\Filesystem.php(584): Symfony\Component\Finder\Finder->in('C:\\xampp\\htdocs...')
#1 Command line code(1): Illuminate\Filesystem\Filesystem->files('C:\\xampp\\htdocs...')
#2 Command line code(1): getViews('C:\\xampp\\htdocs...', Object(Illuminate\Filesystem\Filesystem))
#3 {main}
  thrown {"exception":"[object] (Symfony\\Component\\ErrorHandler\\Error\\FatalError(code: 0): Uncaught Symfony\\Component\\Finder\\Exception\\DirectoryNotFoundException: The \"C:\\xampp\\htdocs\\laravel\\MTB_HMS_Booking_System\\MTB_Laravel\\MTB_Booking_System\\resources\\views\" directory does not exist. in C:\\xampp\\htdocs\\laravel\\MTB_HMS_Booking_System\\vendor\\symfony\\finder\\Finder.php:646
Stack trace:
#0 C:\\xampp\\htdocs\\laravel\\MTB_HMS_Booking_System\\vendor\\laravel\\framework\\src\\Illuminate\\Filesystem\\Filesystem.php(584): Symfony\\Component\\Finder\\Finder->in('C:\\\\xampp\\\\htdocs...')
#1 Command line code(1): Illuminate\\Filesystem\\Filesystem->files('C:\\\\xampp\\\\htdocs...')
#2 Command line code(1): getViews('C:\\\\xampp\\\\htdocs...', Object(Illuminate\\Filesystem\\Filesystem))
#3 {main}
  thrown at C:\\xampp\\htdocs\\laravel\\MTB_HMS_Booking_System\\vendor\\symfony\\finder\\Finder.php:646)
[stacktrace]
#0 {main}
"} 
[2025-04-21 12:33:04] local.ERROR: Uncaught Symfony\Component\Finder\Exception\DirectoryNotFoundException: The "C:\xampp\htdocs\laravel\MTB_HMS_Booking_System\MTB_Laravel\MTB_Booking_System\resources\views" directory does not exist. in C:\xampp\htdocs\laravel\MTB_HMS_Booking_System\vendor\symfony\finder\Finder.php:646
Stack trace:
#0 C:\xampp\htdocs\laravel\MTB_HMS_Booking_System\vendor\laravel\framework\src\Illuminate\Filesystem\Filesystem.php(584): Symfony\Component\Finder\Finder->in('C:\\xampp\\htdocs...')
#1 Command line code(1): Illuminate\Filesystem\Filesystem->files('C:\\xampp\\htdocs...')
#2 Command line code(1): getViews('C:\\xampp\\htdocs...', Object(Illuminate\Filesystem\Filesystem))
#3 {main}
  thrown {"exception":"[object] (Symfony\\Component\\ErrorHandler\\Error\\FatalError(code: 0): Uncaught Symfony\\Component\\Finder\\Exception\\DirectoryNotFoundException: The \"C:\\xampp\\htdocs\\laravel\\MTB_HMS_Booking_System\\MTB_Laravel\\MTB_Booking_System\\resources\\views\" directory does not exist. in C:\\xampp\\htdocs\\laravel\\MTB_HMS_Booking_System\\vendor\\symfony\\finder\\Finder.php:646
Stack trace:
#0 C:\\xampp\\htdocs\\laravel\\MTB_HMS_Booking_System\\vendor\\laravel\\framework\\src\\Illuminate\\Filesystem\\Filesystem.php(584): Symfony\\Component\\Finder\\Finder->in('C:\\\\xampp\\\\htdocs...')
#1 Command line code(1): Illuminate\\Filesystem\\Filesystem->files('C:\\\\xampp\\\\htdocs...')
#2 Command line code(1): getViews('C:\\\\xampp\\\\htdocs...', Object(Illuminate\\Filesystem\\Filesystem))
#3 {main}
  thrown at C:\\xampp\\htdocs\\laravel\\MTB_HMS_Booking_System\\vendor\\symfony\\finder\\Finder.php:646)
[stacktrace]
#0 {main}
"} 
[2025-04-21 12:33:06] local.ERROR: Uncaught Symfony\Component\Finder\Exception\DirectoryNotFoundException: The "C:\xampp\htdocs\laravel\MTB_HMS_Booking_System\MTB_Laravel\MTB_Booking_System\resources\views" directory does not exist. in C:\xampp\htdocs\laravel\MTB_HMS_Booking_System\vendor\symfony\finder\Finder.php:646
Stack trace:
#0 C:\xampp\htdocs\laravel\MTB_HMS_Booking_System\vendor\laravel\framework\src\Illuminate\Filesystem\Filesystem.php(584): Symfony\Component\Finder\Finder->in('C:\\xampp\\htdocs...')
#1 Command line code(1): Illuminate\Filesystem\Filesystem->files('C:\\xampp\\htdocs...')
#2 Command line code(1): getViews('C:\\xampp\\htdocs...', Object(Illuminate\Filesystem\Filesystem))
#3 {main}
  thrown {"exception":"[object] (Symfony\\Component\\ErrorHandler\\Error\\FatalError(code: 0): Uncaught Symfony\\Component\\Finder\\Exception\\DirectoryNotFoundException: The \"C:\\xampp\\htdocs\\laravel\\MTB_HMS_Booking_System\\MTB_Laravel\\MTB_Booking_System\\resources\\views\" directory does not exist. in C:\\xampp\\htdocs\\laravel\\MTB_HMS_Booking_System\\vendor\\symfony\\finder\\Finder.php:646
Stack trace:
#0 C:\\xampp\\htdocs\\laravel\\MTB_HMS_Booking_System\\vendor\\laravel\\framework\\src\\Illuminate\\Filesystem\\Filesystem.php(584): Symfony\\Component\\Finder\\Finder->in('C:\\\\xampp\\\\htdocs...')
#1 Command line code(1): Illuminate\\Filesystem\\Filesystem->files('C:\\\\xampp\\\\htdocs...')
#2 Command line code(1): getViews('C:\\\\xampp\\\\htdocs...', Object(Illuminate\\Filesystem\\Filesystem))
#3 {main}
  thrown at C:\\xampp\\htdocs\\laravel\\MTB_HMS_Booking_System\\vendor\\symfony\\finder\\Finder.php:646)
[stacktrace]
#0 {main}
"} 
[2025-04-21 12:33:07] local.ERROR: Uncaught Symfony\Component\Finder\Exception\DirectoryNotFoundException: The "C:\xampp\htdocs\laravel\MTB_HMS_Booking_System\MTB_Laravel\MTB_Booking_System\resources\views" directory does not exist. in C:\xampp\htdocs\laravel\MTB_HMS_Booking_System\vendor\symfony\finder\Finder.php:646
Stack trace:
#0 C:\xampp\htdocs\laravel\MTB_HMS_Booking_System\vendor\laravel\framework\src\Illuminate\Filesystem\Filesystem.php(584): Symfony\Component\Finder\Finder->in('C:\\xampp\\htdocs...')
#1 Command line code(1): Illuminate\Filesystem\Filesystem->files('C:\\xampp\\htdocs...')
#2 Command line code(1): getViews('C:\\xampp\\htdocs...', Object(Illuminate\Filesystem\Filesystem))
#3 {main}
  thrown {"exception":"[object] (Symfony\\Component\\ErrorHandler\\Error\\FatalError(code: 0): Uncaught Symfony\\Component\\Finder\\Exception\\DirectoryNotFoundException: The \"C:\\xampp\\htdocs\\laravel\\MTB_HMS_Booking_System\\MTB_Laravel\\MTB_Booking_System\\resources\\views\" directory does not exist. in C:\\xampp\\htdocs\\laravel\\MTB_HMS_Booking_System\\vendor\\symfony\\finder\\Finder.php:646
Stack trace:
#0 C:\\xampp\\htdocs\\laravel\\MTB_HMS_Booking_System\\vendor\\laravel\\framework\\src\\Illuminate\\Filesystem\\Filesystem.php(584): Symfony\\Component\\Finder\\Finder->in('C:\\\\xampp\\\\htdocs...')
#1 Command line code(1): Illuminate\\Filesystem\\Filesystem->files('C:\\\\xampp\\\\htdocs...')
#2 Command line code(1): getViews('C:\\\\xampp\\\\htdocs...', Object(Illuminate\\Filesystem\\Filesystem))
#3 {main}
  thrown at C:\\xampp\\htdocs\\laravel\\MTB_HMS_Booking_System\\vendor\\symfony\\finder\\Finder.php:646)
[stacktrace]
#0 {main}
"} 
[2025-04-21 12:33:09] local.ERROR: Uncaught Symfony\Component\Finder\Exception\DirectoryNotFoundException: The "C:\xampp\htdocs\laravel\MTB_HMS_Booking_System\MTB_Laravel\MTB_Booking_System\resources\views" directory does not exist. in C:\xampp\htdocs\laravel\MTB_HMS_Booking_System\vendor\symfony\finder\Finder.php:646
Stack trace:
#0 C:\xampp\htdocs\laravel\MTB_HMS_Booking_System\vendor\laravel\framework\src\Illuminate\Filesystem\Filesystem.php(584): Symfony\Component\Finder\Finder->in('C:\\xampp\\htdocs...')
#1 Command line code(1): Illuminate\Filesystem\Filesystem->files('C:\\xampp\\htdocs...')
#2 Command line code(1): getViews('C:\\xampp\\htdocs...', Object(Illuminate\Filesystem\Filesystem))
#3 {main}
  thrown {"exception":"[object] (Symfony\\Component\\ErrorHandler\\Error\\FatalError(code: 0): Uncaught Symfony\\Component\\Finder\\Exception\\DirectoryNotFoundException: The \"C:\\xampp\\htdocs\\laravel\\MTB_HMS_Booking_System\\MTB_Laravel\\MTB_Booking_System\\resources\\views\" directory does not exist. in C:\\xampp\\htdocs\\laravel\\MTB_HMS_Booking_System\\vendor\\symfony\\finder\\Finder.php:646
Stack trace:
#0 C:\\xampp\\htdocs\\laravel\\MTB_HMS_Booking_System\\vendor\\laravel\\framework\\src\\Illuminate\\Filesystem\\Filesystem.php(584): Symfony\\Component\\Finder\\Finder->in('C:\\\\xampp\\\\htdocs...')
#1 Command line code(1): Illuminate\\Filesystem\\Filesystem->files('C:\\\\xampp\\\\htdocs...')
#2 Command line code(1): getViews('C:\\\\xampp\\\\htdocs...', Object(Illuminate\\Filesystem\\Filesystem))
#3 {main}
  thrown at C:\\xampp\\htdocs\\laravel\\MTB_HMS_Booking_System\\vendor\\symfony\\finder\\Finder.php:646)
[stacktrace]
#0 {main}
"} 
[2025-04-21 12:33:11] local.ERROR: Uncaught Symfony\Component\Finder\Exception\DirectoryNotFoundException: The "C:\xampp\htdocs\laravel\MTB_HMS_Booking_System\MTB_Laravel\MTB_Booking_System\resources\views" directory does not exist. in C:\xampp\htdocs\laravel\MTB_HMS_Booking_System\vendor\symfony\finder\Finder.php:646
Stack trace:
#0 C:\xampp\htdocs\laravel\MTB_HMS_Booking_System\vendor\laravel\framework\src\Illuminate\Filesystem\Filesystem.php(584): Symfony\Component\Finder\Finder->in('C:\\xampp\\htdocs...')
#1 Command line code(1): Illuminate\Filesystem\Filesystem->files('C:\\xampp\\htdocs...')
#2 Command line code(1): getViews('C:\\xampp\\htdocs...', Object(Illuminate\Filesystem\Filesystem))
#3 {main}
  thrown {"exception":"[object] (Symfony\\Component\\ErrorHandler\\Error\\FatalError(code: 0): Uncaught Symfony\\Component\\Finder\\Exception\\DirectoryNotFoundException: The \"C:\\xampp\\htdocs\\laravel\\MTB_HMS_Booking_System\\MTB_Laravel\\MTB_Booking_System\\resources\\views\" directory does not exist. in C:\\xampp\\htdocs\\laravel\\MTB_HMS_Booking_System\\vendor\\symfony\\finder\\Finder.php:646
Stack trace:
#0 C:\\xampp\\htdocs\\laravel\\MTB_HMS_Booking_System\\vendor\\laravel\\framework\\src\\Illuminate\\Filesystem\\Filesystem.php(584): Symfony\\Component\\Finder\\Finder->in('C:\\\\xampp\\\\htdocs...')
#1 Command line code(1): Illuminate\\Filesystem\\Filesystem->files('C:\\\\xampp\\\\htdocs...')
#2 Command line code(1): getViews('C:\\\\xampp\\\\htdocs...', Object(Illuminate\\Filesystem\\Filesystem))
#3 {main}
  thrown at C:\\xampp\\htdocs\\laravel\\MTB_HMS_Booking_System\\vendor\\symfony\\finder\\Finder.php:646)
[stacktrace]
#0 {main}
"} 
[2025-04-21 12:33:12] local.ERROR: Uncaught Symfony\Component\Finder\Exception\DirectoryNotFoundException: The "C:\xampp\htdocs\laravel\MTB_HMS_Booking_System\MTB_Laravel\MTB_Booking_System\resources\views" directory does not exist. in C:\xampp\htdocs\laravel\MTB_HMS_Booking_System\vendor\symfony\finder\Finder.php:646
Stack trace:
#0 C:\xampp\htdocs\laravel\MTB_HMS_Booking_System\vendor\laravel\framework\src\Illuminate\Filesystem\Filesystem.php(584): Symfony\Component\Finder\Finder->in('C:\\xampp\\htdocs...')
#1 Command line code(1): Illuminate\Filesystem\Filesystem->files('C:\\xampp\\htdocs...')
#2 Command line code(1): getViews('C:\\xampp\\htdocs...', Object(Illuminate\Filesystem\Filesystem))
#3 {main}
  thrown {"exception":"[object] (Symfony\\Component\\ErrorHandler\\Error\\FatalError(code: 0): Uncaught Symfony\\Component\\Finder\\Exception\\DirectoryNotFoundException: The \"C:\\xampp\\htdocs\\laravel\\MTB_HMS_Booking_System\\MTB_Laravel\\MTB_Booking_System\\resources\\views\" directory does not exist. in C:\\xampp\\htdocs\\laravel\\MTB_HMS_Booking_System\\vendor\\symfony\\finder\\Finder.php:646
Stack trace:
#0 C:\\xampp\\htdocs\\laravel\\MTB_HMS_Booking_System\\vendor\\laravel\\framework\\src\\Illuminate\\Filesystem\\Filesystem.php(584): Symfony\\Component\\Finder\\Finder->in('C:\\\\xampp\\\\htdocs...')
#1 Command line code(1): Illuminate\\Filesystem\\Filesystem->files('C:\\\\xampp\\\\htdocs...')
#2 Command line code(1): getViews('C:\\\\xampp\\\\htdocs...', Object(Illuminate\\Filesystem\\Filesystem))
#3 {main}
  thrown at C:\\xampp\\htdocs\\laravel\\MTB_HMS_Booking_System\\vendor\\symfony\\finder\\Finder.php:646)
[stacktrace]
#0 {main}
"} 
[2025-04-21 12:33:13] local.ERROR: Uncaught Symfony\Component\Finder\Exception\DirectoryNotFoundException: The "C:\xampp\htdocs\laravel\MTB_HMS_Booking_System\MTB_Laravel\MTB_Booking_System\resources\views" directory does not exist. in C:\xampp\htdocs\laravel\MTB_HMS_Booking_System\vendor\symfony\finder\Finder.php:646
Stack trace:
#0 C:\xampp\htdocs\laravel\MTB_HMS_Booking_System\vendor\laravel\framework\src\Illuminate\Filesystem\Filesystem.php(584): Symfony\Component\Finder\Finder->in('C:\\xampp\\htdocs...')
#1 Command line code(1): Illuminate\Filesystem\Filesystem->files('C:\\xampp\\htdocs...')
#2 Command line code(1): getViews('C:\\xampp\\htdocs...', Object(Illuminate\Filesystem\Filesystem))
#3 {main}
  thrown {"exception":"[object] (Symfony\\Component\\ErrorHandler\\Error\\FatalError(code: 0): Uncaught Symfony\\Component\\Finder\\Exception\\DirectoryNotFoundException: The \"C:\\xampp\\htdocs\\laravel\\MTB_HMS_Booking_System\\MTB_Laravel\\MTB_Booking_System\\resources\\views\" directory does not exist. in C:\\xampp\\htdocs\\laravel\\MTB_HMS_Booking_System\\vendor\\symfony\\finder\\Finder.php:646
Stack trace:
#0 C:\\xampp\\htdocs\\laravel\\MTB_HMS_Booking_System\\vendor\\laravel\\framework\\src\\Illuminate\\Filesystem\\Filesystem.php(584): Symfony\\Component\\Finder\\Finder->in('C:\\\\xampp\\\\htdocs...')
#1 Command line code(1): Illuminate\\Filesystem\\Filesystem->files('C:\\\\xampp\\\\htdocs...')
#2 Command line code(1): getViews('C:\\\\xampp\\\\htdocs...', Object(Illuminate\\Filesystem\\Filesystem))
#3 {main}
  thrown at C:\\xampp\\htdocs\\laravel\\MTB_HMS_Booking_System\\vendor\\symfony\\finder\\Finder.php:646)
[stacktrace]
#0 {main}
"} 
[2025-04-21 12:33:14] local.ERROR: Uncaught Symfony\Component\Finder\Exception\DirectoryNotFoundException: The "C:\xampp\htdocs\laravel\MTB_HMS_Booking_System\MTB_Laravel\MTB_Booking_System\resources\views" directory does not exist. in C:\xampp\htdocs\laravel\MTB_HMS_Booking_System\vendor\symfony\finder\Finder.php:646
Stack trace:
#0 C:\xampp\htdocs\laravel\MTB_HMS_Booking_System\vendor\laravel\framework\src\Illuminate\Filesystem\Filesystem.php(584): Symfony\Component\Finder\Finder->in('C:\\xampp\\htdocs...')
#1 Command line code(1): Illuminate\Filesystem\Filesystem->files('C:\\xampp\\htdocs...')
#2 Command line code(1): getViews('C:\\xampp\\htdocs...', Object(Illuminate\Filesystem\Filesystem))
#3 {main}
  thrown {"exception":"[object] (Symfony\\Component\\ErrorHandler\\Error\\FatalError(code: 0): Uncaught Symfony\\Component\\Finder\\Exception\\DirectoryNotFoundException: The \"C:\\xampp\\htdocs\\laravel\\MTB_HMS_Booking_System\\MTB_Laravel\\MTB_Booking_System\\resources\\views\" directory does not exist. in C:\\xampp\\htdocs\\laravel\\MTB_HMS_Booking_System\\vendor\\symfony\\finder\\Finder.php:646
Stack trace:
#0 C:\\xampp\\htdocs\\laravel\\MTB_HMS_Booking_System\\vendor\\laravel\\framework\\src\\Illuminate\\Filesystem\\Filesystem.php(584): Symfony\\Component\\Finder\\Finder->in('C:\\\\xampp\\\\htdocs...')
#1 Command line code(1): Illuminate\\Filesystem\\Filesystem->files('C:\\\\xampp\\\\htdocs...')
#2 Command line code(1): getViews('C:\\\\xampp\\\\htdocs...', Object(Illuminate\\Filesystem\\Filesystem))
#3 {main}
  thrown at C:\\xampp\\htdocs\\laravel\\MTB_HMS_Booking_System\\vendor\\symfony\\finder\\Finder.php:646)
[stacktrace]
#0 {main}
"} 
[2025-04-21 12:33:16] local.ERROR: Uncaught Symfony\Component\Finder\Exception\DirectoryNotFoundException: The "C:\xampp\htdocs\laravel\MTB_HMS_Booking_System\MTB_Laravel\MTB_Booking_System\resources\views" directory does not exist. in C:\xampp\htdocs\laravel\MTB_HMS_Booking_System\vendor\symfony\finder\Finder.php:646
Stack trace:
#0 C:\xampp\htdocs\laravel\MTB_HMS_Booking_System\vendor\laravel\framework\src\Illuminate\Filesystem\Filesystem.php(584): Symfony\Component\Finder\Finder->in('C:\\xampp\\htdocs...')
#1 Command line code(1): Illuminate\Filesystem\Filesystem->files('C:\\xampp\\htdocs...')
#2 Command line code(1): getViews('C:\\xampp\\htdocs...', Object(Illuminate\Filesystem\Filesystem))
#3 {main}
  thrown {"exception":"[object] (Symfony\\Component\\ErrorHandler\\Error\\FatalError(code: 0): Uncaught Symfony\\Component\\Finder\\Exception\\DirectoryNotFoundException: The \"C:\\xampp\\htdocs\\laravel\\MTB_HMS_Booking_System\\MTB_Laravel\\MTB_Booking_System\\resources\\views\" directory does not exist. in C:\\xampp\\htdocs\\laravel\\MTB_HMS_Booking_System\\vendor\\symfony\\finder\\Finder.php:646
Stack trace:
#0 C:\\xampp\\htdocs\\laravel\\MTB_HMS_Booking_System\\vendor\\laravel\\framework\\src\\Illuminate\\Filesystem\\Filesystem.php(584): Symfony\\Component\\Finder\\Finder->in('C:\\\\xampp\\\\htdocs...')
#1 Command line code(1): Illuminate\\Filesystem\\Filesystem->files('C:\\\\xampp\\\\htdocs...')
#2 Command line code(1): getViews('C:\\\\xampp\\\\htdocs...', Object(Illuminate\\Filesystem\\Filesystem))
#3 {main}
  thrown at C:\\xampp\\htdocs\\laravel\\MTB_HMS_Booking_System\\vendor\\symfony\\finder\\Finder.php:646)
[stacktrace]
#0 {main}
"} 
[2025-04-21 12:33:17] local.ERROR: Uncaught Symfony\Component\Finder\Exception\DirectoryNotFoundException: The "C:\xampp\htdocs\laravel\MTB_HMS_Booking_System\MTB_Laravel\MTB_Booking_System\resources\views" directory does not exist. in C:\xampp\htdocs\laravel\MTB_HMS_Booking_System\vendor\symfony\finder\Finder.php:646
Stack trace:
#0 C:\xampp\htdocs\laravel\MTB_HMS_Booking_System\vendor\laravel\framework\src\Illuminate\Filesystem\Filesystem.php(584): Symfony\Component\Finder\Finder->in('C:\\xampp\\htdocs...')
#1 Command line code(1): Illuminate\Filesystem\Filesystem->files('C:\\xampp\\htdocs...')
#2 Command line code(1): getViews('C:\\xampp\\htdocs...', Object(Illuminate\Filesystem\Filesystem))
#3 {main}
  thrown {"exception":"[object] (Symfony\\Component\\ErrorHandler\\Error\\FatalError(code: 0): Uncaught Symfony\\Component\\Finder\\Exception\\DirectoryNotFoundException: The \"C:\\xampp\\htdocs\\laravel\\MTB_HMS_Booking_System\\MTB_Laravel\\MTB_Booking_System\\resources\\views\" directory does not exist. in C:\\xampp\\htdocs\\laravel\\MTB_HMS_Booking_System\\vendor\\symfony\\finder\\Finder.php:646
Stack trace:
#0 C:\\xampp\\htdocs\\laravel\\MTB_HMS_Booking_System\\vendor\\laravel\\framework\\src\\Illuminate\\Filesystem\\Filesystem.php(584): Symfony\\Component\\Finder\\Finder->in('C:\\\\xampp\\\\htdocs...')
#1 Command line code(1): Illuminate\\Filesystem\\Filesystem->files('C:\\\\xampp\\\\htdocs...')
#2 Command line code(1): getViews('C:\\\\xampp\\\\htdocs...', Object(Illuminate\\Filesystem\\Filesystem))
#3 {main}
  thrown at C:\\xampp\\htdocs\\laravel\\MTB_HMS_Booking_System\\vendor\\symfony\\finder\\Finder.php:646)
[stacktrace]
#0 {main}
"} 
[2025-04-21 12:33:18] local.ERROR: Uncaught Symfony\Component\Finder\Exception\DirectoryNotFoundException: The "C:\xampp\htdocs\laravel\MTB_HMS_Booking_System\MTB_Laravel\MTB_Booking_System\resources\views" directory does not exist. in C:\xampp\htdocs\laravel\MTB_HMS_Booking_System\vendor\symfony\finder\Finder.php:646
Stack trace:
#0 C:\xampp\htdocs\laravel\MTB_HMS_Booking_System\vendor\laravel\framework\src\Illuminate\Filesystem\Filesystem.php(584): Symfony\Component\Finder\Finder->in('C:\\xampp\\htdocs...')
#1 Command line code(1): Illuminate\Filesystem\Filesystem->files('C:\\xampp\\htdocs...')
#2 Command line code(1): getViews('C:\\xampp\\htdocs...', Object(Illuminate\Filesystem\Filesystem))
#3 {main}
  thrown {"exception":"[object] (Symfony\\Component\\ErrorHandler\\Error\\FatalError(code: 0): Uncaught Symfony\\Component\\Finder\\Exception\\DirectoryNotFoundException: The \"C:\\xampp\\htdocs\\laravel\\MTB_HMS_Booking_System\\MTB_Laravel\\MTB_Booking_System\\resources\\views\" directory does not exist. in C:\\xampp\\htdocs\\laravel\\MTB_HMS_Booking_System\\vendor\\symfony\\finder\\Finder.php:646
Stack trace:
#0 C:\\xampp\\htdocs\\laravel\\MTB_HMS_Booking_System\\vendor\\laravel\\framework\\src\\Illuminate\\Filesystem\\Filesystem.php(584): Symfony\\Component\\Finder\\Finder->in('C:\\\\xampp\\\\htdocs...')
#1 Command line code(1): Illuminate\\Filesystem\\Filesystem->files('C:\\\\xampp\\\\htdocs...')
#2 Command line code(1): getViews('C:\\\\xampp\\\\htdocs...', Object(Illuminate\\Filesystem\\Filesystem))
#3 {main}
  thrown at C:\\xampp\\htdocs\\laravel\\MTB_HMS_Booking_System\\vendor\\symfony\\finder\\Finder.php:646)
[stacktrace]
#0 {main}
"} 
[2025-04-21 12:33:19] local.ERROR: Uncaught Symfony\Component\Finder\Exception\DirectoryNotFoundException: The "C:\xampp\htdocs\laravel\MTB_HMS_Booking_System\MTB_Laravel\MTB_Booking_System\resources\views" directory does not exist. in C:\xampp\htdocs\laravel\MTB_HMS_Booking_System\vendor\symfony\finder\Finder.php:646
Stack trace:
#0 C:\xampp\htdocs\laravel\MTB_HMS_Booking_System\vendor\laravel\framework\src\Illuminate\Filesystem\Filesystem.php(584): Symfony\Component\Finder\Finder->in('C:\\xampp\\htdocs...')
#1 Command line code(1): Illuminate\Filesystem\Filesystem->files('C:\\xampp\\htdocs...')
#2 Command line code(1): getViews('C:\\xampp\\htdocs...', Object(Illuminate\Filesystem\Filesystem))
#3 {main}
  thrown {"exception":"[object] (Symfony\\Component\\ErrorHandler\\Error\\FatalError(code: 0): Uncaught Symfony\\Component\\Finder\\Exception\\DirectoryNotFoundException: The \"C:\\xampp\\htdocs\\laravel\\MTB_HMS_Booking_System\\MTB_Laravel\\MTB_Booking_System\\resources\\views\" directory does not exist. in C:\\xampp\\htdocs\\laravel\\MTB_HMS_Booking_System\\vendor\\symfony\\finder\\Finder.php:646
Stack trace:
#0 C:\\xampp\\htdocs\\laravel\\MTB_HMS_Booking_System\\vendor\\laravel\\framework\\src\\Illuminate\\Filesystem\\Filesystem.php(584): Symfony\\Component\\Finder\\Finder->in('C:\\\\xampp\\\\htdocs...')
#1 Command line code(1): Illuminate\\Filesystem\\Filesystem->files('C:\\\\xampp\\\\htdocs...')
#2 Command line code(1): getViews('C:\\\\xampp\\\\htdocs...', Object(Illuminate\\Filesystem\\Filesystem))
#3 {main}
  thrown at C:\\xampp\\htdocs\\laravel\\MTB_HMS_Booking_System\\vendor\\symfony\\finder\\Finder.php:646)
[stacktrace]
#0 {main}
"} 
[2025-04-21 12:33:21] local.ERROR: Uncaught Symfony\Component\Finder\Exception\DirectoryNotFoundException: The "C:\xampp\htdocs\laravel\MTB_HMS_Booking_System\MTB_Laravel\MTB_Booking_System\resources\views" directory does not exist. in C:\xampp\htdocs\laravel\MTB_HMS_Booking_System\vendor\symfony\finder\Finder.php:646
Stack trace:
#0 C:\xampp\htdocs\laravel\MTB_HMS_Booking_System\vendor\laravel\framework\src\Illuminate\Filesystem\Filesystem.php(584): Symfony\Component\Finder\Finder->in('C:\\xampp\\htdocs...')
#1 Command line code(1): Illuminate\Filesystem\Filesystem->files('C:\\xampp\\htdocs...')
#2 Command line code(1): getViews('C:\\xampp\\htdocs...', Object(Illuminate\Filesystem\Filesystem))
#3 {main}
  thrown {"exception":"[object] (Symfony\\Component\\ErrorHandler\\Error\\FatalError(code: 0): Uncaught Symfony\\Component\\Finder\\Exception\\DirectoryNotFoundException: The \"C:\\xampp\\htdocs\\laravel\\MTB_HMS_Booking_System\\MTB_Laravel\\MTB_Booking_System\\resources\\views\" directory does not exist. in C:\\xampp\\htdocs\\laravel\\MTB_HMS_Booking_System\\vendor\\symfony\\finder\\Finder.php:646
Stack trace:
#0 C:\\xampp\\htdocs\\laravel\\MTB_HMS_Booking_System\\vendor\\laravel\\framework\\src\\Illuminate\\Filesystem\\Filesystem.php(584): Symfony\\Component\\Finder\\Finder->in('C:\\\\xampp\\\\htdocs...')
#1 Command line code(1): Illuminate\\Filesystem\\Filesystem->files('C:\\\\xampp\\\\htdocs...')
#2 Command line code(1): getViews('C:\\\\xampp\\\\htdocs...', Object(Illuminate\\Filesystem\\Filesystem))
#3 {main}
  thrown at C:\\xampp\\htdocs\\laravel\\MTB_HMS_Booking_System\\vendor\\symfony\\finder\\Finder.php:646)
[stacktrace]
#0 {main}
"} 
[2025-04-21 12:33:23] local.ERROR: Uncaught Symfony\Component\Finder\Exception\DirectoryNotFoundException: The "C:\xampp\htdocs\laravel\MTB_HMS_Booking_System\MTB_Laravel\MTB_Booking_System\resources\views" directory does not exist. in C:\xampp\htdocs\laravel\MTB_HMS_Booking_System\vendor\symfony\finder\Finder.php:646
Stack trace:
#0 C:\xampp\htdocs\laravel\MTB_HMS_Booking_System\vendor\laravel\framework\src\Illuminate\Filesystem\Filesystem.php(584): Symfony\Component\Finder\Finder->in('C:\\xampp\\htdocs...')
#1 Command line code(1): Illuminate\Filesystem\Filesystem->files('C:\\xampp\\htdocs...')
#2 Command line code(1): getViews('C:\\xampp\\htdocs...', Object(Illuminate\Filesystem\Filesystem))
#3 {main}
  thrown {"exception":"[object] (Symfony\\Component\\ErrorHandler\\Error\\FatalError(code: 0): Uncaught Symfony\\Component\\Finder\\Exception\\DirectoryNotFoundException: The \"C:\\xampp\\htdocs\\laravel\\MTB_HMS_Booking_System\\MTB_Laravel\\MTB_Booking_System\\resources\\views\" directory does not exist. in C:\\xampp\\htdocs\\laravel\\MTB_HMS_Booking_System\\vendor\\symfony\\finder\\Finder.php:646
Stack trace:
#0 C:\\xampp\\htdocs\\laravel\\MTB_HMS_Booking_System\\vendor\\laravel\\framework\\src\\Illuminate\\Filesystem\\Filesystem.php(584): Symfony\\Component\\Finder\\Finder->in('C:\\\\xampp\\\\htdocs...')
#1 Command line code(1): Illuminate\\Filesystem\\Filesystem->files('C:\\\\xampp\\\\htdocs...')
#2 Command line code(1): getViews('C:\\\\xampp\\\\htdocs...', Object(Illuminate\\Filesystem\\Filesystem))
#3 {main}
  thrown at C:\\xampp\\htdocs\\laravel\\MTB_HMS_Booking_System\\vendor\\symfony\\finder\\Finder.php:646)
[stacktrace]
#0 {main}
"} 
[2025-04-21 12:33:24] local.ERROR: Uncaught Symfony\Component\Finder\Exception\DirectoryNotFoundException: The "C:\xampp\htdocs\laravel\MTB_HMS_Booking_System\MTB_Laravel\MTB_Booking_System\resources\views" directory does not exist. in C:\xampp\htdocs\laravel\MTB_HMS_Booking_System\vendor\symfony\finder\Finder.php:646
Stack trace:
#0 C:\xampp\htdocs\laravel\MTB_HMS_Booking_System\vendor\laravel\framework\src\Illuminate\Filesystem\Filesystem.php(584): Symfony\Component\Finder\Finder->in('C:\\xampp\\htdocs...')
#1 Command line code(1): Illuminate\Filesystem\Filesystem->files('C:\\xampp\\htdocs...')
#2 Command line code(1): getViews('C:\\xampp\\htdocs...', Object(Illuminate\Filesystem\Filesystem))
#3 {main}
  thrown {"exception":"[object] (Symfony\\Component\\ErrorHandler\\Error\\FatalError(code: 0): Uncaught Symfony\\Component\\Finder\\Exception\\DirectoryNotFoundException: The \"C:\\xampp\\htdocs\\laravel\\MTB_HMS_Booking_System\\MTB_Laravel\\MTB_Booking_System\\resources\\views\" directory does not exist. in C:\\xampp\\htdocs\\laravel\\MTB_HMS_Booking_System\\vendor\\symfony\\finder\\Finder.php:646
Stack trace:
#0 C:\\xampp\\htdocs\\laravel\\MTB_HMS_Booking_System\\vendor\\laravel\\framework\\src\\Illuminate\\Filesystem\\Filesystem.php(584): Symfony\\Component\\Finder\\Finder->in('C:\\\\xampp\\\\htdocs...')
#1 Command line code(1): Illuminate\\Filesystem\\Filesystem->files('C:\\\\xampp\\\\htdocs...')
#2 Command line code(1): getViews('C:\\\\xampp\\\\htdocs...', Object(Illuminate\\Filesystem\\Filesystem))
#3 {main}
  thrown at C:\\xampp\\htdocs\\laravel\\MTB_HMS_Booking_System\\vendor\\symfony\\finder\\Finder.php:646)
[stacktrace]
#0 {main}
"} 
[2025-04-21 12:33:24] local.ERROR: Uncaught Symfony\Component\Finder\Exception\DirectoryNotFoundException: The "C:\xampp\htdocs\laravel\MTB_HMS_Booking_System\MTB_Laravel\MTB_Booking_System\resources\views" directory does not exist. in C:\xampp\htdocs\laravel\MTB_HMS_Booking_System\vendor\symfony\finder\Finder.php:646
Stack trace:
#0 C:\xampp\htdocs\laravel\MTB_HMS_Booking_System\vendor\laravel\framework\src\Illuminate\Filesystem\Filesystem.php(584): Symfony\Component\Finder\Finder->in('C:\\xampp\\htdocs...')
#1 Command line code(1): Illuminate\Filesystem\Filesystem->files('C:\\xampp\\htdocs...')
#2 Command line code(1): getViews('C:\\xampp\\htdocs...', Object(Illuminate\Filesystem\Filesystem))
#3 {main}
  thrown {"exception":"[object] (Symfony\\Component\\ErrorHandler\\Error\\FatalError(code: 0): Uncaught Symfony\\Component\\Finder\\Exception\\DirectoryNotFoundException: The \"C:\\xampp\\htdocs\\laravel\\MTB_HMS_Booking_System\\MTB_Laravel\\MTB_Booking_System\\resources\\views\" directory does not exist. in C:\\xampp\\htdocs\\laravel\\MTB_HMS_Booking_System\\vendor\\symfony\\finder\\Finder.php:646
Stack trace:
#0 C:\\xampp\\htdocs\\laravel\\MTB_HMS_Booking_System\\vendor\\laravel\\framework\\src\\Illuminate\\Filesystem\\Filesystem.php(584): Symfony\\Component\\Finder\\Finder->in('C:\\\\xampp\\\\htdocs...')
#1 Command line code(1): Illuminate\\Filesystem\\Filesystem->files('C:\\\\xampp\\\\htdocs...')
#2 Command line code(1): getViews('C:\\\\xampp\\\\htdocs...', Object(Illuminate\\Filesystem\\Filesystem))
#3 {main}
  thrown at C:\\xampp\\htdocs\\laravel\\MTB_HMS_Booking_System\\vendor\\symfony\\finder\\Finder.php:646)
[stacktrace]
#0 {main}
"} 
[2025-04-21 12:33:27] local.ERROR: Uncaught Symfony\Component\Finder\Exception\DirectoryNotFoundException: The "C:\xampp\htdocs\laravel\MTB_HMS_Booking_System\MTB_Laravel\MTB_Booking_System\resources\views" directory does not exist. in C:\xampp\htdocs\laravel\MTB_HMS_Booking_System\vendor\symfony\finder\Finder.php:646
Stack trace:
#0 C:\xampp\htdocs\laravel\MTB_HMS_Booking_System\vendor\laravel\framework\src\Illuminate\Filesystem\Filesystem.php(584): Symfony\Component\Finder\Finder->in('C:\\xampp\\htdocs...')
#1 Command line code(1): Illuminate\Filesystem\Filesystem->files('C:\\xampp\\htdocs...')
#2 Command line code(1): getViews('C:\\xampp\\htdocs...', Object(Illuminate\Filesystem\Filesystem))
#3 {main}
  thrown {"exception":"[object] (Symfony\\Component\\ErrorHandler\\Error\\FatalError(code: 0): Uncaught Symfony\\Component\\Finder\\Exception\\DirectoryNotFoundException: The \"C:\\xampp\\htdocs\\laravel\\MTB_HMS_Booking_System\\MTB_Laravel\\MTB_Booking_System\\resources\\views\" directory does not exist. in C:\\xampp\\htdocs\\laravel\\MTB_HMS_Booking_System\\vendor\\symfony\\finder\\Finder.php:646
Stack trace:
#0 C:\\xampp\\htdocs\\laravel\\MTB_HMS_Booking_System\\vendor\\laravel\\framework\\src\\Illuminate\\Filesystem\\Filesystem.php(584): Symfony\\Component\\Finder\\Finder->in('C:\\\\xampp\\\\htdocs...')
#1 Command line code(1): Illuminate\\Filesystem\\Filesystem->files('C:\\\\xampp\\\\htdocs...')
#2 Command line code(1): getViews('C:\\\\xampp\\\\htdocs...', Object(Illuminate\\Filesystem\\Filesystem))
#3 {main}
  thrown at C:\\xampp\\htdocs\\laravel\\MTB_HMS_Booking_System\\vendor\\symfony\\finder\\Finder.php:646)
[stacktrace]
#0 {main}
"} 
[2025-04-21 12:33:28] local.ERROR: Uncaught Symfony\Component\Finder\Exception\DirectoryNotFoundException: The "C:\xampp\htdocs\laravel\MTB_HMS_Booking_System\MTB_Laravel\MTB_Booking_System\resources\views" directory does not exist. in C:\xampp\htdocs\laravel\MTB_HMS_Booking_System\vendor\symfony\finder\Finder.php:646
Stack trace:
#0 C:\xampp\htdocs\laravel\MTB_HMS_Booking_System\vendor\laravel\framework\src\Illuminate\Filesystem\Filesystem.php(584): Symfony\Component\Finder\Finder->in('C:\\xampp\\htdocs...')
#1 Command line code(1): Illuminate\Filesystem\Filesystem->files('C:\\xampp\\htdocs...')
#2 Command line code(1): getViews('C:\\xampp\\htdocs...', Object(Illuminate\Filesystem\Filesystem))
#3 {main}
  thrown {"exception":"[object] (Symfony\\Component\\ErrorHandler\\Error\\FatalError(code: 0): Uncaught Symfony\\Component\\Finder\\Exception\\DirectoryNotFoundException: The \"C:\\xampp\\htdocs\\laravel\\MTB_HMS_Booking_System\\MTB_Laravel\\MTB_Booking_System\\resources\\views\" directory does not exist. in C:\\xampp\\htdocs\\laravel\\MTB_HMS_Booking_System\\vendor\\symfony\\finder\\Finder.php:646
Stack trace:
#0 C:\\xampp\\htdocs\\laravel\\MTB_HMS_Booking_System\\vendor\\laravel\\framework\\src\\Illuminate\\Filesystem\\Filesystem.php(584): Symfony\\Component\\Finder\\Finder->in('C:\\\\xampp\\\\htdocs...')
#1 Command line code(1): Illuminate\\Filesystem\\Filesystem->files('C:\\\\xampp\\\\htdocs...')
#2 Command line code(1): getViews('C:\\\\xampp\\\\htdocs...', Object(Illuminate\\Filesystem\\Filesystem))
#3 {main}
  thrown at C:\\xampp\\htdocs\\laravel\\MTB_HMS_Booking_System\\vendor\\symfony\\finder\\Finder.php:646)
[stacktrace]
#0 {main}
"} 
[2025-04-21 12:33:29] local.ERROR: Uncaught Symfony\Component\Finder\Exception\DirectoryNotFoundException: The "C:\xampp\htdocs\laravel\MTB_HMS_Booking_System\MTB_Laravel\MTB_Booking_System\resources\views" directory does not exist. in C:\xampp\htdocs\laravel\MTB_HMS_Booking_System\vendor\symfony\finder\Finder.php:646
Stack trace:
#0 C:\xampp\htdocs\laravel\MTB_HMS_Booking_System\vendor\laravel\framework\src\Illuminate\Filesystem\Filesystem.php(584): Symfony\Component\Finder\Finder->in('C:\\xampp\\htdocs...')
#1 Command line code(1): Illuminate\Filesystem\Filesystem->files('C:\\xampp\\htdocs...')
#2 Command line code(1): getViews('C:\\xampp\\htdocs...', Object(Illuminate\Filesystem\Filesystem))
#3 {main}
  thrown {"exception":"[object] (Symfony\\Component\\ErrorHandler\\Error\\FatalError(code: 0): Uncaught Symfony\\Component\\Finder\\Exception\\DirectoryNotFoundException: The \"C:\\xampp\\htdocs\\laravel\\MTB_HMS_Booking_System\\MTB_Laravel\\MTB_Booking_System\\resources\\views\" directory does not exist. in C:\\xampp\\htdocs\\laravel\\MTB_HMS_Booking_System\\vendor\\symfony\\finder\\Finder.php:646
Stack trace:
#0 C:\\xampp\\htdocs\\laravel\\MTB_HMS_Booking_System\\vendor\\laravel\\framework\\src\\Illuminate\\Filesystem\\Filesystem.php(584): Symfony\\Component\\Finder\\Finder->in('C:\\\\xampp\\\\htdocs...')
#1 Command line code(1): Illuminate\\Filesystem\\Filesystem->files('C:\\\\xampp\\\\htdocs...')
#2 Command line code(1): getViews('C:\\\\xampp\\\\htdocs...', Object(Illuminate\\Filesystem\\Filesystem))
#3 {main}
  thrown at C:\\xampp\\htdocs\\laravel\\MTB_HMS_Booking_System\\vendor\\symfony\\finder\\Finder.php:646)
[stacktrace]
#0 {main}
"} 
[2025-04-21 12:33:29] local.ERROR: Uncaught Symfony\Component\Finder\Exception\DirectoryNotFoundException: The "C:\xampp\htdocs\laravel\MTB_HMS_Booking_System\MTB_Laravel\MTB_Booking_System\resources\views" directory does not exist. in C:\xampp\htdocs\laravel\MTB_HMS_Booking_System\vendor\symfony\finder\Finder.php:646
Stack trace:
#0 C:\xampp\htdocs\laravel\MTB_HMS_Booking_System\vendor\laravel\framework\src\Illuminate\Filesystem\Filesystem.php(584): Symfony\Component\Finder\Finder->in('C:\\xampp\\htdocs...')
#1 Command line code(1): Illuminate\Filesystem\Filesystem->files('C:\\xampp\\htdocs...')
#2 Command line code(1): getViews('C:\\xampp\\htdocs...', Object(Illuminate\Filesystem\Filesystem))
#3 {main}
  thrown {"exception":"[object] (Symfony\\Component\\ErrorHandler\\Error\\FatalError(code: 0): Uncaught Symfony\\Component\\Finder\\Exception\\DirectoryNotFoundException: The \"C:\\xampp\\htdocs\\laravel\\MTB_HMS_Booking_System\\MTB_Laravel\\MTB_Booking_System\\resources\\views\" directory does not exist. in C:\\xampp\\htdocs\\laravel\\MTB_HMS_Booking_System\\vendor\\symfony\\finder\\Finder.php:646
Stack trace:
#0 C:\\xampp\\htdocs\\laravel\\MTB_HMS_Booking_System\\vendor\\laravel\\framework\\src\\Illuminate\\Filesystem\\Filesystem.php(584): Symfony\\Component\\Finder\\Finder->in('C:\\\\xampp\\\\htdocs...')
#1 Command line code(1): Illuminate\\Filesystem\\Filesystem->files('C:\\\\xampp\\\\htdocs...')
#2 Command line code(1): getViews('C:\\\\xampp\\\\htdocs...', Object(Illuminate\\Filesystem\\Filesystem))
#3 {main}
  thrown at C:\\xampp\\htdocs\\laravel\\MTB_HMS_Booking_System\\vendor\\symfony\\finder\\Finder.php:646)
[stacktrace]
#0 {main}
"} 
[2025-04-21 12:33:31] local.ERROR: Uncaught Symfony\Component\Finder\Exception\DirectoryNotFoundException: The "C:\xampp\htdocs\laravel\MTB_HMS_Booking_System\MTB_Laravel\MTB_Booking_System\resources\views" directory does not exist. in C:\xampp\htdocs\laravel\MTB_HMS_Booking_System\vendor\symfony\finder\Finder.php:646
Stack trace:
#0 C:\xampp\htdocs\laravel\MTB_HMS_Booking_System\vendor\laravel\framework\src\Illuminate\Filesystem\Filesystem.php(584): Symfony\Component\Finder\Finder->in('C:\\xampp\\htdocs...')
#1 Command line code(1): Illuminate\Filesystem\Filesystem->files('C:\\xampp\\htdocs...')
#2 Command line code(1): getViews('C:\\xampp\\htdocs...', Object(Illuminate\Filesystem\Filesystem))
#3 {main}
  thrown {"exception":"[object] (Symfony\\Component\\ErrorHandler\\Error\\FatalError(code: 0): Uncaught Symfony\\Component\\Finder\\Exception\\DirectoryNotFoundException: The \"C:\\xampp\\htdocs\\laravel\\MTB_HMS_Booking_System\\MTB_Laravel\\MTB_Booking_System\\resources\\views\" directory does not exist. in C:\\xampp\\htdocs\\laravel\\MTB_HMS_Booking_System\\vendor\\symfony\\finder\\Finder.php:646
Stack trace:
#0 C:\\xampp\\htdocs\\laravel\\MTB_HMS_Booking_System\\vendor\\laravel\\framework\\src\\Illuminate\\Filesystem\\Filesystem.php(584): Symfony\\Component\\Finder\\Finder->in('C:\\\\xampp\\\\htdocs...')
#1 Command line code(1): Illuminate\\Filesystem\\Filesystem->files('C:\\\\xampp\\\\htdocs...')
#2 Command line code(1): getViews('C:\\\\xampp\\\\htdocs...', Object(Illuminate\\Filesystem\\Filesystem))
#3 {main}
  thrown at C:\\xampp\\htdocs\\laravel\\MTB_HMS_Booking_System\\vendor\\symfony\\finder\\Finder.php:646)
[stacktrace]
#0 {main}
"} 
[2025-04-21 12:33:32] local.ERROR: Uncaught Symfony\Component\Finder\Exception\DirectoryNotFoundException: The "C:\xampp\htdocs\laravel\MTB_HMS_Booking_System\MTB_Laravel\MTB_Booking_System\resources\views" directory does not exist. in C:\xampp\htdocs\laravel\MTB_HMS_Booking_System\vendor\symfony\finder\Finder.php:646
Stack trace:
#0 C:\xampp\htdocs\laravel\MTB_HMS_Booking_System\vendor\laravel\framework\src\Illuminate\Filesystem\Filesystem.php(584): Symfony\Component\Finder\Finder->in('C:\\xampp\\htdocs...')
#1 Command line code(1): Illuminate\Filesystem\Filesystem->files('C:\\xampp\\htdocs...')
#2 Command line code(1): getViews('C:\\xampp\\htdocs...', Object(Illuminate\Filesystem\Filesystem))
#3 {main}
  thrown {"exception":"[object] (Symfony\\Component\\ErrorHandler\\Error\\FatalError(code: 0): Uncaught Symfony\\Component\\Finder\\Exception\\DirectoryNotFoundException: The \"C:\\xampp\\htdocs\\laravel\\MTB_HMS_Booking_System\\MTB_Laravel\\MTB_Booking_System\\resources\\views\" directory does not exist. in C:\\xampp\\htdocs\\laravel\\MTB_HMS_Booking_System\\vendor\\symfony\\finder\\Finder.php:646
Stack trace:
#0 C:\\xampp\\htdocs\\laravel\\MTB_HMS_Booking_System\\vendor\\laravel\\framework\\src\\Illuminate\\Filesystem\\Filesystem.php(584): Symfony\\Component\\Finder\\Finder->in('C:\\\\xampp\\\\htdocs...')
#1 Command line code(1): Illuminate\\Filesystem\\Filesystem->files('C:\\\\xampp\\\\htdocs...')
#2 Command line code(1): getViews('C:\\\\xampp\\\\htdocs...', Object(Illuminate\\Filesystem\\Filesystem))
#3 {main}
  thrown at C:\\xampp\\htdocs\\laravel\\MTB_HMS_Booking_System\\vendor\\symfony\\finder\\Finder.php:646)
[stacktrace]
#0 {main}
"} 
[2025-04-21 12:33:33] local.ERROR: Uncaught Symfony\Component\Finder\Exception\DirectoryNotFoundException: The "C:\xampp\htdocs\laravel\MTB_HMS_Booking_System\MTB_Laravel\MTB_Booking_System\resources\views" directory does not exist. in C:\xampp\htdocs\laravel\MTB_HMS_Booking_System\vendor\symfony\finder\Finder.php:646
Stack trace:
#0 C:\xampp\htdocs\laravel\MTB_HMS_Booking_System\vendor\laravel\framework\src\Illuminate\Filesystem\Filesystem.php(584): Symfony\Component\Finder\Finder->in('C:\\xampp\\htdocs...')
#1 Command line code(1): Illuminate\Filesystem\Filesystem->files('C:\\xampp\\htdocs...')
#2 Command line code(1): getViews('C:\\xampp\\htdocs...', Object(Illuminate\Filesystem\Filesystem))
#3 {main}
  thrown {"exception":"[object] (Symfony\\Component\\ErrorHandler\\Error\\FatalError(code: 0): Uncaught Symfony\\Component\\Finder\\Exception\\DirectoryNotFoundException: The \"C:\\xampp\\htdocs\\laravel\\MTB_HMS_Booking_System\\MTB_Laravel\\MTB_Booking_System\\resources\\views\" directory does not exist. in C:\\xampp\\htdocs\\laravel\\MTB_HMS_Booking_System\\vendor\\symfony\\finder\\Finder.php:646
Stack trace:
#0 C:\\xampp\\htdocs\\laravel\\MTB_HMS_Booking_System\\vendor\\laravel\\framework\\src\\Illuminate\\Filesystem\\Filesystem.php(584): Symfony\\Component\\Finder\\Finder->in('C:\\\\xampp\\\\htdocs...')
#1 Command line code(1): Illuminate\\Filesystem\\Filesystem->files('C:\\\\xampp\\\\htdocs...')
#2 Command line code(1): getViews('C:\\\\xampp\\\\htdocs...', Object(Illuminate\\Filesystem\\Filesystem))
#3 {main}
  thrown at C:\\xampp\\htdocs\\laravel\\MTB_HMS_Booking_System\\vendor\\symfony\\finder\\Finder.php:646)
[stacktrace]
#0 {main}
"} 
[2025-04-21 12:33:34] local.ERROR: Uncaught Symfony\Component\Finder\Exception\DirectoryNotFoundException: The "C:\xampp\htdocs\laravel\MTB_HMS_Booking_System\MTB_Laravel\MTB_Booking_System\resources\views" directory does not exist. in C:\xampp\htdocs\laravel\MTB_HMS_Booking_System\vendor\symfony\finder\Finder.php:646
Stack trace:
#0 C:\xampp\htdocs\laravel\MTB_HMS_Booking_System\vendor\laravel\framework\src\Illuminate\Filesystem\Filesystem.php(584): Symfony\Component\Finder\Finder->in('C:\\xampp\\htdocs...')
#1 Command line code(1): Illuminate\Filesystem\Filesystem->files('C:\\xampp\\htdocs...')
#2 Command line code(1): getViews('C:\\xampp\\htdocs...', Object(Illuminate\Filesystem\Filesystem))
#3 {main}
  thrown {"exception":"[object] (Symfony\\Component\\ErrorHandler\\Error\\FatalError(code: 0): Uncaught Symfony\\Component\\Finder\\Exception\\DirectoryNotFoundException: The \"C:\\xampp\\htdocs\\laravel\\MTB_HMS_Booking_System\\MTB_Laravel\\MTB_Booking_System\\resources\\views\" directory does not exist. in C:\\xampp\\htdocs\\laravel\\MTB_HMS_Booking_System\\vendor\\symfony\\finder\\Finder.php:646
Stack trace:
#0 C:\\xampp\\htdocs\\laravel\\MTB_HMS_Booking_System\\vendor\\laravel\\framework\\src\\Illuminate\\Filesystem\\Filesystem.php(584): Symfony\\Component\\Finder\\Finder->in('C:\\\\xampp\\\\htdocs...')
#1 Command line code(1): Illuminate\\Filesystem\\Filesystem->files('C:\\\\xampp\\\\htdocs...')
#2 Command line code(1): getViews('C:\\\\xampp\\\\htdocs...', Object(Illuminate\\Filesystem\\Filesystem))
#3 {main}
  thrown at C:\\xampp\\htdocs\\laravel\\MTB_HMS_Booking_System\\vendor\\symfony\\finder\\Finder.php:646)
[stacktrace]
#0 {main}
"} 
[2025-04-21 12:33:36] local.ERROR: Uncaught Symfony\Component\Finder\Exception\DirectoryNotFoundException: The "C:\xampp\htdocs\laravel\MTB_HMS_Booking_System\MTB_Laravel\MTB_Booking_System\resources\views" directory does not exist. in C:\xampp\htdocs\laravel\MTB_HMS_Booking_System\vendor\symfony\finder\Finder.php:646
Stack trace:
#0 C:\xampp\htdocs\laravel\MTB_HMS_Booking_System\vendor\laravel\framework\src\Illuminate\Filesystem\Filesystem.php(584): Symfony\Component\Finder\Finder->in('C:\\xampp\\htdocs...')
#1 Command line code(1): Illuminate\Filesystem\Filesystem->files('C:\\xampp\\htdocs...')
#2 Command line code(1): getViews('C:\\xampp\\htdocs...', Object(Illuminate\Filesystem\Filesystem))
#3 {main}
  thrown {"exception":"[object] (Symfony\\Component\\ErrorHandler\\Error\\FatalError(code: 0): Uncaught Symfony\\Component\\Finder\\Exception\\DirectoryNotFoundException: The \"C:\\xampp\\htdocs\\laravel\\MTB_HMS_Booking_System\\MTB_Laravel\\MTB_Booking_System\\resources\\views\" directory does not exist. in C:\\xampp\\htdocs\\laravel\\MTB_HMS_Booking_System\\vendor\\symfony\\finder\\Finder.php:646
Stack trace:
#0 C:\\xampp\\htdocs\\laravel\\MTB_HMS_Booking_System\\vendor\\laravel\\framework\\src\\Illuminate\\Filesystem\\Filesystem.php(584): Symfony\\Component\\Finder\\Finder->in('C:\\\\xampp\\\\htdocs...')
#1 Command line code(1): Illuminate\\Filesystem\\Filesystem->files('C:\\\\xampp\\\\htdocs...')
#2 Command line code(1): getViews('C:\\\\xampp\\\\htdocs...', Object(Illuminate\\Filesystem\\Filesystem))
#3 {main}
  thrown at C:\\xampp\\htdocs\\laravel\\MTB_HMS_Booking_System\\vendor\\symfony\\finder\\Finder.php:646)
[stacktrace]
#0 {main}
"} 
[2025-04-21 12:33:37] local.ERROR: Uncaught Symfony\Component\Finder\Exception\DirectoryNotFoundException: The "C:\xampp\htdocs\laravel\MTB_HMS_Booking_System\MTB_Laravel\MTB_Booking_System\resources\views" directory does not exist. in C:\xampp\htdocs\laravel\MTB_HMS_Booking_System\vendor\symfony\finder\Finder.php:646
Stack trace:
#0 C:\xampp\htdocs\laravel\MTB_HMS_Booking_System\vendor\laravel\framework\src\Illuminate\Filesystem\Filesystem.php(584): Symfony\Component\Finder\Finder->in('C:\\xampp\\htdocs...')
#1 Command line code(1): Illuminate\Filesystem\Filesystem->files('C:\\xampp\\htdocs...')
#2 Command line code(1): getViews('C:\\xampp\\htdocs...', Object(Illuminate\Filesystem\Filesystem))
#3 {main}
  thrown {"exception":"[object] (Symfony\\Component\\ErrorHandler\\Error\\FatalError(code: 0): Uncaught Symfony\\Component\\Finder\\Exception\\DirectoryNotFoundException: The \"C:\\xampp\\htdocs\\laravel\\MTB_HMS_Booking_System\\MTB_Laravel\\MTB_Booking_System\\resources\\views\" directory does not exist. in C:\\xampp\\htdocs\\laravel\\MTB_HMS_Booking_System\\vendor\\symfony\\finder\\Finder.php:646
Stack trace:
#0 C:\\xampp\\htdocs\\laravel\\MTB_HMS_Booking_System\\vendor\\laravel\\framework\\src\\Illuminate\\Filesystem\\Filesystem.php(584): Symfony\\Component\\Finder\\Finder->in('C:\\\\xampp\\\\htdocs...')
#1 Command line code(1): Illuminate\\Filesystem\\Filesystem->files('C:\\\\xampp\\\\htdocs...')
#2 Command line code(1): getViews('C:\\\\xampp\\\\htdocs...', Object(Illuminate\\Filesystem\\Filesystem))
#3 {main}
  thrown at C:\\xampp\\htdocs\\laravel\\MTB_HMS_Booking_System\\vendor\\symfony\\finder\\Finder.php:646)
[stacktrace]
#0 {main}
"} 
[2025-04-21 12:33:38] local.ERROR: Uncaught Symfony\Component\Finder\Exception\DirectoryNotFoundException: The "C:\xampp\htdocs\laravel\MTB_HMS_Booking_System\MTB_Laravel\MTB_Booking_System\resources\views" directory does not exist. in C:\xampp\htdocs\laravel\MTB_HMS_Booking_System\vendor\symfony\finder\Finder.php:646
Stack trace:
#0 C:\xampp\htdocs\laravel\MTB_HMS_Booking_System\vendor\laravel\framework\src\Illuminate\Filesystem\Filesystem.php(584): Symfony\Component\Finder\Finder->in('C:\\xampp\\htdocs...')
#1 Command line code(1): Illuminate\Filesystem\Filesystem->files('C:\\xampp\\htdocs...')
#2 Command line code(1): getViews('C:\\xampp\\htdocs...', Object(Illuminate\Filesystem\Filesystem))
#3 {main}
  thrown {"exception":"[object] (Symfony\\Component\\ErrorHandler\\Error\\FatalError(code: 0): Uncaught Symfony\\Component\\Finder\\Exception\\DirectoryNotFoundException: The \"C:\\xampp\\htdocs\\laravel\\MTB_HMS_Booking_System\\MTB_Laravel\\MTB_Booking_System\\resources\\views\" directory does not exist. in C:\\xampp\\htdocs\\laravel\\MTB_HMS_Booking_System\\vendor\\symfony\\finder\\Finder.php:646
Stack trace:
#0 C:\\xampp\\htdocs\\laravel\\MTB_HMS_Booking_System\\vendor\\laravel\\framework\\src\\Illuminate\\Filesystem\\Filesystem.php(584): Symfony\\Component\\Finder\\Finder->in('C:\\\\xampp\\\\htdocs...')
#1 Command line code(1): Illuminate\\Filesystem\\Filesystem->files('C:\\\\xampp\\\\htdocs...')
#2 Command line code(1): getViews('C:\\\\xampp\\\\htdocs...', Object(Illuminate\\Filesystem\\Filesystem))
#3 {main}
  thrown at C:\\xampp\\htdocs\\laravel\\MTB_HMS_Booking_System\\vendor\\symfony\\finder\\Finder.php:646)
[stacktrace]
#0 {main}
"} 
[2025-04-21 12:33:39] local.ERROR: Uncaught Symfony\Component\Finder\Exception\DirectoryNotFoundException: The "C:\xampp\htdocs\laravel\MTB_HMS_Booking_System\MTB_Laravel\MTB_Booking_System\resources\views" directory does not exist. in C:\xampp\htdocs\laravel\MTB_HMS_Booking_System\vendor\symfony\finder\Finder.php:646
Stack trace:
#0 C:\xampp\htdocs\laravel\MTB_HMS_Booking_System\vendor\laravel\framework\src\Illuminate\Filesystem\Filesystem.php(584): Symfony\Component\Finder\Finder->in('C:\\xampp\\htdocs...')
#1 Command line code(1): Illuminate\Filesystem\Filesystem->files('C:\\xampp\\htdocs...')
#2 Command line code(1): getViews('C:\\xampp\\htdocs...', Object(Illuminate\Filesystem\Filesystem))
#3 {main}
  thrown {"exception":"[object] (Symfony\\Component\\ErrorHandler\\Error\\FatalError(code: 0): Uncaught Symfony\\Component\\Finder\\Exception\\DirectoryNotFoundException: The \"C:\\xampp\\htdocs\\laravel\\MTB_HMS_Booking_System\\MTB_Laravel\\MTB_Booking_System\\resources\\views\" directory does not exist. in C:\\xampp\\htdocs\\laravel\\MTB_HMS_Booking_System\\vendor\\symfony\\finder\\Finder.php:646
Stack trace:
#0 C:\\xampp\\htdocs\\laravel\\MTB_HMS_Booking_System\\vendor\\laravel\\framework\\src\\Illuminate\\Filesystem\\Filesystem.php(584): Symfony\\Component\\Finder\\Finder->in('C:\\\\xampp\\\\htdocs...')
#1 Command line code(1): Illuminate\\Filesystem\\Filesystem->files('C:\\\\xampp\\\\htdocs...')
#2 Command line code(1): getViews('C:\\\\xampp\\\\htdocs...', Object(Illuminate\\Filesystem\\Filesystem))
#3 {main}
  thrown at C:\\xampp\\htdocs\\laravel\\MTB_HMS_Booking_System\\vendor\\symfony\\finder\\Finder.php:646)
[stacktrace]
#0 {main}
"} 
[2025-04-21 12:33:42] local.ERROR: Uncaught Symfony\Component\Finder\Exception\DirectoryNotFoundException: The "C:\xampp\htdocs\laravel\MTB_HMS_Booking_System\MTB_Laravel\MTB_Booking_System\resources\views" directory does not exist. in C:\xampp\htdocs\laravel\MTB_HMS_Booking_System\vendor\symfony\finder\Finder.php:646
Stack trace:
#0 C:\xampp\htdocs\laravel\MTB_HMS_Booking_System\vendor\laravel\framework\src\Illuminate\Filesystem\Filesystem.php(584): Symfony\Component\Finder\Finder->in('C:\\xampp\\htdocs...')
#1 Command line code(1): Illuminate\Filesystem\Filesystem->files('C:\\xampp\\htdocs...')
#2 Command line code(1): getViews('C:\\xampp\\htdocs...', Object(Illuminate\Filesystem\Filesystem))
#3 {main}
  thrown {"exception":"[object] (Symfony\\Component\\ErrorHandler\\Error\\FatalError(code: 0): Uncaught Symfony\\Component\\Finder\\Exception\\DirectoryNotFoundException: The \"C:\\xampp\\htdocs\\laravel\\MTB_HMS_Booking_System\\MTB_Laravel\\MTB_Booking_System\\resources\\views\" directory does not exist. in C:\\xampp\\htdocs\\laravel\\MTB_HMS_Booking_System\\vendor\\symfony\\finder\\Finder.php:646
Stack trace:
#0 C:\\xampp\\htdocs\\laravel\\MTB_HMS_Booking_System\\vendor\\laravel\\framework\\src\\Illuminate\\Filesystem\\Filesystem.php(584): Symfony\\Component\\Finder\\Finder->in('C:\\\\xampp\\\\htdocs...')
#1 Command line code(1): Illuminate\\Filesystem\\Filesystem->files('C:\\\\xampp\\\\htdocs...')
#2 Command line code(1): getViews('C:\\\\xampp\\\\htdocs...', Object(Illuminate\\Filesystem\\Filesystem))
#3 {main}
  thrown at C:\\xampp\\htdocs\\laravel\\MTB_HMS_Booking_System\\vendor\\symfony\\finder\\Finder.php:646)
[stacktrace]
#0 {main}
"} 
[2025-04-21 12:33:43] local.ERROR: Uncaught Symfony\Component\Finder\Exception\DirectoryNotFoundException: The "C:\xampp\htdocs\laravel\MTB_HMS_Booking_System\MTB_Laravel\MTB_Booking_System\resources\views" directory does not exist. in C:\xampp\htdocs\laravel\MTB_HMS_Booking_System\vendor\symfony\finder\Finder.php:646
Stack trace:
#0 C:\xampp\htdocs\laravel\MTB_HMS_Booking_System\vendor\laravel\framework\src\Illuminate\Filesystem\Filesystem.php(584): Symfony\Component\Finder\Finder->in('C:\\xampp\\htdocs...')
#1 Command line code(1): Illuminate\Filesystem\Filesystem->files('C:\\xampp\\htdocs...')
#2 Command line code(1): getViews('C:\\xampp\\htdocs...', Object(Illuminate\Filesystem\Filesystem))
#3 {main}
  thrown {"exception":"[object] (Symfony\\Component\\ErrorHandler\\Error\\FatalError(code: 0): Uncaught Symfony\\Component\\Finder\\Exception\\DirectoryNotFoundException: The \"C:\\xampp\\htdocs\\laravel\\MTB_HMS_Booking_System\\MTB_Laravel\\MTB_Booking_System\\resources\\views\" directory does not exist. in C:\\xampp\\htdocs\\laravel\\MTB_HMS_Booking_System\\vendor\\symfony\\finder\\Finder.php:646
Stack trace:
#0 C:\\xampp\\htdocs\\laravel\\MTB_HMS_Booking_System\\vendor\\laravel\\framework\\src\\Illuminate\\Filesystem\\Filesystem.php(584): Symfony\\Component\\Finder\\Finder->in('C:\\\\xampp\\\\htdocs...')
#1 Command line code(1): Illuminate\\Filesystem\\Filesystem->files('C:\\\\xampp\\\\htdocs...')
#2 Command line code(1): getViews('C:\\\\xampp\\\\htdocs...', Object(Illuminate\\Filesystem\\Filesystem))
#3 {main}
  thrown at C:\\xampp\\htdocs\\laravel\\MTB_HMS_Booking_System\\vendor\\symfony\\finder\\Finder.php:646)
[stacktrace]
#0 {main}
"} 
[2025-04-21 12:33:44] local.ERROR: Uncaught Symfony\Component\Finder\Exception\DirectoryNotFoundException: The "C:\xampp\htdocs\laravel\MTB_HMS_Booking_System\MTB_Laravel\MTB_Booking_System\resources\views" directory does not exist. in C:\xampp\htdocs\laravel\MTB_HMS_Booking_System\vendor\symfony\finder\Finder.php:646
Stack trace:
#0 C:\xampp\htdocs\laravel\MTB_HMS_Booking_System\vendor\laravel\framework\src\Illuminate\Filesystem\Filesystem.php(584): Symfony\Component\Finder\Finder->in('C:\\xampp\\htdocs...')
#1 Command line code(1): Illuminate\Filesystem\Filesystem->files('C:\\xampp\\htdocs...')
#2 Command line code(1): getViews('C:\\xampp\\htdocs...', Object(Illuminate\Filesystem\Filesystem))
#3 {main}
  thrown {"exception":"[object] (Symfony\\Component\\ErrorHandler\\Error\\FatalError(code: 0): Uncaught Symfony\\Component\\Finder\\Exception\\DirectoryNotFoundException: The \"C:\\xampp\\htdocs\\laravel\\MTB_HMS_Booking_System\\MTB_Laravel\\MTB_Booking_System\\resources\\views\" directory does not exist. in C:\\xampp\\htdocs\\laravel\\MTB_HMS_Booking_System\\vendor\\symfony\\finder\\Finder.php:646
Stack trace:
#0 C:\\xampp\\htdocs\\laravel\\MTB_HMS_Booking_System\\vendor\\laravel\\framework\\src\\Illuminate\\Filesystem\\Filesystem.php(584): Symfony\\Component\\Finder\\Finder->in('C:\\\\xampp\\\\htdocs...')
#1 Command line code(1): Illuminate\\Filesystem\\Filesystem->files('C:\\\\xampp\\\\htdocs...')
#2 Command line code(1): getViews('C:\\\\xampp\\\\htdocs...', Object(Illuminate\\Filesystem\\Filesystem))
#3 {main}
  thrown at C:\\xampp\\htdocs\\laravel\\MTB_HMS_Booking_System\\vendor\\symfony\\finder\\Finder.php:646)
[stacktrace]
#0 {main}
"} 
[2025-04-21 12:33:47] local.ERROR: Uncaught Symfony\Component\Finder\Exception\DirectoryNotFoundException: The "C:\xampp\htdocs\laravel\MTB_HMS_Booking_System\MTB_Laravel\MTB_Booking_System\resources\views" directory does not exist. in C:\xampp\htdocs\laravel\MTB_HMS_Booking_System\vendor\symfony\finder\Finder.php:646
Stack trace:
#0 C:\xampp\htdocs\laravel\MTB_HMS_Booking_System\vendor\laravel\framework\src\Illuminate\Filesystem\Filesystem.php(584): Symfony\Component\Finder\Finder->in('C:\\xampp\\htdocs...')
#1 Command line code(1): Illuminate\Filesystem\Filesystem->files('C:\\xampp\\htdocs...')
#2 Command line code(1): getViews('C:\\xampp\\htdocs...', Object(Illuminate\Filesystem\Filesystem))
#3 {main}
  thrown {"exception":"[object] (Symfony\\Component\\ErrorHandler\\Error\\FatalError(code: 0): Uncaught Symfony\\Component\\Finder\\Exception\\DirectoryNotFoundException: The \"C:\\xampp\\htdocs\\laravel\\MTB_HMS_Booking_System\\MTB_Laravel\\MTB_Booking_System\\resources\\views\" directory does not exist. in C:\\xampp\\htdocs\\laravel\\MTB_HMS_Booking_System\\vendor\\symfony\\finder\\Finder.php:646
Stack trace:
#0 C:\\xampp\\htdocs\\laravel\\MTB_HMS_Booking_System\\vendor\\laravel\\framework\\src\\Illuminate\\Filesystem\\Filesystem.php(584): Symfony\\Component\\Finder\\Finder->in('C:\\\\xampp\\\\htdocs...')
#1 Command line code(1): Illuminate\\Filesystem\\Filesystem->files('C:\\\\xampp\\\\htdocs...')
#2 Command line code(1): getViews('C:\\\\xampp\\\\htdocs...', Object(Illuminate\\Filesystem\\Filesystem))
#3 {main}
  thrown at C:\\xampp\\htdocs\\laravel\\MTB_HMS_Booking_System\\vendor\\symfony\\finder\\Finder.php:646)
[stacktrace]
#0 {main}
"} 
[2025-04-21 12:33:48] local.ERROR: Uncaught Symfony\Component\Finder\Exception\DirectoryNotFoundException: The "C:\xampp\htdocs\laravel\MTB_HMS_Booking_System\MTB_Laravel\MTB_Booking_System\resources\views" directory does not exist. in C:\xampp\htdocs\laravel\MTB_HMS_Booking_System\vendor\symfony\finder\Finder.php:646
Stack trace:
#0 C:\xampp\htdocs\laravel\MTB_HMS_Booking_System\vendor\laravel\framework\src\Illuminate\Filesystem\Filesystem.php(584): Symfony\Component\Finder\Finder->in('C:\\xampp\\htdocs...')
#1 Command line code(1): Illuminate\Filesystem\Filesystem->files('C:\\xampp\\htdocs...')
#2 Command line code(1): getViews('C:\\xampp\\htdocs...', Object(Illuminate\Filesystem\Filesystem))
#3 {main}
  thrown {"exception":"[object] (Symfony\\Component\\ErrorHandler\\Error\\FatalError(code: 0): Uncaught Symfony\\Component\\Finder\\Exception\\DirectoryNotFoundException: The \"C:\\xampp\\htdocs\\laravel\\MTB_HMS_Booking_System\\MTB_Laravel\\MTB_Booking_System\\resources\\views\" directory does not exist. in C:\\xampp\\htdocs\\laravel\\MTB_HMS_Booking_System\\vendor\\symfony\\finder\\Finder.php:646
Stack trace:
#0 C:\\xampp\\htdocs\\laravel\\MTB_HMS_Booking_System\\vendor\\laravel\\framework\\src\\Illuminate\\Filesystem\\Filesystem.php(584): Symfony\\Component\\Finder\\Finder->in('C:\\\\xampp\\\\htdocs...')
#1 Command line code(1): Illuminate\\Filesystem\\Filesystem->files('C:\\\\xampp\\\\htdocs...')
#2 Command line code(1): getViews('C:\\\\xampp\\\\htdocs...', Object(Illuminate\\Filesystem\\Filesystem))
#3 {main}
  thrown at C:\\xampp\\htdocs\\laravel\\MTB_HMS_Booking_System\\vendor\\symfony\\finder\\Finder.php:646)
[stacktrace]
#0 {main}
"} 
[2025-04-21 12:33:49] local.ERROR: Uncaught Symfony\Component\Finder\Exception\DirectoryNotFoundException: The "C:\xampp\htdocs\laravel\MTB_HMS_Booking_System\MTB_Laravel\MTB_Booking_System\resources\views" directory does not exist. in C:\xampp\htdocs\laravel\MTB_HMS_Booking_System\vendor\symfony\finder\Finder.php:646
Stack trace:
#0 C:\xampp\htdocs\laravel\MTB_HMS_Booking_System\vendor\laravel\framework\src\Illuminate\Filesystem\Filesystem.php(584): Symfony\Component\Finder\Finder->in('C:\\xampp\\htdocs...')
#1 Command line code(1): Illuminate\Filesystem\Filesystem->files('C:\\xampp\\htdocs...')
#2 Command line code(1): getViews('C:\\xampp\\htdocs...', Object(Illuminate\Filesystem\Filesystem))
#3 {main}
  thrown {"exception":"[object] (Symfony\\Component\\ErrorHandler\\Error\\FatalError(code: 0): Uncaught Symfony\\Component\\Finder\\Exception\\DirectoryNotFoundException: The \"C:\\xampp\\htdocs\\laravel\\MTB_HMS_Booking_System\\MTB_Laravel\\MTB_Booking_System\\resources\\views\" directory does not exist. in C:\\xampp\\htdocs\\laravel\\MTB_HMS_Booking_System\\vendor\\symfony\\finder\\Finder.php:646
Stack trace:
#0 C:\\xampp\\htdocs\\laravel\\MTB_HMS_Booking_System\\vendor\\laravel\\framework\\src\\Illuminate\\Filesystem\\Filesystem.php(584): Symfony\\Component\\Finder\\Finder->in('C:\\\\xampp\\\\htdocs...')
#1 Command line code(1): Illuminate\\Filesystem\\Filesystem->files('C:\\\\xampp\\\\htdocs...')
#2 Command line code(1): getViews('C:\\\\xampp\\\\htdocs...', Object(Illuminate\\Filesystem\\Filesystem))
#3 {main}
  thrown at C:\\xampp\\htdocs\\laravel\\MTB_HMS_Booking_System\\vendor\\symfony\\finder\\Finder.php:646)
[stacktrace]
#0 {main}
"} 
[2025-04-21 12:33:51] local.ERROR: Uncaught Symfony\Component\Finder\Exception\DirectoryNotFoundException: The "C:\xampp\htdocs\laravel\MTB_HMS_Booking_System\MTB_Laravel\MTB_Booking_System\resources\views" directory does not exist. in C:\xampp\htdocs\laravel\MTB_HMS_Booking_System\vendor\symfony\finder\Finder.php:646
Stack trace:
#0 C:\xampp\htdocs\laravel\MTB_HMS_Booking_System\vendor\laravel\framework\src\Illuminate\Filesystem\Filesystem.php(584): Symfony\Component\Finder\Finder->in('C:\\xampp\\htdocs...')
#1 Command line code(1): Illuminate\Filesystem\Filesystem->files('C:\\xampp\\htdocs...')
#2 Command line code(1): getViews('C:\\xampp\\htdocs...', Object(Illuminate\Filesystem\Filesystem))
#3 {main}
  thrown {"exception":"[object] (Symfony\\Component\\ErrorHandler\\Error\\FatalError(code: 0): Uncaught Symfony\\Component\\Finder\\Exception\\DirectoryNotFoundException: The \"C:\\xampp\\htdocs\\laravel\\MTB_HMS_Booking_System\\MTB_Laravel\\MTB_Booking_System\\resources\\views\" directory does not exist. in C:\\xampp\\htdocs\\laravel\\MTB_HMS_Booking_System\\vendor\\symfony\\finder\\Finder.php:646
Stack trace:
#0 C:\\xampp\\htdocs\\laravel\\MTB_HMS_Booking_System\\vendor\\laravel\\framework\\src\\Illuminate\\Filesystem\\Filesystem.php(584): Symfony\\Component\\Finder\\Finder->in('C:\\\\xampp\\\\htdocs...')
#1 Command line code(1): Illuminate\\Filesystem\\Filesystem->files('C:\\\\xampp\\\\htdocs...')
#2 Command line code(1): getViews('C:\\\\xampp\\\\htdocs...', Object(Illuminate\\Filesystem\\Filesystem))
#3 {main}
  thrown at C:\\xampp\\htdocs\\laravel\\MTB_HMS_Booking_System\\vendor\\symfony\\finder\\Finder.php:646)
[stacktrace]
#0 {main}
"} 
[2025-04-21 12:33:52] local.ERROR: Uncaught Symfony\Component\Finder\Exception\DirectoryNotFoundException: The "C:\xampp\htdocs\laravel\MTB_HMS_Booking_System\MTB_Laravel\MTB_Booking_System\resources\views" directory does not exist. in C:\xampp\htdocs\laravel\MTB_HMS_Booking_System\vendor\symfony\finder\Finder.php:646
Stack trace:
#0 C:\xampp\htdocs\laravel\MTB_HMS_Booking_System\vendor\laravel\framework\src\Illuminate\Filesystem\Filesystem.php(584): Symfony\Component\Finder\Finder->in('C:\\xampp\\htdocs...')
#1 Command line code(1): Illuminate\Filesystem\Filesystem->files('C:\\xampp\\htdocs...')
#2 Command line code(1): getViews('C:\\xampp\\htdocs...', Object(Illuminate\Filesystem\Filesystem))
#3 {main}
  thrown {"exception":"[object] (Symfony\\Component\\ErrorHandler\\Error\\FatalError(code: 0): Uncaught Symfony\\Component\\Finder\\Exception\\DirectoryNotFoundException: The \"C:\\xampp\\htdocs\\laravel\\MTB_HMS_Booking_System\\MTB_Laravel\\MTB_Booking_System\\resources\\views\" directory does not exist. in C:\\xampp\\htdocs\\laravel\\MTB_HMS_Booking_System\\vendor\\symfony\\finder\\Finder.php:646
Stack trace:
#0 C:\\xampp\\htdocs\\laravel\\MTB_HMS_Booking_System\\vendor\\laravel\\framework\\src\\Illuminate\\Filesystem\\Filesystem.php(584): Symfony\\Component\\Finder\\Finder->in('C:\\\\xampp\\\\htdocs...')
#1 Command line code(1): Illuminate\\Filesystem\\Filesystem->files('C:\\\\xampp\\\\htdocs...')
#2 Command line code(1): getViews('C:\\\\xampp\\\\htdocs...', Object(Illuminate\\Filesystem\\Filesystem))
#3 {main}
  thrown at C:\\xampp\\htdocs\\laravel\\MTB_HMS_Booking_System\\vendor\\symfony\\finder\\Finder.php:646)
[stacktrace]
#0 {main}
"} 
[2025-04-21 12:33:53] local.ERROR: Uncaught Symfony\Component\Finder\Exception\DirectoryNotFoundException: The "C:\xampp\htdocs\laravel\MTB_HMS_Booking_System\MTB_Laravel\MTB_Booking_System\resources\views" directory does not exist. in C:\xampp\htdocs\laravel\MTB_HMS_Booking_System\vendor\symfony\finder\Finder.php:646
Stack trace:
#0 C:\xampp\htdocs\laravel\MTB_HMS_Booking_System\vendor\laravel\framework\src\Illuminate\Filesystem\Filesystem.php(584): Symfony\Component\Finder\Finder->in('C:\\xampp\\htdocs...')
#1 Command line code(1): Illuminate\Filesystem\Filesystem->files('C:\\xampp\\htdocs...')
#2 Command line code(1): getViews('C:\\xampp\\htdocs...', Object(Illuminate\Filesystem\Filesystem))
#3 {main}
  thrown {"exception":"[object] (Symfony\\Component\\ErrorHandler\\Error\\FatalError(code: 0): Uncaught Symfony\\Component\\Finder\\Exception\\DirectoryNotFoundException: The \"C:\\xampp\\htdocs\\laravel\\MTB_HMS_Booking_System\\MTB_Laravel\\MTB_Booking_System\\resources\\views\" directory does not exist. in C:\\xampp\\htdocs\\laravel\\MTB_HMS_Booking_System\\vendor\\symfony\\finder\\Finder.php:646
Stack trace:
#0 C:\\xampp\\htdocs\\laravel\\MTB_HMS_Booking_System\\vendor\\laravel\\framework\\src\\Illuminate\\Filesystem\\Filesystem.php(584): Symfony\\Component\\Finder\\Finder->in('C:\\\\xampp\\\\htdocs...')
#1 Command line code(1): Illuminate\\Filesystem\\Filesystem->files('C:\\\\xampp\\\\htdocs...')
#2 Command line code(1): getViews('C:\\\\xampp\\\\htdocs...', Object(Illuminate\\Filesystem\\Filesystem))
#3 {main}
  thrown at C:\\xampp\\htdocs\\laravel\\MTB_HMS_Booking_System\\vendor\\symfony\\finder\\Finder.php:646)
[stacktrace]
#0 {main}
"} 
[2025-04-21 12:33:54] local.ERROR: Uncaught Symfony\Component\Finder\Exception\DirectoryNotFoundException: The "C:\xampp\htdocs\laravel\MTB_HMS_Booking_System\MTB_Laravel\MTB_Booking_System\resources\views" directory does not exist. in C:\xampp\htdocs\laravel\MTB_HMS_Booking_System\vendor\symfony\finder\Finder.php:646
Stack trace:
#0 C:\xampp\htdocs\laravel\MTB_HMS_Booking_System\vendor\laravel\framework\src\Illuminate\Filesystem\Filesystem.php(584): Symfony\Component\Finder\Finder->in('C:\\xampp\\htdocs...')
#1 Command line code(1): Illuminate\Filesystem\Filesystem->files('C:\\xampp\\htdocs...')
#2 Command line code(1): getViews('C:\\xampp\\htdocs...', Object(Illuminate\Filesystem\Filesystem))
#3 {main}
  thrown {"exception":"[object] (Symfony\\Component\\ErrorHandler\\Error\\FatalError(code: 0): Uncaught Symfony\\Component\\Finder\\Exception\\DirectoryNotFoundException: The \"C:\\xampp\\htdocs\\laravel\\MTB_HMS_Booking_System\\MTB_Laravel\\MTB_Booking_System\\resources\\views\" directory does not exist. in C:\\xampp\\htdocs\\laravel\\MTB_HMS_Booking_System\\vendor\\symfony\\finder\\Finder.php:646
Stack trace:
#0 C:\\xampp\\htdocs\\laravel\\MTB_HMS_Booking_System\\vendor\\laravel\\framework\\src\\Illuminate\\Filesystem\\Filesystem.php(584): Symfony\\Component\\Finder\\Finder->in('C:\\\\xampp\\\\htdocs...')
#1 Command line code(1): Illuminate\\Filesystem\\Filesystem->files('C:\\\\xampp\\\\htdocs...')
#2 Command line code(1): getViews('C:\\\\xampp\\\\htdocs...', Object(Illuminate\\Filesystem\\Filesystem))
#3 {main}
  thrown at C:\\xampp\\htdocs\\laravel\\MTB_HMS_Booking_System\\vendor\\symfony\\finder\\Finder.php:646)
[stacktrace]
#0 {main}
"} 
[2025-04-21 12:33:56] local.ERROR: Uncaught Symfony\Component\Finder\Exception\DirectoryNotFoundException: The "C:\xampp\htdocs\laravel\MTB_HMS_Booking_System\MTB_Laravel\MTB_Booking_System\resources\views" directory does not exist. in C:\xampp\htdocs\laravel\MTB_HMS_Booking_System\vendor\symfony\finder\Finder.php:646
Stack trace:
#0 C:\xampp\htdocs\laravel\MTB_HMS_Booking_System\vendor\laravel\framework\src\Illuminate\Filesystem\Filesystem.php(584): Symfony\Component\Finder\Finder->in('C:\\xampp\\htdocs...')
#1 Command line code(1): Illuminate\Filesystem\Filesystem->files('C:\\xampp\\htdocs...')
#2 Command line code(1): getViews('C:\\xampp\\htdocs...', Object(Illuminate\Filesystem\Filesystem))
#3 {main}
  thrown {"exception":"[object] (Symfony\\Component\\ErrorHandler\\Error\\FatalError(code: 0): Uncaught Symfony\\Component\\Finder\\Exception\\DirectoryNotFoundException: The \"C:\\xampp\\htdocs\\laravel\\MTB_HMS_Booking_System\\MTB_Laravel\\MTB_Booking_System\\resources\\views\" directory does not exist. in C:\\xampp\\htdocs\\laravel\\MTB_HMS_Booking_System\\vendor\\symfony\\finder\\Finder.php:646
Stack trace:
#0 C:\\xampp\\htdocs\\laravel\\MTB_HMS_Booking_System\\vendor\\laravel\\framework\\src\\Illuminate\\Filesystem\\Filesystem.php(584): Symfony\\Component\\Finder\\Finder->in('C:\\\\xampp\\\\htdocs...')
#1 Command line code(1): Illuminate\\Filesystem\\Filesystem->files('C:\\\\xampp\\\\htdocs...')
#2 Command line code(1): getViews('C:\\\\xampp\\\\htdocs...', Object(Illuminate\\Filesystem\\Filesystem))
#3 {main}
  thrown at C:\\xampp\\htdocs\\laravel\\MTB_HMS_Booking_System\\vendor\\symfony\\finder\\Finder.php:646)
[stacktrace]
#0 {main}
"} 
[2025-04-21 12:33:57] local.ERROR: Uncaught Symfony\Component\Finder\Exception\DirectoryNotFoundException: The "C:\xampp\htdocs\laravel\MTB_HMS_Booking_System\MTB_Laravel\MTB_Booking_System\resources\views" directory does not exist. in C:\xampp\htdocs\laravel\MTB_HMS_Booking_System\vendor\symfony\finder\Finder.php:646
Stack trace:
#0 C:\xampp\htdocs\laravel\MTB_HMS_Booking_System\vendor\laravel\framework\src\Illuminate\Filesystem\Filesystem.php(584): Symfony\Component\Finder\Finder->in('C:\\xampp\\htdocs...')
#1 Command line code(1): Illuminate\Filesystem\Filesystem->files('C:\\xampp\\htdocs...')
#2 Command line code(1): getViews('C:\\xampp\\htdocs...', Object(Illuminate\Filesystem\Filesystem))
#3 {main}
  thrown {"exception":"[object] (Symfony\\Component\\ErrorHandler\\Error\\FatalError(code: 0): Uncaught Symfony\\Component\\Finder\\Exception\\DirectoryNotFoundException: The \"C:\\xampp\\htdocs\\laravel\\MTB_HMS_Booking_System\\MTB_Laravel\\MTB_Booking_System\\resources\\views\" directory does not exist. in C:\\xampp\\htdocs\\laravel\\MTB_HMS_Booking_System\\vendor\\symfony\\finder\\Finder.php:646
Stack trace:
#0 C:\\xampp\\htdocs\\laravel\\MTB_HMS_Booking_System\\vendor\\laravel\\framework\\src\\Illuminate\\Filesystem\\Filesystem.php(584): Symfony\\Component\\Finder\\Finder->in('C:\\\\xampp\\\\htdocs...')
#1 Command line code(1): Illuminate\\Filesystem\\Filesystem->files('C:\\\\xampp\\\\htdocs...')
#2 Command line code(1): getViews('C:\\\\xampp\\\\htdocs...', Object(Illuminate\\Filesystem\\Filesystem))
#3 {main}
  thrown at C:\\xampp\\htdocs\\laravel\\MTB_HMS_Booking_System\\vendor\\symfony\\finder\\Finder.php:646)
[stacktrace]
#0 {main}
"} 
[2025-04-21 12:33:58] local.ERROR: Uncaught Symfony\Component\Finder\Exception\DirectoryNotFoundException: The "C:\xampp\htdocs\laravel\MTB_HMS_Booking_System\MTB_Laravel\MTB_Booking_System\resources\views" directory does not exist. in C:\xampp\htdocs\laravel\MTB_HMS_Booking_System\vendor\symfony\finder\Finder.php:646
Stack trace:
#0 C:\xampp\htdocs\laravel\MTB_HMS_Booking_System\vendor\laravel\framework\src\Illuminate\Filesystem\Filesystem.php(584): Symfony\Component\Finder\Finder->in('C:\\xampp\\htdocs...')
#1 Command line code(1): Illuminate\Filesystem\Filesystem->files('C:\\xampp\\htdocs...')
#2 Command line code(1): getViews('C:\\xampp\\htdocs...', Object(Illuminate\Filesystem\Filesystem))
#3 {main}
  thrown {"exception":"[object] (Symfony\\Component\\ErrorHandler\\Error\\FatalError(code: 0): Uncaught Symfony\\Component\\Finder\\Exception\\DirectoryNotFoundException: The \"C:\\xampp\\htdocs\\laravel\\MTB_HMS_Booking_System\\MTB_Laravel\\MTB_Booking_System\\resources\\views\" directory does not exist. in C:\\xampp\\htdocs\\laravel\\MTB_HMS_Booking_System\\vendor\\symfony\\finder\\Finder.php:646
Stack trace:
#0 C:\\xampp\\htdocs\\laravel\\MTB_HMS_Booking_System\\vendor\\laravel\\framework\\src\\Illuminate\\Filesystem\\Filesystem.php(584): Symfony\\Component\\Finder\\Finder->in('C:\\\\xampp\\\\htdocs...')
#1 Command line code(1): Illuminate\\Filesystem\\Filesystem->files('C:\\\\xampp\\\\htdocs...')
#2 Command line code(1): getViews('C:\\\\xampp\\\\htdocs...', Object(Illuminate\\Filesystem\\Filesystem))
#3 {main}
  thrown at C:\\xampp\\htdocs\\laravel\\MTB_HMS_Booking_System\\vendor\\symfony\\finder\\Finder.php:646)
[stacktrace]
#0 {main}
"} 
[2025-04-21 12:33:59] local.ERROR: Uncaught Symfony\Component\Finder\Exception\DirectoryNotFoundException: The "C:\xampp\htdocs\laravel\MTB_HMS_Booking_System\MTB_Laravel\MTB_Booking_System\resources\views" directory does not exist. in C:\xampp\htdocs\laravel\MTB_HMS_Booking_System\vendor\symfony\finder\Finder.php:646
Stack trace:
#0 C:\xampp\htdocs\laravel\MTB_HMS_Booking_System\vendor\laravel\framework\src\Illuminate\Filesystem\Filesystem.php(584): Symfony\Component\Finder\Finder->in('C:\\xampp\\htdocs...')
#1 Command line code(1): Illuminate\Filesystem\Filesystem->files('C:\\xampp\\htdocs...')
#2 Command line code(1): getViews('C:\\xampp\\htdocs...', Object(Illuminate\Filesystem\Filesystem))
#3 {main}
  thrown {"exception":"[object] (Symfony\\Component\\ErrorHandler\\Error\\FatalError(code: 0): Uncaught Symfony\\Component\\Finder\\Exception\\DirectoryNotFoundException: The \"C:\\xampp\\htdocs\\laravel\\MTB_HMS_Booking_System\\MTB_Laravel\\MTB_Booking_System\\resources\\views\" directory does not exist. in C:\\xampp\\htdocs\\laravel\\MTB_HMS_Booking_System\\vendor\\symfony\\finder\\Finder.php:646
Stack trace:
#0 C:\\xampp\\htdocs\\laravel\\MTB_HMS_Booking_System\\vendor\\laravel\\framework\\src\\Illuminate\\Filesystem\\Filesystem.php(584): Symfony\\Component\\Finder\\Finder->in('C:\\\\xampp\\\\htdocs...')
#1 Command line code(1): Illuminate\\Filesystem\\Filesystem->files('C:\\\\xampp\\\\htdocs...')
#2 Command line code(1): getViews('C:\\\\xampp\\\\htdocs...', Object(Illuminate\\Filesystem\\Filesystem))
#3 {main}
  thrown at C:\\xampp\\htdocs\\laravel\\MTB_HMS_Booking_System\\vendor\\symfony\\finder\\Finder.php:646)
[stacktrace]
#0 {main}
"} 
[2025-04-21 12:34:02] local.ERROR: Uncaught Symfony\Component\Finder\Exception\DirectoryNotFoundException: The "C:\xampp\htdocs\laravel\MTB_HMS_Booking_System\MTB_Laravel\MTB_Booking_System\resources\views" directory does not exist. in C:\xampp\htdocs\laravel\MTB_HMS_Booking_System\vendor\symfony\finder\Finder.php:646
Stack trace:
#0 C:\xampp\htdocs\laravel\MTB_HMS_Booking_System\vendor\laravel\framework\src\Illuminate\Filesystem\Filesystem.php(584): Symfony\Component\Finder\Finder->in('C:\\xampp\\htdocs...')
#1 Command line code(1): Illuminate\Filesystem\Filesystem->files('C:\\xampp\\htdocs...')
#2 Command line code(1): getViews('C:\\xampp\\htdocs...', Object(Illuminate\Filesystem\Filesystem))
#3 {main}
  thrown {"exception":"[object] (Symfony\\Component\\ErrorHandler\\Error\\FatalError(code: 0): Uncaught Symfony\\Component\\Finder\\Exception\\DirectoryNotFoundException: The \"C:\\xampp\\htdocs\\laravel\\MTB_HMS_Booking_System\\MTB_Laravel\\MTB_Booking_System\\resources\\views\" directory does not exist. in C:\\xampp\\htdocs\\laravel\\MTB_HMS_Booking_System\\vendor\\symfony\\finder\\Finder.php:646
Stack trace:
#0 C:\\xampp\\htdocs\\laravel\\MTB_HMS_Booking_System\\vendor\\laravel\\framework\\src\\Illuminate\\Filesystem\\Filesystem.php(584): Symfony\\Component\\Finder\\Finder->in('C:\\\\xampp\\\\htdocs...')
#1 Command line code(1): Illuminate\\Filesystem\\Filesystem->files('C:\\\\xampp\\\\htdocs...')
#2 Command line code(1): getViews('C:\\\\xampp\\\\htdocs...', Object(Illuminate\\Filesystem\\Filesystem))
#3 {main}
  thrown at C:\\xampp\\htdocs\\laravel\\MTB_HMS_Booking_System\\vendor\\symfony\\finder\\Finder.php:646)
[stacktrace]
#0 {main}
"} 
[2025-04-21 12:34:02] local.ERROR: Uncaught Symfony\Component\Finder\Exception\DirectoryNotFoundException: The "C:\xampp\htdocs\laravel\MTB_HMS_Booking_System\MTB_Laravel\MTB_Booking_System\resources\views" directory does not exist. in C:\xampp\htdocs\laravel\MTB_HMS_Booking_System\vendor\symfony\finder\Finder.php:646
Stack trace:
#0 C:\xampp\htdocs\laravel\MTB_HMS_Booking_System\vendor\laravel\framework\src\Illuminate\Filesystem\Filesystem.php(584): Symfony\Component\Finder\Finder->in('C:\\xampp\\htdocs...')
#1 Command line code(1): Illuminate\Filesystem\Filesystem->files('C:\\xampp\\htdocs...')
#2 Command line code(1): getViews('C:\\xampp\\htdocs...', Object(Illuminate\Filesystem\Filesystem))
#3 {main}
  thrown {"exception":"[object] (Symfony\\Component\\ErrorHandler\\Error\\FatalError(code: 0): Uncaught Symfony\\Component\\Finder\\Exception\\DirectoryNotFoundException: The \"C:\\xampp\\htdocs\\laravel\\MTB_HMS_Booking_System\\MTB_Laravel\\MTB_Booking_System\\resources\\views\" directory does not exist. in C:\\xampp\\htdocs\\laravel\\MTB_HMS_Booking_System\\vendor\\symfony\\finder\\Finder.php:646
Stack trace:
#0 C:\\xampp\\htdocs\\laravel\\MTB_HMS_Booking_System\\vendor\\laravel\\framework\\src\\Illuminate\\Filesystem\\Filesystem.php(584): Symfony\\Component\\Finder\\Finder->in('C:\\\\xampp\\\\htdocs...')
#1 Command line code(1): Illuminate\\Filesystem\\Filesystem->files('C:\\\\xampp\\\\htdocs...')
#2 Command line code(1): getViews('C:\\\\xampp\\\\htdocs...', Object(Illuminate\\Filesystem\\Filesystem))
#3 {main}
  thrown at C:\\xampp\\htdocs\\laravel\\MTB_HMS_Booking_System\\vendor\\symfony\\finder\\Finder.php:646)
[stacktrace]
#0 {main}
"} 
[2025-04-21 12:34:04] local.ERROR: Uncaught Symfony\Component\Finder\Exception\DirectoryNotFoundException: The "C:\xampp\htdocs\laravel\MTB_HMS_Booking_System\MTB_Laravel\MTB_Booking_System\resources\views" directory does not exist. in C:\xampp\htdocs\laravel\MTB_HMS_Booking_System\vendor\symfony\finder\Finder.php:646
Stack trace:
#0 C:\xampp\htdocs\laravel\MTB_HMS_Booking_System\vendor\laravel\framework\src\Illuminate\Filesystem\Filesystem.php(584): Symfony\Component\Finder\Finder->in('C:\\xampp\\htdocs...')
#1 Command line code(1): Illuminate\Filesystem\Filesystem->files('C:\\xampp\\htdocs...')
#2 Command line code(1): getViews('C:\\xampp\\htdocs...', Object(Illuminate\Filesystem\Filesystem))
#3 {main}
  thrown {"exception":"[object] (Symfony\\Component\\ErrorHandler\\Error\\FatalError(code: 0): Uncaught Symfony\\Component\\Finder\\Exception\\DirectoryNotFoundException: The \"C:\\xampp\\htdocs\\laravel\\MTB_HMS_Booking_System\\MTB_Laravel\\MTB_Booking_System\\resources\\views\" directory does not exist. in C:\\xampp\\htdocs\\laravel\\MTB_HMS_Booking_System\\vendor\\symfony\\finder\\Finder.php:646
Stack trace:
#0 C:\\xampp\\htdocs\\laravel\\MTB_HMS_Booking_System\\vendor\\laravel\\framework\\src\\Illuminate\\Filesystem\\Filesystem.php(584): Symfony\\Component\\Finder\\Finder->in('C:\\\\xampp\\\\htdocs...')
#1 Command line code(1): Illuminate\\Filesystem\\Filesystem->files('C:\\\\xampp\\\\htdocs...')
#2 Command line code(1): getViews('C:\\\\xampp\\\\htdocs...', Object(Illuminate\\Filesystem\\Filesystem))
#3 {main}
  thrown at C:\\xampp\\htdocs\\laravel\\MTB_HMS_Booking_System\\vendor\\symfony\\finder\\Finder.php:646)
[stacktrace]
#0 {main}
"} 
[2025-04-21 12:34:04] local.ERROR: Uncaught Symfony\Component\Finder\Exception\DirectoryNotFoundException: The "C:\xampp\htdocs\laravel\MTB_HMS_Booking_System\MTB_Laravel\MTB_Booking_System\resources\views" directory does not exist. in C:\xampp\htdocs\laravel\MTB_HMS_Booking_System\vendor\symfony\finder\Finder.php:646
Stack trace:
#0 C:\xampp\htdocs\laravel\MTB_HMS_Booking_System\vendor\laravel\framework\src\Illuminate\Filesystem\Filesystem.php(584): Symfony\Component\Finder\Finder->in('C:\\xampp\\htdocs...')
#1 Command line code(1): Illuminate\Filesystem\Filesystem->files('C:\\xampp\\htdocs...')
#2 Command line code(1): getViews('C:\\xampp\\htdocs...', Object(Illuminate\Filesystem\Filesystem))
#3 {main}
  thrown {"exception":"[object] (Symfony\\Component\\ErrorHandler\\Error\\FatalError(code: 0): Uncaught Symfony\\Component\\Finder\\Exception\\DirectoryNotFoundException: The \"C:\\xampp\\htdocs\\laravel\\MTB_HMS_Booking_System\\MTB_Laravel\\MTB_Booking_System\\resources\\views\" directory does not exist. in C:\\xampp\\htdocs\\laravel\\MTB_HMS_Booking_System\\vendor\\symfony\\finder\\Finder.php:646
Stack trace:
#0 C:\\xampp\\htdocs\\laravel\\MTB_HMS_Booking_System\\vendor\\laravel\\framework\\src\\Illuminate\\Filesystem\\Filesystem.php(584): Symfony\\Component\\Finder\\Finder->in('C:\\\\xampp\\\\htdocs...')
#1 Command line code(1): Illuminate\\Filesystem\\Filesystem->files('C:\\\\xampp\\\\htdocs...')
#2 Command line code(1): getViews('C:\\\\xampp\\\\htdocs...', Object(Illuminate\\Filesystem\\Filesystem))
#3 {main}
  thrown at C:\\xampp\\htdocs\\laravel\\MTB_HMS_Booking_System\\vendor\\symfony\\finder\\Finder.php:646)
[stacktrace]
#0 {main}
"} 
[2025-04-21 12:34:06] local.ERROR: Uncaught Symfony\Component\Finder\Exception\DirectoryNotFoundException: The "C:\xampp\htdocs\laravel\MTB_HMS_Booking_System\MTB_Laravel\MTB_Booking_System\resources\views" directory does not exist. in C:\xampp\htdocs\laravel\MTB_HMS_Booking_System\vendor\symfony\finder\Finder.php:646
Stack trace:
#0 C:\xampp\htdocs\laravel\MTB_HMS_Booking_System\vendor\laravel\framework\src\Illuminate\Filesystem\Filesystem.php(584): Symfony\Component\Finder\Finder->in('C:\\xampp\\htdocs...')
#1 Command line code(1): Illuminate\Filesystem\Filesystem->files('C:\\xampp\\htdocs...')
#2 Command line code(1): getViews('C:\\xampp\\htdocs...', Object(Illuminate\Filesystem\Filesystem))
#3 {main}
  thrown {"exception":"[object] (Symfony\\Component\\ErrorHandler\\Error\\FatalError(code: 0): Uncaught Symfony\\Component\\Finder\\Exception\\DirectoryNotFoundException: The \"C:\\xampp\\htdocs\\laravel\\MTB_HMS_Booking_System\\MTB_Laravel\\MTB_Booking_System\\resources\\views\" directory does not exist. in C:\\xampp\\htdocs\\laravel\\MTB_HMS_Booking_System\\vendor\\symfony\\finder\\Finder.php:646
Stack trace:
#0 C:\\xampp\\htdocs\\laravel\\MTB_HMS_Booking_System\\vendor\\laravel\\framework\\src\\Illuminate\\Filesystem\\Filesystem.php(584): Symfony\\Component\\Finder\\Finder->in('C:\\\\xampp\\\\htdocs...')
#1 Command line code(1): Illuminate\\Filesystem\\Filesystem->files('C:\\\\xampp\\\\htdocs...')
#2 Command line code(1): getViews('C:\\\\xampp\\\\htdocs...', Object(Illuminate\\Filesystem\\Filesystem))
#3 {main}
  thrown at C:\\xampp\\htdocs\\laravel\\MTB_HMS_Booking_System\\vendor\\symfony\\finder\\Finder.php:646)
[stacktrace]
#0 {main}
"} 
[2025-04-21 12:34:07] local.ERROR: Uncaught Symfony\Component\Finder\Exception\DirectoryNotFoundException: The "C:\xampp\htdocs\laravel\MTB_HMS_Booking_System\MTB_Laravel\MTB_Booking_System\resources\views" directory does not exist. in C:\xampp\htdocs\laravel\MTB_HMS_Booking_System\vendor\symfony\finder\Finder.php:646
Stack trace:
#0 C:\xampp\htdocs\laravel\MTB_HMS_Booking_System\vendor\laravel\framework\src\Illuminate\Filesystem\Filesystem.php(584): Symfony\Component\Finder\Finder->in('C:\\xampp\\htdocs...')
#1 Command line code(1): Illuminate\Filesystem\Filesystem->files('C:\\xampp\\htdocs...')
#2 Command line code(1): getViews('C:\\xampp\\htdocs...', Object(Illuminate\Filesystem\Filesystem))
#3 {main}
  thrown {"exception":"[object] (Symfony\\Component\\ErrorHandler\\Error\\FatalError(code: 0): Uncaught Symfony\\Component\\Finder\\Exception\\DirectoryNotFoundException: The \"C:\\xampp\\htdocs\\laravel\\MTB_HMS_Booking_System\\MTB_Laravel\\MTB_Booking_System\\resources\\views\" directory does not exist. in C:\\xampp\\htdocs\\laravel\\MTB_HMS_Booking_System\\vendor\\symfony\\finder\\Finder.php:646
Stack trace:
#0 C:\\xampp\\htdocs\\laravel\\MTB_HMS_Booking_System\\vendor\\laravel\\framework\\src\\Illuminate\\Filesystem\\Filesystem.php(584): Symfony\\Component\\Finder\\Finder->in('C:\\\\xampp\\\\htdocs...')
#1 Command line code(1): Illuminate\\Filesystem\\Filesystem->files('C:\\\\xampp\\\\htdocs...')
#2 Command line code(1): getViews('C:\\\\xampp\\\\htdocs...', Object(Illuminate\\Filesystem\\Filesystem))
#3 {main}
  thrown at C:\\xampp\\htdocs\\laravel\\MTB_HMS_Booking_System\\vendor\\symfony\\finder\\Finder.php:646)
[stacktrace]
#0 {main}
"} 
[2025-04-21 12:34:08] local.ERROR: Uncaught Symfony\Component\Finder\Exception\DirectoryNotFoundException: The "C:\xampp\htdocs\laravel\MTB_HMS_Booking_System\MTB_Laravel\MTB_Booking_System\resources\views" directory does not exist. in C:\xampp\htdocs\laravel\MTB_HMS_Booking_System\vendor\symfony\finder\Finder.php:646
Stack trace:
#0 C:\xampp\htdocs\laravel\MTB_HMS_Booking_System\vendor\laravel\framework\src\Illuminate\Filesystem\Filesystem.php(584): Symfony\Component\Finder\Finder->in('C:\\xampp\\htdocs...')
#1 Command line code(1): Illuminate\Filesystem\Filesystem->files('C:\\xampp\\htdocs...')
#2 Command line code(1): getViews('C:\\xampp\\htdocs...', Object(Illuminate\Filesystem\Filesystem))
#3 {main}
  thrown {"exception":"[object] (Symfony\\Component\\ErrorHandler\\Error\\FatalError(code: 0): Uncaught Symfony\\Component\\Finder\\Exception\\DirectoryNotFoundException: The \"C:\\xampp\\htdocs\\laravel\\MTB_HMS_Booking_System\\MTB_Laravel\\MTB_Booking_System\\resources\\views\" directory does not exist. in C:\\xampp\\htdocs\\laravel\\MTB_HMS_Booking_System\\vendor\\symfony\\finder\\Finder.php:646
Stack trace:
#0 C:\\xampp\\htdocs\\laravel\\MTB_HMS_Booking_System\\vendor\\laravel\\framework\\src\\Illuminate\\Filesystem\\Filesystem.php(584): Symfony\\Component\\Finder\\Finder->in('C:\\\\xampp\\\\htdocs...')
#1 Command line code(1): Illuminate\\Filesystem\\Filesystem->files('C:\\\\xampp\\\\htdocs...')
#2 Command line code(1): getViews('C:\\\\xampp\\\\htdocs...', Object(Illuminate\\Filesystem\\Filesystem))
#3 {main}
  thrown at C:\\xampp\\htdocs\\laravel\\MTB_HMS_Booking_System\\vendor\\symfony\\finder\\Finder.php:646)
[stacktrace]
#0 {main}
"} 
[2025-04-21 12:34:08] local.ERROR: Uncaught Symfony\Component\Finder\Exception\DirectoryNotFoundException: The "C:\xampp\htdocs\laravel\MTB_HMS_Booking_System\MTB_Laravel\MTB_Booking_System\resources\views" directory does not exist. in C:\xampp\htdocs\laravel\MTB_HMS_Booking_System\vendor\symfony\finder\Finder.php:646
Stack trace:
#0 C:\xampp\htdocs\laravel\MTB_HMS_Booking_System\vendor\laravel\framework\src\Illuminate\Filesystem\Filesystem.php(584): Symfony\Component\Finder\Finder->in('C:\\xampp\\htdocs...')
#1 Command line code(1): Illuminate\Filesystem\Filesystem->files('C:\\xampp\\htdocs...')
#2 Command line code(1): getViews('C:\\xampp\\htdocs...', Object(Illuminate\Filesystem\Filesystem))
#3 {main}
  thrown {"exception":"[object] (Symfony\\Component\\ErrorHandler\\Error\\FatalError(code: 0): Uncaught Symfony\\Component\\Finder\\Exception\\DirectoryNotFoundException: The \"C:\\xampp\\htdocs\\laravel\\MTB_HMS_Booking_System\\MTB_Laravel\\MTB_Booking_System\\resources\\views\" directory does not exist. in C:\\xampp\\htdocs\\laravel\\MTB_HMS_Booking_System\\vendor\\symfony\\finder\\Finder.php:646
Stack trace:
#0 C:\\xampp\\htdocs\\laravel\\MTB_HMS_Booking_System\\vendor\\laravel\\framework\\src\\Illuminate\\Filesystem\\Filesystem.php(584): Symfony\\Component\\Finder\\Finder->in('C:\\\\xampp\\\\htdocs...')
#1 Command line code(1): Illuminate\\Filesystem\\Filesystem->files('C:\\\\xampp\\\\htdocs...')
#2 Command line code(1): getViews('C:\\\\xampp\\\\htdocs...', Object(Illuminate\\Filesystem\\Filesystem))
#3 {main}
  thrown at C:\\xampp\\htdocs\\laravel\\MTB_HMS_Booking_System\\vendor\\symfony\\finder\\Finder.php:646)
[stacktrace]
#0 {main}
"} 
[2025-04-21 12:34:09] local.ERROR: Uncaught Symfony\Component\Finder\Exception\DirectoryNotFoundException: The "C:\xampp\htdocs\laravel\MTB_HMS_Booking_System\MTB_Laravel\MTB_Booking_System\resources\views" directory does not exist. in C:\xampp\htdocs\laravel\MTB_HMS_Booking_System\vendor\symfony\finder\Finder.php:646
Stack trace:
#0 C:\xampp\htdocs\laravel\MTB_HMS_Booking_System\vendor\laravel\framework\src\Illuminate\Filesystem\Filesystem.php(584): Symfony\Component\Finder\Finder->in('C:\\xampp\\htdocs...')
#1 Command line code(1): Illuminate\Filesystem\Filesystem->files('C:\\xampp\\htdocs...')
#2 Command line code(1): getViews('C:\\xampp\\htdocs...', Object(Illuminate\Filesystem\Filesystem))
#3 {main}
  thrown {"exception":"[object] (Symfony\\Component\\ErrorHandler\\Error\\FatalError(code: 0): Uncaught Symfony\\Component\\Finder\\Exception\\DirectoryNotFoundException: The \"C:\\xampp\\htdocs\\laravel\\MTB_HMS_Booking_System\\MTB_Laravel\\MTB_Booking_System\\resources\\views\" directory does not exist. in C:\\xampp\\htdocs\\laravel\\MTB_HMS_Booking_System\\vendor\\symfony\\finder\\Finder.php:646
Stack trace:
#0 C:\\xampp\\htdocs\\laravel\\MTB_HMS_Booking_System\\vendor\\laravel\\framework\\src\\Illuminate\\Filesystem\\Filesystem.php(584): Symfony\\Component\\Finder\\Finder->in('C:\\\\xampp\\\\htdocs...')
#1 Command line code(1): Illuminate\\Filesystem\\Filesystem->files('C:\\\\xampp\\\\htdocs...')
#2 Command line code(1): getViews('C:\\\\xampp\\\\htdocs...', Object(Illuminate\\Filesystem\\Filesystem))
#3 {main}
  thrown at C:\\xampp\\htdocs\\laravel\\MTB_HMS_Booking_System\\vendor\\symfony\\finder\\Finder.php:646)
[stacktrace]
#0 {main}
"} 
[2025-04-21 12:34:11] local.ERROR: Uncaught Symfony\Component\Finder\Exception\DirectoryNotFoundException: The "C:\xampp\htdocs\laravel\MTB_HMS_Booking_System\MTB_Laravel\MTB_Booking_System\resources\views" directory does not exist. in C:\xampp\htdocs\laravel\MTB_HMS_Booking_System\vendor\symfony\finder\Finder.php:646
Stack trace:
#0 C:\xampp\htdocs\laravel\MTB_HMS_Booking_System\vendor\laravel\framework\src\Illuminate\Filesystem\Filesystem.php(584): Symfony\Component\Finder\Finder->in('C:\\xampp\\htdocs...')
#1 Command line code(1): Illuminate\Filesystem\Filesystem->files('C:\\xampp\\htdocs...')
#2 Command line code(1): getViews('C:\\xampp\\htdocs...', Object(Illuminate\Filesystem\Filesystem))
#3 {main}
  thrown {"exception":"[object] (Symfony\\Component\\ErrorHandler\\Error\\FatalError(code: 0): Uncaught Symfony\\Component\\Finder\\Exception\\DirectoryNotFoundException: The \"C:\\xampp\\htdocs\\laravel\\MTB_HMS_Booking_System\\MTB_Laravel\\MTB_Booking_System\\resources\\views\" directory does not exist. in C:\\xampp\\htdocs\\laravel\\MTB_HMS_Booking_System\\vendor\\symfony\\finder\\Finder.php:646
Stack trace:
#0 C:\\xampp\\htdocs\\laravel\\MTB_HMS_Booking_System\\vendor\\laravel\\framework\\src\\Illuminate\\Filesystem\\Filesystem.php(584): Symfony\\Component\\Finder\\Finder->in('C:\\\\xampp\\\\htdocs...')
#1 Command line code(1): Illuminate\\Filesystem\\Filesystem->files('C:\\\\xampp\\\\htdocs...')
#2 Command line code(1): getViews('C:\\\\xampp\\\\htdocs...', Object(Illuminate\\Filesystem\\Filesystem))
#3 {main}
  thrown at C:\\xampp\\htdocs\\laravel\\MTB_HMS_Booking_System\\vendor\\symfony\\finder\\Finder.php:646)
[stacktrace]
#0 {main}
"} 
[2025-04-21 12:34:12] local.ERROR: Uncaught Symfony\Component\Finder\Exception\DirectoryNotFoundException: The "C:\xampp\htdocs\laravel\MTB_HMS_Booking_System\MTB_Laravel\MTB_Booking_System\resources\views" directory does not exist. in C:\xampp\htdocs\laravel\MTB_HMS_Booking_System\vendor\symfony\finder\Finder.php:646
Stack trace:
#0 C:\xampp\htdocs\laravel\MTB_HMS_Booking_System\vendor\laravel\framework\src\Illuminate\Filesystem\Filesystem.php(584): Symfony\Component\Finder\Finder->in('C:\\xampp\\htdocs...')
#1 Command line code(1): Illuminate\Filesystem\Filesystem->files('C:\\xampp\\htdocs...')
#2 Command line code(1): getViews('C:\\xampp\\htdocs...', Object(Illuminate\Filesystem\Filesystem))
#3 {main}
  thrown {"exception":"[object] (Symfony\\Component\\ErrorHandler\\Error\\FatalError(code: 0): Uncaught Symfony\\Component\\Finder\\Exception\\DirectoryNotFoundException: The \"C:\\xampp\\htdocs\\laravel\\MTB_HMS_Booking_System\\MTB_Laravel\\MTB_Booking_System\\resources\\views\" directory does not exist. in C:\\xampp\\htdocs\\laravel\\MTB_HMS_Booking_System\\vendor\\symfony\\finder\\Finder.php:646
Stack trace:
#0 C:\\xampp\\htdocs\\laravel\\MTB_HMS_Booking_System\\vendor\\laravel\\framework\\src\\Illuminate\\Filesystem\\Filesystem.php(584): Symfony\\Component\\Finder\\Finder->in('C:\\\\xampp\\\\htdocs...')
#1 Command line code(1): Illuminate\\Filesystem\\Filesystem->files('C:\\\\xampp\\\\htdocs...')
#2 Command line code(1): getViews('C:\\\\xampp\\\\htdocs...', Object(Illuminate\\Filesystem\\Filesystem))
#3 {main}
  thrown at C:\\xampp\\htdocs\\laravel\\MTB_HMS_Booking_System\\vendor\\symfony\\finder\\Finder.php:646)
[stacktrace]
#0 {main}
"} 
[2025-04-21 12:34:13] local.ERROR: Uncaught Symfony\Component\Finder\Exception\DirectoryNotFoundException: The "C:\xampp\htdocs\laravel\MTB_HMS_Booking_System\MTB_Laravel\MTB_Booking_System\resources\views" directory does not exist. in C:\xampp\htdocs\laravel\MTB_HMS_Booking_System\vendor\symfony\finder\Finder.php:646
Stack trace:
#0 C:\xampp\htdocs\laravel\MTB_HMS_Booking_System\vendor\laravel\framework\src\Illuminate\Filesystem\Filesystem.php(584): Symfony\Component\Finder\Finder->in('C:\\xampp\\htdocs...')
#1 Command line code(1): Illuminate\Filesystem\Filesystem->files('C:\\xampp\\htdocs...')
#2 Command line code(1): getViews('C:\\xampp\\htdocs...', Object(Illuminate\Filesystem\Filesystem))
#3 {main}
  thrown {"exception":"[object] (Symfony\\Component\\ErrorHandler\\Error\\FatalError(code: 0): Uncaught Symfony\\Component\\Finder\\Exception\\DirectoryNotFoundException: The \"C:\\xampp\\htdocs\\laravel\\MTB_HMS_Booking_System\\MTB_Laravel\\MTB_Booking_System\\resources\\views\" directory does not exist. in C:\\xampp\\htdocs\\laravel\\MTB_HMS_Booking_System\\vendor\\symfony\\finder\\Finder.php:646
Stack trace:
#0 C:\\xampp\\htdocs\\laravel\\MTB_HMS_Booking_System\\vendor\\laravel\\framework\\src\\Illuminate\\Filesystem\\Filesystem.php(584): Symfony\\Component\\Finder\\Finder->in('C:\\\\xampp\\\\htdocs...')
#1 Command line code(1): Illuminate\\Filesystem\\Filesystem->files('C:\\\\xampp\\\\htdocs...')
#2 Command line code(1): getViews('C:\\\\xampp\\\\htdocs...', Object(Illuminate\\Filesystem\\Filesystem))
#3 {main}
  thrown at C:\\xampp\\htdocs\\laravel\\MTB_HMS_Booking_System\\vendor\\symfony\\finder\\Finder.php:646)
[stacktrace]
#0 {main}
"} 
[2025-04-21 12:34:14] local.ERROR: Uncaught Symfony\Component\Finder\Exception\DirectoryNotFoundException: The "C:\xampp\htdocs\laravel\MTB_HMS_Booking_System\MTB_Laravel\MTB_Booking_System\resources\views" directory does not exist. in C:\xampp\htdocs\laravel\MTB_HMS_Booking_System\vendor\symfony\finder\Finder.php:646
Stack trace:
#0 C:\xampp\htdocs\laravel\MTB_HMS_Booking_System\vendor\laravel\framework\src\Illuminate\Filesystem\Filesystem.php(584): Symfony\Component\Finder\Finder->in('C:\\xampp\\htdocs...')
#1 Command line code(1): Illuminate\Filesystem\Filesystem->files('C:\\xampp\\htdocs...')
#2 Command line code(1): getViews('C:\\xampp\\htdocs...', Object(Illuminate\Filesystem\Filesystem))
#3 {main}
  thrown {"exception":"[object] (Symfony\\Component\\ErrorHandler\\Error\\FatalError(code: 0): Uncaught Symfony\\Component\\Finder\\Exception\\DirectoryNotFoundException: The \"C:\\xampp\\htdocs\\laravel\\MTB_HMS_Booking_System\\MTB_Laravel\\MTB_Booking_System\\resources\\views\" directory does not exist. in C:\\xampp\\htdocs\\laravel\\MTB_HMS_Booking_System\\vendor\\symfony\\finder\\Finder.php:646
Stack trace:
#0 C:\\xampp\\htdocs\\laravel\\MTB_HMS_Booking_System\\vendor\\laravel\\framework\\src\\Illuminate\\Filesystem\\Filesystem.php(584): Symfony\\Component\\Finder\\Finder->in('C:\\\\xampp\\\\htdocs...')
#1 Command line code(1): Illuminate\\Filesystem\\Filesystem->files('C:\\\\xampp\\\\htdocs...')
#2 Command line code(1): getViews('C:\\\\xampp\\\\htdocs...', Object(Illuminate\\Filesystem\\Filesystem))
#3 {main}
  thrown at C:\\xampp\\htdocs\\laravel\\MTB_HMS_Booking_System\\vendor\\symfony\\finder\\Finder.php:646)
[stacktrace]
#0 {main}
"} 
[2025-04-21 12:34:17] local.ERROR: Uncaught Symfony\Component\Finder\Exception\DirectoryNotFoundException: The "C:\xampp\htdocs\laravel\MTB_HMS_Booking_System\MTB_Laravel\MTB_Booking_System\resources\views" directory does not exist. in C:\xampp\htdocs\laravel\MTB_HMS_Booking_System\vendor\symfony\finder\Finder.php:646
Stack trace:
#0 C:\xampp\htdocs\laravel\MTB_HMS_Booking_System\vendor\laravel\framework\src\Illuminate\Filesystem\Filesystem.php(584): Symfony\Component\Finder\Finder->in('C:\\xampp\\htdocs...')
#1 Command line code(1): Illuminate\Filesystem\Filesystem->files('C:\\xampp\\htdocs...')
#2 Command line code(1): getViews('C:\\xampp\\htdocs...', Object(Illuminate\Filesystem\Filesystem))
#3 {main}
  thrown {"exception":"[object] (Symfony\\Component\\ErrorHandler\\Error\\FatalError(code: 0): Uncaught Symfony\\Component\\Finder\\Exception\\DirectoryNotFoundException: The \"C:\\xampp\\htdocs\\laravel\\MTB_HMS_Booking_System\\MTB_Laravel\\MTB_Booking_System\\resources\\views\" directory does not exist. in C:\\xampp\\htdocs\\laravel\\MTB_HMS_Booking_System\\vendor\\symfony\\finder\\Finder.php:646
Stack trace:
#0 C:\\xampp\\htdocs\\laravel\\MTB_HMS_Booking_System\\vendor\\laravel\\framework\\src\\Illuminate\\Filesystem\\Filesystem.php(584): Symfony\\Component\\Finder\\Finder->in('C:\\\\xampp\\\\htdocs...')
#1 Command line code(1): Illuminate\\Filesystem\\Filesystem->files('C:\\\\xampp\\\\htdocs...')
#2 Command line code(1): getViews('C:\\\\xampp\\\\htdocs...', Object(Illuminate\\Filesystem\\Filesystem))
#3 {main}
  thrown at C:\\xampp\\htdocs\\laravel\\MTB_HMS_Booking_System\\vendor\\symfony\\finder\\Finder.php:646)
[stacktrace]
#0 {main}
"} 
[2025-04-21 12:34:17] local.ERROR: Uncaught Symfony\Component\Finder\Exception\DirectoryNotFoundException: The "C:\xampp\htdocs\laravel\MTB_HMS_Booking_System\MTB_Laravel\MTB_Booking_System\resources\views" directory does not exist. in C:\xampp\htdocs\laravel\MTB_HMS_Booking_System\vendor\symfony\finder\Finder.php:646
Stack trace:
#0 C:\xampp\htdocs\laravel\MTB_HMS_Booking_System\vendor\laravel\framework\src\Illuminate\Filesystem\Filesystem.php(584): Symfony\Component\Finder\Finder->in('C:\\xampp\\htdocs...')
#1 Command line code(1): Illuminate\Filesystem\Filesystem->files('C:\\xampp\\htdocs...')
#2 Command line code(1): getViews('C:\\xampp\\htdocs...', Object(Illuminate\Filesystem\Filesystem))
#3 {main}
  thrown {"exception":"[object] (Symfony\\Component\\ErrorHandler\\Error\\FatalError(code: 0): Uncaught Symfony\\Component\\Finder\\Exception\\DirectoryNotFoundException: The \"C:\\xampp\\htdocs\\laravel\\MTB_HMS_Booking_System\\MTB_Laravel\\MTB_Booking_System\\resources\\views\" directory does not exist. in C:\\xampp\\htdocs\\laravel\\MTB_HMS_Booking_System\\vendor\\symfony\\finder\\Finder.php:646
Stack trace:
#0 C:\\xampp\\htdocs\\laravel\\MTB_HMS_Booking_System\\vendor\\laravel\\framework\\src\\Illuminate\\Filesystem\\Filesystem.php(584): Symfony\\Component\\Finder\\Finder->in('C:\\\\xampp\\\\htdocs...')
#1 Command line code(1): Illuminate\\Filesystem\\Filesystem->files('C:\\\\xampp\\\\htdocs...')
#2 Command line code(1): getViews('C:\\\\xampp\\\\htdocs...', Object(Illuminate\\Filesystem\\Filesystem))
#3 {main}
  thrown at C:\\xampp\\htdocs\\laravel\\MTB_HMS_Booking_System\\vendor\\symfony\\finder\\Finder.php:646)
[stacktrace]
#0 {main}
"} 
[2025-04-21 12:34:19] local.ERROR: Uncaught Symfony\Component\Finder\Exception\DirectoryNotFoundException: The "C:\xampp\htdocs\laravel\MTB_HMS_Booking_System\MTB_Laravel\MTB_Booking_System\resources\views" directory does not exist. in C:\xampp\htdocs\laravel\MTB_HMS_Booking_System\vendor\symfony\finder\Finder.php:646
Stack trace:
#0 C:\xampp\htdocs\laravel\MTB_HMS_Booking_System\vendor\laravel\framework\src\Illuminate\Filesystem\Filesystem.php(584): Symfony\Component\Finder\Finder->in('C:\\xampp\\htdocs...')
#1 Command line code(1): Illuminate\Filesystem\Filesystem->files('C:\\xampp\\htdocs...')
#2 Command line code(1): getViews('C:\\xampp\\htdocs...', Object(Illuminate\Filesystem\Filesystem))
#3 {main}
  thrown {"exception":"[object] (Symfony\\Component\\ErrorHandler\\Error\\FatalError(code: 0): Uncaught Symfony\\Component\\Finder\\Exception\\DirectoryNotFoundException: The \"C:\\xampp\\htdocs\\laravel\\MTB_HMS_Booking_System\\MTB_Laravel\\MTB_Booking_System\\resources\\views\" directory does not exist. in C:\\xampp\\htdocs\\laravel\\MTB_HMS_Booking_System\\vendor\\symfony\\finder\\Finder.php:646
Stack trace:
#0 C:\\xampp\\htdocs\\laravel\\MTB_HMS_Booking_System\\vendor\\laravel\\framework\\src\\Illuminate\\Filesystem\\Filesystem.php(584): Symfony\\Component\\Finder\\Finder->in('C:\\\\xampp\\\\htdocs...')
#1 Command line code(1): Illuminate\\Filesystem\\Filesystem->files('C:\\\\xampp\\\\htdocs...')
#2 Command line code(1): getViews('C:\\\\xampp\\\\htdocs...', Object(Illuminate\\Filesystem\\Filesystem))
#3 {main}
  thrown at C:\\xampp\\htdocs\\laravel\\MTB_HMS_Booking_System\\vendor\\symfony\\finder\\Finder.php:646)
[stacktrace]
#0 {main}
"} 
[2025-04-21 12:34:19] local.ERROR: Uncaught Symfony\Component\Finder\Exception\DirectoryNotFoundException: The "C:\xampp\htdocs\laravel\MTB_HMS_Booking_System\MTB_Laravel\MTB_Booking_System\resources\views" directory does not exist. in C:\xampp\htdocs\laravel\MTB_HMS_Booking_System\vendor\symfony\finder\Finder.php:646
Stack trace:
#0 C:\xampp\htdocs\laravel\MTB_HMS_Booking_System\vendor\laravel\framework\src\Illuminate\Filesystem\Filesystem.php(584): Symfony\Component\Finder\Finder->in('C:\\xampp\\htdocs...')
#1 Command line code(1): Illuminate\Filesystem\Filesystem->files('C:\\xampp\\htdocs...')
#2 Command line code(1): getViews('C:\\xampp\\htdocs...', Object(Illuminate\Filesystem\Filesystem))
#3 {main}
  thrown {"exception":"[object] (Symfony\\Component\\ErrorHandler\\Error\\FatalError(code: 0): Uncaught Symfony\\Component\\Finder\\Exception\\DirectoryNotFoundException: The \"C:\\xampp\\htdocs\\laravel\\MTB_HMS_Booking_System\\MTB_Laravel\\MTB_Booking_System\\resources\\views\" directory does not exist. in C:\\xampp\\htdocs\\laravel\\MTB_HMS_Booking_System\\vendor\\symfony\\finder\\Finder.php:646
Stack trace:
#0 C:\\xampp\\htdocs\\laravel\\MTB_HMS_Booking_System\\vendor\\laravel\\framework\\src\\Illuminate\\Filesystem\\Filesystem.php(584): Symfony\\Component\\Finder\\Finder->in('C:\\\\xampp\\\\htdocs...')
#1 Command line code(1): Illuminate\\Filesystem\\Filesystem->files('C:\\\\xampp\\\\htdocs...')
#2 Command line code(1): getViews('C:\\\\xampp\\\\htdocs...', Object(Illuminate\\Filesystem\\Filesystem))
#3 {main}
  thrown at C:\\xampp\\htdocs\\laravel\\MTB_HMS_Booking_System\\vendor\\symfony\\finder\\Finder.php:646)
[stacktrace]
#0 {main}
"} 
[2025-04-21 12:34:21] local.ERROR: Uncaught Symfony\Component\Finder\Exception\DirectoryNotFoundException: The "C:\xampp\htdocs\laravel\MTB_HMS_Booking_System\MTB_Laravel\MTB_Booking_System\resources\views" directory does not exist. in C:\xampp\htdocs\laravel\MTB_HMS_Booking_System\vendor\symfony\finder\Finder.php:646
Stack trace:
#0 C:\xampp\htdocs\laravel\MTB_HMS_Booking_System\vendor\laravel\framework\src\Illuminate\Filesystem\Filesystem.php(584): Symfony\Component\Finder\Finder->in('C:\\xampp\\htdocs...')
#1 Command line code(1): Illuminate\Filesystem\Filesystem->files('C:\\xampp\\htdocs...')
#2 Command line code(1): getViews('C:\\xampp\\htdocs...', Object(Illuminate\Filesystem\Filesystem))
#3 {main}
  thrown {"exception":"[object] (Symfony\\Component\\ErrorHandler\\Error\\FatalError(code: 0): Uncaught Symfony\\Component\\Finder\\Exception\\DirectoryNotFoundException: The \"C:\\xampp\\htdocs\\laravel\\MTB_HMS_Booking_System\\MTB_Laravel\\MTB_Booking_System\\resources\\views\" directory does not exist. in C:\\xampp\\htdocs\\laravel\\MTB_HMS_Booking_System\\vendor\\symfony\\finder\\Finder.php:646
Stack trace:
#0 C:\\xampp\\htdocs\\laravel\\MTB_HMS_Booking_System\\vendor\\laravel\\framework\\src\\Illuminate\\Filesystem\\Filesystem.php(584): Symfony\\Component\\Finder\\Finder->in('C:\\\\xampp\\\\htdocs...')
#1 Command line code(1): Illuminate\\Filesystem\\Filesystem->files('C:\\\\xampp\\\\htdocs...')
#2 Command line code(1): getViews('C:\\\\xampp\\\\htdocs...', Object(Illuminate\\Filesystem\\Filesystem))
#3 {main}
  thrown at C:\\xampp\\htdocs\\laravel\\MTB_HMS_Booking_System\\vendor\\symfony\\finder\\Finder.php:646)
[stacktrace]
#0 {main}
"} 
[2025-04-21 12:34:22] local.ERROR: Uncaught Symfony\Component\Finder\Exception\DirectoryNotFoundException: The "C:\xampp\htdocs\laravel\MTB_HMS_Booking_System\MTB_Laravel\MTB_Booking_System\resources\views" directory does not exist. in C:\xampp\htdocs\laravel\MTB_HMS_Booking_System\vendor\symfony\finder\Finder.php:646
Stack trace:
#0 C:\xampp\htdocs\laravel\MTB_HMS_Booking_System\vendor\laravel\framework\src\Illuminate\Filesystem\Filesystem.php(584): Symfony\Component\Finder\Finder->in('C:\\xampp\\htdocs...')
#1 Command line code(1): Illuminate\Filesystem\Filesystem->files('C:\\xampp\\htdocs...')
#2 Command line code(1): getViews('C:\\xampp\\htdocs...', Object(Illuminate\Filesystem\Filesystem))
#3 {main}
  thrown {"exception":"[object] (Symfony\\Component\\ErrorHandler\\Error\\FatalError(code: 0): Uncaught Symfony\\Component\\Finder\\Exception\\DirectoryNotFoundException: The \"C:\\xampp\\htdocs\\laravel\\MTB_HMS_Booking_System\\MTB_Laravel\\MTB_Booking_System\\resources\\views\" directory does not exist. in C:\\xampp\\htdocs\\laravel\\MTB_HMS_Booking_System\\vendor\\symfony\\finder\\Finder.php:646
Stack trace:
#0 C:\\xampp\\htdocs\\laravel\\MTB_HMS_Booking_System\\vendor\\laravel\\framework\\src\\Illuminate\\Filesystem\\Filesystem.php(584): Symfony\\Component\\Finder\\Finder->in('C:\\\\xampp\\\\htdocs...')
#1 Command line code(1): Illuminate\\Filesystem\\Filesystem->files('C:\\\\xampp\\\\htdocs...')
#2 Command line code(1): getViews('C:\\\\xampp\\\\htdocs...', Object(Illuminate\\Filesystem\\Filesystem))
#3 {main}
  thrown at C:\\xampp\\htdocs\\laravel\\MTB_HMS_Booking_System\\vendor\\symfony\\finder\\Finder.php:646)
[stacktrace]
#0 {main}
"} 
[2025-04-21 12:34:24] local.ERROR: Uncaught Symfony\Component\Finder\Exception\DirectoryNotFoundException: The "C:\xampp\htdocs\laravel\MTB_HMS_Booking_System\MTB_Laravel\MTB_Booking_System\resources\views" directory does not exist. in C:\xampp\htdocs\laravel\MTB_HMS_Booking_System\vendor\symfony\finder\Finder.php:646
Stack trace:
#0 C:\xampp\htdocs\laravel\MTB_HMS_Booking_System\vendor\laravel\framework\src\Illuminate\Filesystem\Filesystem.php(584): Symfony\Component\Finder\Finder->in('C:\\xampp\\htdocs...')
#1 Command line code(1): Illuminate\Filesystem\Filesystem->files('C:\\xampp\\htdocs...')
#2 Command line code(1): getViews('C:\\xampp\\htdocs...', Object(Illuminate\Filesystem\Filesystem))
#3 {main}
  thrown {"exception":"[object] (Symfony\\Component\\ErrorHandler\\Error\\FatalError(code: 0): Uncaught Symfony\\Component\\Finder\\Exception\\DirectoryNotFoundException: The \"C:\\xampp\\htdocs\\laravel\\MTB_HMS_Booking_System\\MTB_Laravel\\MTB_Booking_System\\resources\\views\" directory does not exist. in C:\\xampp\\htdocs\\laravel\\MTB_HMS_Booking_System\\vendor\\symfony\\finder\\Finder.php:646
Stack trace:
#0 C:\\xampp\\htdocs\\laravel\\MTB_HMS_Booking_System\\vendor\\laravel\\framework\\src\\Illuminate\\Filesystem\\Filesystem.php(584): Symfony\\Component\\Finder\\Finder->in('C:\\\\xampp\\\\htdocs...')
#1 Command line code(1): Illuminate\\Filesystem\\Filesystem->files('C:\\\\xampp\\\\htdocs...')
#2 Command line code(1): getViews('C:\\\\xampp\\\\htdocs...', Object(Illuminate\\Filesystem\\Filesystem))
#3 {main}
  thrown at C:\\xampp\\htdocs\\laravel\\MTB_HMS_Booking_System\\vendor\\symfony\\finder\\Finder.php:646)
[stacktrace]
#0 {main}
"} 
[2025-04-21 12:34:24] local.ERROR: Uncaught Symfony\Component\Finder\Exception\DirectoryNotFoundException: The "C:\xampp\htdocs\laravel\MTB_HMS_Booking_System\MTB_Laravel\MTB_Booking_System\resources\views" directory does not exist. in C:\xampp\htdocs\laravel\MTB_HMS_Booking_System\vendor\symfony\finder\Finder.php:646
Stack trace:
#0 C:\xampp\htdocs\laravel\MTB_HMS_Booking_System\vendor\laravel\framework\src\Illuminate\Filesystem\Filesystem.php(584): Symfony\Component\Finder\Finder->in('C:\\xampp\\htdocs...')
#1 Command line code(1): Illuminate\Filesystem\Filesystem->files('C:\\xampp\\htdocs...')
#2 Command line code(1): getViews('C:\\xampp\\htdocs...', Object(Illuminate\Filesystem\Filesystem))
#3 {main}
  thrown {"exception":"[object] (Symfony\\Component\\ErrorHandler\\Error\\FatalError(code: 0): Uncaught Symfony\\Component\\Finder\\Exception\\DirectoryNotFoundException: The \"C:\\xampp\\htdocs\\laravel\\MTB_HMS_Booking_System\\MTB_Laravel\\MTB_Booking_System\\resources\\views\" directory does not exist. in C:\\xampp\\htdocs\\laravel\\MTB_HMS_Booking_System\\vendor\\symfony\\finder\\Finder.php:646
Stack trace:
#0 C:\\xampp\\htdocs\\laravel\\MTB_HMS_Booking_System\\vendor\\laravel\\framework\\src\\Illuminate\\Filesystem\\Filesystem.php(584): Symfony\\Component\\Finder\\Finder->in('C:\\\\xampp\\\\htdocs...')
#1 Command line code(1): Illuminate\\Filesystem\\Filesystem->files('C:\\\\xampp\\\\htdocs...')
#2 Command line code(1): getViews('C:\\\\xampp\\\\htdocs...', Object(Illuminate\\Filesystem\\Filesystem))
#3 {main}
  thrown at C:\\xampp\\htdocs\\laravel\\MTB_HMS_Booking_System\\vendor\\symfony\\finder\\Finder.php:646)
[stacktrace]
#0 {main}
"} 
[2025-04-21 12:34:27] local.ERROR: Uncaught Symfony\Component\Finder\Exception\DirectoryNotFoundException: The "C:\xampp\htdocs\laravel\MTB_HMS_Booking_System\MTB_Laravel\MTB_Booking_System\resources\views" directory does not exist. in C:\xampp\htdocs\laravel\MTB_HMS_Booking_System\vendor\symfony\finder\Finder.php:646
Stack trace:
#0 C:\xampp\htdocs\laravel\MTB_HMS_Booking_System\vendor\laravel\framework\src\Illuminate\Filesystem\Filesystem.php(584): Symfony\Component\Finder\Finder->in('C:\\xampp\\htdocs...')
#1 Command line code(1): Illuminate\Filesystem\Filesystem->files('C:\\xampp\\htdocs...')
#2 Command line code(1): getViews('C:\\xampp\\htdocs...', Object(Illuminate\Filesystem\Filesystem))
#3 {main}
  thrown {"exception":"[object] (Symfony\\Component\\ErrorHandler\\Error\\FatalError(code: 0): Uncaught Symfony\\Component\\Finder\\Exception\\DirectoryNotFoundException: The \"C:\\xampp\\htdocs\\laravel\\MTB_HMS_Booking_System\\MTB_Laravel\\MTB_Booking_System\\resources\\views\" directory does not exist. in C:\\xampp\\htdocs\\laravel\\MTB_HMS_Booking_System\\vendor\\symfony\\finder\\Finder.php:646
Stack trace:
#0 C:\\xampp\\htdocs\\laravel\\MTB_HMS_Booking_System\\vendor\\laravel\\framework\\src\\Illuminate\\Filesystem\\Filesystem.php(584): Symfony\\Component\\Finder\\Finder->in('C:\\\\xampp\\\\htdocs...')
#1 Command line code(1): Illuminate\\Filesystem\\Filesystem->files('C:\\\\xampp\\\\htdocs...')
#2 Command line code(1): getViews('C:\\\\xampp\\\\htdocs...', Object(Illuminate\\Filesystem\\Filesystem))
#3 {main}
  thrown at C:\\xampp\\htdocs\\laravel\\MTB_HMS_Booking_System\\vendor\\symfony\\finder\\Finder.php:646)
[stacktrace]
#0 {main}
"} 
[2025-04-21 12:34:28] local.ERROR: Uncaught Symfony\Component\Finder\Exception\DirectoryNotFoundException: The "C:\xampp\htdocs\laravel\MTB_HMS_Booking_System\MTB_Laravel\MTB_Booking_System\resources\views" directory does not exist. in C:\xampp\htdocs\laravel\MTB_HMS_Booking_System\vendor\symfony\finder\Finder.php:646
Stack trace:
#0 C:\xampp\htdocs\laravel\MTB_HMS_Booking_System\vendor\laravel\framework\src\Illuminate\Filesystem\Filesystem.php(584): Symfony\Component\Finder\Finder->in('C:\\xampp\\htdocs...')
#1 Command line code(1): Illuminate\Filesystem\Filesystem->files('C:\\xampp\\htdocs...')
#2 Command line code(1): getViews('C:\\xampp\\htdocs...', Object(Illuminate\Filesystem\Filesystem))
#3 {main}
  thrown {"exception":"[object] (Symfony\\Component\\ErrorHandler\\Error\\FatalError(code: 0): Uncaught Symfony\\Component\\Finder\\Exception\\DirectoryNotFoundException: The \"C:\\xampp\\htdocs\\laravel\\MTB_HMS_Booking_System\\MTB_Laravel\\MTB_Booking_System\\resources\\views\" directory does not exist. in C:\\xampp\\htdocs\\laravel\\MTB_HMS_Booking_System\\vendor\\symfony\\finder\\Finder.php:646
Stack trace:
#0 C:\\xampp\\htdocs\\laravel\\MTB_HMS_Booking_System\\vendor\\laravel\\framework\\src\\Illuminate\\Filesystem\\Filesystem.php(584): Symfony\\Component\\Finder\\Finder->in('C:\\\\xampp\\\\htdocs...')
#1 Command line code(1): Illuminate\\Filesystem\\Filesystem->files('C:\\\\xampp\\\\htdocs...')
#2 Command line code(1): getViews('C:\\\\xampp\\\\htdocs...', Object(Illuminate\\Filesystem\\Filesystem))
#3 {main}
  thrown at C:\\xampp\\htdocs\\laravel\\MTB_HMS_Booking_System\\vendor\\symfony\\finder\\Finder.php:646)
[stacktrace]
#0 {main}
"} 
[2025-04-21 12:34:29] local.ERROR: Uncaught Symfony\Component\Finder\Exception\DirectoryNotFoundException: The "C:\xampp\htdocs\laravel\MTB_HMS_Booking_System\MTB_Laravel\MTB_Booking_System\resources\views" directory does not exist. in C:\xampp\htdocs\laravel\MTB_HMS_Booking_System\vendor\symfony\finder\Finder.php:646
Stack trace:
#0 C:\xampp\htdocs\laravel\MTB_HMS_Booking_System\vendor\laravel\framework\src\Illuminate\Filesystem\Filesystem.php(584): Symfony\Component\Finder\Finder->in('C:\\xampp\\htdocs...')
#1 Command line code(1): Illuminate\Filesystem\Filesystem->files('C:\\xampp\\htdocs...')
#2 Command line code(1): getViews('C:\\xampp\\htdocs...', Object(Illuminate\Filesystem\Filesystem))
#3 {main}
  thrown {"exception":"[object] (Symfony\\Component\\ErrorHandler\\Error\\FatalError(code: 0): Uncaught Symfony\\Component\\Finder\\Exception\\DirectoryNotFoundException: The \"C:\\xampp\\htdocs\\laravel\\MTB_HMS_Booking_System\\MTB_Laravel\\MTB_Booking_System\\resources\\views\" directory does not exist. in C:\\xampp\\htdocs\\laravel\\MTB_HMS_Booking_System\\vendor\\symfony\\finder\\Finder.php:646
Stack trace:
#0 C:\\xampp\\htdocs\\laravel\\MTB_HMS_Booking_System\\vendor\\laravel\\framework\\src\\Illuminate\\Filesystem\\Filesystem.php(584): Symfony\\Component\\Finder\\Finder->in('C:\\\\xampp\\\\htdocs...')
#1 Command line code(1): Illuminate\\Filesystem\\Filesystem->files('C:\\\\xampp\\\\htdocs...')
#2 Command line code(1): getViews('C:\\\\xampp\\\\htdocs...', Object(Illuminate\\Filesystem\\Filesystem))
#3 {main}
  thrown at C:\\xampp\\htdocs\\laravel\\MTB_HMS_Booking_System\\vendor\\symfony\\finder\\Finder.php:646)
[stacktrace]
#0 {main}
"} 
[2025-04-21 12:34:32] local.ERROR: Uncaught Symfony\Component\Finder\Exception\DirectoryNotFoundException: The "C:\xampp\htdocs\laravel\MTB_HMS_Booking_System\MTB_Laravel\MTB_Booking_System\resources\views" directory does not exist. in C:\xampp\htdocs\laravel\MTB_HMS_Booking_System\vendor\symfony\finder\Finder.php:646
Stack trace:
#0 C:\xampp\htdocs\laravel\MTB_HMS_Booking_System\vendor\laravel\framework\src\Illuminate\Filesystem\Filesystem.php(584): Symfony\Component\Finder\Finder->in('C:\\xampp\\htdocs...')
#1 Command line code(1): Illuminate\Filesystem\Filesystem->files('C:\\xampp\\htdocs...')
#2 Command line code(1): getViews('C:\\xampp\\htdocs...', Object(Illuminate\Filesystem\Filesystem))
#3 {main}
  thrown {"exception":"[object] (Symfony\\Component\\ErrorHandler\\Error\\FatalError(code: 0): Uncaught Symfony\\Component\\Finder\\Exception\\DirectoryNotFoundException: The \"C:\\xampp\\htdocs\\laravel\\MTB_HMS_Booking_System\\MTB_Laravel\\MTB_Booking_System\\resources\\views\" directory does not exist. in C:\\xampp\\htdocs\\laravel\\MTB_HMS_Booking_System\\vendor\\symfony\\finder\\Finder.php:646
Stack trace:
#0 C:\\xampp\\htdocs\\laravel\\MTB_HMS_Booking_System\\vendor\\laravel\\framework\\src\\Illuminate\\Filesystem\\Filesystem.php(584): Symfony\\Component\\Finder\\Finder->in('C:\\\\xampp\\\\htdocs...')
#1 Command line code(1): Illuminate\\Filesystem\\Filesystem->files('C:\\\\xampp\\\\htdocs...')
#2 Command line code(1): getViews('C:\\\\xampp\\\\htdocs...', Object(Illuminate\\Filesystem\\Filesystem))
#3 {main}
  thrown at C:\\xampp\\htdocs\\laravel\\MTB_HMS_Booking_System\\vendor\\symfony\\finder\\Finder.php:646)
[stacktrace]
#0 {main}
"} 
[2025-04-21 12:34:33] local.ERROR: Uncaught Symfony\Component\Finder\Exception\DirectoryNotFoundException: The "C:\xampp\htdocs\laravel\MTB_HMS_Booking_System\MTB_Laravel\MTB_Booking_System\resources\views" directory does not exist. in C:\xampp\htdocs\laravel\MTB_HMS_Booking_System\vendor\symfony\finder\Finder.php:646
Stack trace:
#0 C:\xampp\htdocs\laravel\MTB_HMS_Booking_System\vendor\laravel\framework\src\Illuminate\Filesystem\Filesystem.php(584): Symfony\Component\Finder\Finder->in('C:\\xampp\\htdocs...')
#1 Command line code(1): Illuminate\Filesystem\Filesystem->files('C:\\xampp\\htdocs...')
#2 Command line code(1): getViews('C:\\xampp\\htdocs...', Object(Illuminate\Filesystem\Filesystem))
#3 {main}
  thrown {"exception":"[object] (Symfony\\Component\\ErrorHandler\\Error\\FatalError(code: 0): Uncaught Symfony\\Component\\Finder\\Exception\\DirectoryNotFoundException: The \"C:\\xampp\\htdocs\\laravel\\MTB_HMS_Booking_System\\MTB_Laravel\\MTB_Booking_System\\resources\\views\" directory does not exist. in C:\\xampp\\htdocs\\laravel\\MTB_HMS_Booking_System\\vendor\\symfony\\finder\\Finder.php:646
Stack trace:
#0 C:\\xampp\\htdocs\\laravel\\MTB_HMS_Booking_System\\vendor\\laravel\\framework\\src\\Illuminate\\Filesystem\\Filesystem.php(584): Symfony\\Component\\Finder\\Finder->in('C:\\\\xampp\\\\htdocs...')
#1 Command line code(1): Illuminate\\Filesystem\\Filesystem->files('C:\\\\xampp\\\\htdocs...')
#2 Command line code(1): getViews('C:\\\\xampp\\\\htdocs...', Object(Illuminate\\Filesystem\\Filesystem))
#3 {main}
  thrown at C:\\xampp\\htdocs\\laravel\\MTB_HMS_Booking_System\\vendor\\symfony\\finder\\Finder.php:646)
[stacktrace]
#0 {main}
"} 
[2025-04-21 12:34:35] local.ERROR: Uncaught Symfony\Component\Finder\Exception\DirectoryNotFoundException: The "C:\xampp\htdocs\laravel\MTB_HMS_Booking_System\MTB_Laravel\MTB_Booking_System\resources\views" directory does not exist. in C:\xampp\htdocs\laravel\MTB_HMS_Booking_System\vendor\symfony\finder\Finder.php:646
Stack trace:
#0 C:\xampp\htdocs\laravel\MTB_HMS_Booking_System\vendor\laravel\framework\src\Illuminate\Filesystem\Filesystem.php(584): Symfony\Component\Finder\Finder->in('C:\\xampp\\htdocs...')
#1 Command line code(1): Illuminate\Filesystem\Filesystem->files('C:\\xampp\\htdocs...')
#2 Command line code(1): getViews('C:\\xampp\\htdocs...', Object(Illuminate\Filesystem\Filesystem))
#3 {main}
  thrown {"exception":"[object] (Symfony\\Component\\ErrorHandler\\Error\\FatalError(code: 0): Uncaught Symfony\\Component\\Finder\\Exception\\DirectoryNotFoundException: The \"C:\\xampp\\htdocs\\laravel\\MTB_HMS_Booking_System\\MTB_Laravel\\MTB_Booking_System\\resources\\views\" directory does not exist. in C:\\xampp\\htdocs\\laravel\\MTB_HMS_Booking_System\\vendor\\symfony\\finder\\Finder.php:646
Stack trace:
#0 C:\\xampp\\htdocs\\laravel\\MTB_HMS_Booking_System\\vendor\\laravel\\framework\\src\\Illuminate\\Filesystem\\Filesystem.php(584): Symfony\\Component\\Finder\\Finder->in('C:\\\\xampp\\\\htdocs...')
#1 Command line code(1): Illuminate\\Filesystem\\Filesystem->files('C:\\\\xampp\\\\htdocs...')
#2 Command line code(1): getViews('C:\\\\xampp\\\\htdocs...', Object(Illuminate\\Filesystem\\Filesystem))
#3 {main}
  thrown at C:\\xampp\\htdocs\\laravel\\MTB_HMS_Booking_System\\vendor\\symfony\\finder\\Finder.php:646)
[stacktrace]
#0 {main}
"} 
[2025-04-21 12:34:36] local.ERROR: Uncaught Symfony\Component\Finder\Exception\DirectoryNotFoundException: The "C:\xampp\htdocs\laravel\MTB_HMS_Booking_System\MTB_Laravel\MTB_Booking_System\resources\views" directory does not exist. in C:\xampp\htdocs\laravel\MTB_HMS_Booking_System\vendor\symfony\finder\Finder.php:646
Stack trace:
#0 C:\xampp\htdocs\laravel\MTB_HMS_Booking_System\vendor\laravel\framework\src\Illuminate\Filesystem\Filesystem.php(584): Symfony\Component\Finder\Finder->in('C:\\xampp\\htdocs...')
#1 Command line code(1): Illuminate\Filesystem\Filesystem->files('C:\\xampp\\htdocs...')
#2 Command line code(1): getViews('C:\\xampp\\htdocs...', Object(Illuminate\Filesystem\Filesystem))
#3 {main}
  thrown {"exception":"[object] (Symfony\\Component\\ErrorHandler\\Error\\FatalError(code: 0): Uncaught Symfony\\Component\\Finder\\Exception\\DirectoryNotFoundException: The \"C:\\xampp\\htdocs\\laravel\\MTB_HMS_Booking_System\\MTB_Laravel\\MTB_Booking_System\\resources\\views\" directory does not exist. in C:\\xampp\\htdocs\\laravel\\MTB_HMS_Booking_System\\vendor\\symfony\\finder\\Finder.php:646
Stack trace:
#0 C:\\xampp\\htdocs\\laravel\\MTB_HMS_Booking_System\\vendor\\laravel\\framework\\src\\Illuminate\\Filesystem\\Filesystem.php(584): Symfony\\Component\\Finder\\Finder->in('C:\\\\xampp\\\\htdocs...')
#1 Command line code(1): Illuminate\\Filesystem\\Filesystem->files('C:\\\\xampp\\\\htdocs...')
#2 Command line code(1): getViews('C:\\\\xampp\\\\htdocs...', Object(Illuminate\\Filesystem\\Filesystem))
#3 {main}
  thrown at C:\\xampp\\htdocs\\laravel\\MTB_HMS_Booking_System\\vendor\\symfony\\finder\\Finder.php:646)
[stacktrace]
#0 {main}
"} 
[2025-04-21 12:34:37] local.ERROR: Uncaught Symfony\Component\Finder\Exception\DirectoryNotFoundException: The "C:\xampp\htdocs\laravel\MTB_HMS_Booking_System\MTB_Laravel\MTB_Booking_System\resources\views" directory does not exist. in C:\xampp\htdocs\laravel\MTB_HMS_Booking_System\vendor\symfony\finder\Finder.php:646
Stack trace:
#0 C:\xampp\htdocs\laravel\MTB_HMS_Booking_System\vendor\laravel\framework\src\Illuminate\Filesystem\Filesystem.php(584): Symfony\Component\Finder\Finder->in('C:\\xampp\\htdocs...')
#1 Command line code(1): Illuminate\Filesystem\Filesystem->files('C:\\xampp\\htdocs...')
#2 Command line code(1): getViews('C:\\xampp\\htdocs...', Object(Illuminate\Filesystem\Filesystem))
#3 {main}
  thrown {"exception":"[object] (Symfony\\Component\\ErrorHandler\\Error\\FatalError(code: 0): Uncaught Symfony\\Component\\Finder\\Exception\\DirectoryNotFoundException: The \"C:\\xampp\\htdocs\\laravel\\MTB_HMS_Booking_System\\MTB_Laravel\\MTB_Booking_System\\resources\\views\" directory does not exist. in C:\\xampp\\htdocs\\laravel\\MTB_HMS_Booking_System\\vendor\\symfony\\finder\\Finder.php:646
Stack trace:
#0 C:\\xampp\\htdocs\\laravel\\MTB_HMS_Booking_System\\vendor\\laravel\\framework\\src\\Illuminate\\Filesystem\\Filesystem.php(584): Symfony\\Component\\Finder\\Finder->in('C:\\\\xampp\\\\htdocs...')
#1 Command line code(1): Illuminate\\Filesystem\\Filesystem->files('C:\\\\xampp\\\\htdocs...')
#2 Command line code(1): getViews('C:\\\\xampp\\\\htdocs...', Object(Illuminate\\Filesystem\\Filesystem))
#3 {main}
  thrown at C:\\xampp\\htdocs\\laravel\\MTB_HMS_Booking_System\\vendor\\symfony\\finder\\Finder.php:646)
[stacktrace]
#0 {main}
"} 
[2025-04-21 12:34:39] local.ERROR: Uncaught Symfony\Component\Finder\Exception\DirectoryNotFoundException: The "C:\xampp\htdocs\laravel\MTB_HMS_Booking_System\MTB_Laravel\MTB_Booking_System\resources\views" directory does not exist. in C:\xampp\htdocs\laravel\MTB_HMS_Booking_System\vendor\symfony\finder\Finder.php:646
Stack trace:
#0 C:\xampp\htdocs\laravel\MTB_HMS_Booking_System\vendor\laravel\framework\src\Illuminate\Filesystem\Filesystem.php(584): Symfony\Component\Finder\Finder->in('C:\\xampp\\htdocs...')
#1 Command line code(1): Illuminate\Filesystem\Filesystem->files('C:\\xampp\\htdocs...')
#2 Command line code(1): getViews('C:\\xampp\\htdocs...', Object(Illuminate\Filesystem\Filesystem))
#3 {main}
  thrown {"exception":"[object] (Symfony\\Component\\ErrorHandler\\Error\\FatalError(code: 0): Uncaught Symfony\\Component\\Finder\\Exception\\DirectoryNotFoundException: The \"C:\\xampp\\htdocs\\laravel\\MTB_HMS_Booking_System\\MTB_Laravel\\MTB_Booking_System\\resources\\views\" directory does not exist. in C:\\xampp\\htdocs\\laravel\\MTB_HMS_Booking_System\\vendor\\symfony\\finder\\Finder.php:646
Stack trace:
#0 C:\\xampp\\htdocs\\laravel\\MTB_HMS_Booking_System\\vendor\\laravel\\framework\\src\\Illuminate\\Filesystem\\Filesystem.php(584): Symfony\\Component\\Finder\\Finder->in('C:\\\\xampp\\\\htdocs...')
#1 Command line code(1): Illuminate\\Filesystem\\Filesystem->files('C:\\\\xampp\\\\htdocs...')
#2 Command line code(1): getViews('C:\\\\xampp\\\\htdocs...', Object(Illuminate\\Filesystem\\Filesystem))
#3 {main}
  thrown at C:\\xampp\\htdocs\\laravel\\MTB_HMS_Booking_System\\vendor\\symfony\\finder\\Finder.php:646)
[stacktrace]
#0 {main}
"} 
[2025-04-21 12:34:39] local.ERROR: Uncaught Symfony\Component\Finder\Exception\DirectoryNotFoundException: The "C:\xampp\htdocs\laravel\MTB_HMS_Booking_System\MTB_Laravel\MTB_Booking_System\resources\views" directory does not exist. in C:\xampp\htdocs\laravel\MTB_HMS_Booking_System\vendor\symfony\finder\Finder.php:646
Stack trace:
#0 C:\xampp\htdocs\laravel\MTB_HMS_Booking_System\vendor\laravel\framework\src\Illuminate\Filesystem\Filesystem.php(584): Symfony\Component\Finder\Finder->in('C:\\xampp\\htdocs...')
#1 Command line code(1): Illuminate\Filesystem\Filesystem->files('C:\\xampp\\htdocs...')
#2 Command line code(1): getViews('C:\\xampp\\htdocs...', Object(Illuminate\Filesystem\Filesystem))
#3 {main}
  thrown {"exception":"[object] (Symfony\\Component\\ErrorHandler\\Error\\FatalError(code: 0): Uncaught Symfony\\Component\\Finder\\Exception\\DirectoryNotFoundException: The \"C:\\xampp\\htdocs\\laravel\\MTB_HMS_Booking_System\\MTB_Laravel\\MTB_Booking_System\\resources\\views\" directory does not exist. in C:\\xampp\\htdocs\\laravel\\MTB_HMS_Booking_System\\vendor\\symfony\\finder\\Finder.php:646
Stack trace:
#0 C:\\xampp\\htdocs\\laravel\\MTB_HMS_Booking_System\\vendor\\laravel\\framework\\src\\Illuminate\\Filesystem\\Filesystem.php(584): Symfony\\Component\\Finder\\Finder->in('C:\\\\xampp\\\\htdocs...')
#1 Command line code(1): Illuminate\\Filesystem\\Filesystem->files('C:\\\\xampp\\\\htdocs...')
#2 Command line code(1): getViews('C:\\\\xampp\\\\htdocs...', Object(Illuminate\\Filesystem\\Filesystem))
#3 {main}
  thrown at C:\\xampp\\htdocs\\laravel\\MTB_HMS_Booking_System\\vendor\\symfony\\finder\\Finder.php:646)
[stacktrace]
#0 {main}
"} 
[2025-04-21 12:34:41] local.ERROR: Uncaught Symfony\Component\Finder\Exception\DirectoryNotFoundException: The "C:\xampp\htdocs\laravel\MTB_HMS_Booking_System\MTB_Laravel\MTB_Booking_System\resources\views" directory does not exist. in C:\xampp\htdocs\laravel\MTB_HMS_Booking_System\vendor\symfony\finder\Finder.php:646
Stack trace:
#0 C:\xampp\htdocs\laravel\MTB_HMS_Booking_System\vendor\laravel\framework\src\Illuminate\Filesystem\Filesystem.php(584): Symfony\Component\Finder\Finder->in('C:\\xampp\\htdocs...')
#1 Command line code(1): Illuminate\Filesystem\Filesystem->files('C:\\xampp\\htdocs...')
#2 Command line code(1): getViews('C:\\xampp\\htdocs...', Object(Illuminate\Filesystem\Filesystem))
#3 {main}
  thrown {"exception":"[object] (Symfony\\Component\\ErrorHandler\\Error\\FatalError(code: 0): Uncaught Symfony\\Component\\Finder\\Exception\\DirectoryNotFoundException: The \"C:\\xampp\\htdocs\\laravel\\MTB_HMS_Booking_System\\MTB_Laravel\\MTB_Booking_System\\resources\\views\" directory does not exist. in C:\\xampp\\htdocs\\laravel\\MTB_HMS_Booking_System\\vendor\\symfony\\finder\\Finder.php:646
Stack trace:
#0 C:\\xampp\\htdocs\\laravel\\MTB_HMS_Booking_System\\vendor\\laravel\\framework\\src\\Illuminate\\Filesystem\\Filesystem.php(584): Symfony\\Component\\Finder\\Finder->in('C:\\\\xampp\\\\htdocs...')
#1 Command line code(1): Illuminate\\Filesystem\\Filesystem->files('C:\\\\xampp\\\\htdocs...')
#2 Command line code(1): getViews('C:\\\\xampp\\\\htdocs...', Object(Illuminate\\Filesystem\\Filesystem))
#3 {main}
  thrown at C:\\xampp\\htdocs\\laravel\\MTB_HMS_Booking_System\\vendor\\symfony\\finder\\Finder.php:646)
[stacktrace]
#0 {main}
"} 
[2025-04-21 12:34:42] local.ERROR: Uncaught Symfony\Component\Finder\Exception\DirectoryNotFoundException: The "C:\xampp\htdocs\laravel\MTB_HMS_Booking_System\MTB_Laravel\MTB_Booking_System\resources\views" directory does not exist. in C:\xampp\htdocs\laravel\MTB_HMS_Booking_System\vendor\symfony\finder\Finder.php:646
Stack trace:
#0 C:\xampp\htdocs\laravel\MTB_HMS_Booking_System\vendor\laravel\framework\src\Illuminate\Filesystem\Filesystem.php(584): Symfony\Component\Finder\Finder->in('C:\\xampp\\htdocs...')
#1 Command line code(1): Illuminate\Filesystem\Filesystem->files('C:\\xampp\\htdocs...')
#2 Command line code(1): getViews('C:\\xampp\\htdocs...', Object(Illuminate\Filesystem\Filesystem))
#3 {main}
  thrown {"exception":"[object] (Symfony\\Component\\ErrorHandler\\Error\\FatalError(code: 0): Uncaught Symfony\\Component\\Finder\\Exception\\DirectoryNotFoundException: The \"C:\\xampp\\htdocs\\laravel\\MTB_HMS_Booking_System\\MTB_Laravel\\MTB_Booking_System\\resources\\views\" directory does not exist. in C:\\xampp\\htdocs\\laravel\\MTB_HMS_Booking_System\\vendor\\symfony\\finder\\Finder.php:646
Stack trace:
#0 C:\\xampp\\htdocs\\laravel\\MTB_HMS_Booking_System\\vendor\\laravel\\framework\\src\\Illuminate\\Filesystem\\Filesystem.php(584): Symfony\\Component\\Finder\\Finder->in('C:\\\\xampp\\\\htdocs...')
#1 Command line code(1): Illuminate\\Filesystem\\Filesystem->files('C:\\\\xampp\\\\htdocs...')
#2 Command line code(1): getViews('C:\\\\xampp\\\\htdocs...', Object(Illuminate\\Filesystem\\Filesystem))
#3 {main}
  thrown at C:\\xampp\\htdocs\\laravel\\MTB_HMS_Booking_System\\vendor\\symfony\\finder\\Finder.php:646)
[stacktrace]
#0 {main}
"} 
[2025-04-21 12:34:44] local.ERROR: Uncaught Symfony\Component\Finder\Exception\DirectoryNotFoundException: The "C:\xampp\htdocs\laravel\MTB_HMS_Booking_System\MTB_Laravel\MTB_Booking_System\resources\views" directory does not exist. in C:\xampp\htdocs\laravel\MTB_HMS_Booking_System\vendor\symfony\finder\Finder.php:646
Stack trace:
#0 C:\xampp\htdocs\laravel\MTB_HMS_Booking_System\vendor\laravel\framework\src\Illuminate\Filesystem\Filesystem.php(584): Symfony\Component\Finder\Finder->in('C:\\xampp\\htdocs...')
#1 Command line code(1): Illuminate\Filesystem\Filesystem->files('C:\\xampp\\htdocs...')
#2 Command line code(1): getViews('C:\\xampp\\htdocs...', Object(Illuminate\Filesystem\Filesystem))
#3 {main}
  thrown {"exception":"[object] (Symfony\\Component\\ErrorHandler\\Error\\FatalError(code: 0): Uncaught Symfony\\Component\\Finder\\Exception\\DirectoryNotFoundException: The \"C:\\xampp\\htdocs\\laravel\\MTB_HMS_Booking_System\\MTB_Laravel\\MTB_Booking_System\\resources\\views\" directory does not exist. in C:\\xampp\\htdocs\\laravel\\MTB_HMS_Booking_System\\vendor\\symfony\\finder\\Finder.php:646
Stack trace:
#0 C:\\xampp\\htdocs\\laravel\\MTB_HMS_Booking_System\\vendor\\laravel\\framework\\src\\Illuminate\\Filesystem\\Filesystem.php(584): Symfony\\Component\\Finder\\Finder->in('C:\\\\xampp\\\\htdocs...')
#1 Command line code(1): Illuminate\\Filesystem\\Filesystem->files('C:\\\\xampp\\\\htdocs...')
#2 Command line code(1): getViews('C:\\\\xampp\\\\htdocs...', Object(Illuminate\\Filesystem\\Filesystem))
#3 {main}
  thrown at C:\\xampp\\htdocs\\laravel\\MTB_HMS_Booking_System\\vendor\\symfony\\finder\\Finder.php:646)
[stacktrace]
#0 {main}
"} 
[2025-04-21 12:34:45] local.ERROR: Uncaught Symfony\Component\Finder\Exception\DirectoryNotFoundException: The "C:\xampp\htdocs\laravel\MTB_HMS_Booking_System\MTB_Laravel\MTB_Booking_System\resources\views" directory does not exist. in C:\xampp\htdocs\laravel\MTB_HMS_Booking_System\vendor\symfony\finder\Finder.php:646
Stack trace:
#0 C:\xampp\htdocs\laravel\MTB_HMS_Booking_System\vendor\laravel\framework\src\Illuminate\Filesystem\Filesystem.php(584): Symfony\Component\Finder\Finder->in('C:\\xampp\\htdocs...')
#1 Command line code(1): Illuminate\Filesystem\Filesystem->files('C:\\xampp\\htdocs...')
#2 Command line code(1): getViews('C:\\xampp\\htdocs...', Object(Illuminate\Filesystem\Filesystem))
#3 {main}
  thrown {"exception":"[object] (Symfony\\Component\\ErrorHandler\\Error\\FatalError(code: 0): Uncaught Symfony\\Component\\Finder\\Exception\\DirectoryNotFoundException: The \"C:\\xampp\\htdocs\\laravel\\MTB_HMS_Booking_System\\MTB_Laravel\\MTB_Booking_System\\resources\\views\" directory does not exist. in C:\\xampp\\htdocs\\laravel\\MTB_HMS_Booking_System\\vendor\\symfony\\finder\\Finder.php:646
Stack trace:
#0 C:\\xampp\\htdocs\\laravel\\MTB_HMS_Booking_System\\vendor\\laravel\\framework\\src\\Illuminate\\Filesystem\\Filesystem.php(584): Symfony\\Component\\Finder\\Finder->in('C:\\\\xampp\\\\htdocs...')
#1 Command line code(1): Illuminate\\Filesystem\\Filesystem->files('C:\\\\xampp\\\\htdocs...')
#2 Command line code(1): getViews('C:\\\\xampp\\\\htdocs...', Object(Illuminate\\Filesystem\\Filesystem))
#3 {main}
  thrown at C:\\xampp\\htdocs\\laravel\\MTB_HMS_Booking_System\\vendor\\symfony\\finder\\Finder.php:646)
[stacktrace]
#0 {main}
"} 
[2025-04-21 12:34:46] local.ERROR: Uncaught Symfony\Component\Finder\Exception\DirectoryNotFoundException: The "C:\xampp\htdocs\laravel\MTB_HMS_Booking_System\MTB_Laravel\MTB_Booking_System\resources\views" directory does not exist. in C:\xampp\htdocs\laravel\MTB_HMS_Booking_System\vendor\symfony\finder\Finder.php:646
Stack trace:
#0 C:\xampp\htdocs\laravel\MTB_HMS_Booking_System\vendor\laravel\framework\src\Illuminate\Filesystem\Filesystem.php(584): Symfony\Component\Finder\Finder->in('C:\\xampp\\htdocs...')
#1 Command line code(1): Illuminate\Filesystem\Filesystem->files('C:\\xampp\\htdocs...')
#2 Command line code(1): getViews('C:\\xampp\\htdocs...', Object(Illuminate\Filesystem\Filesystem))
#3 {main}
  thrown {"exception":"[object] (Symfony\\Component\\ErrorHandler\\Error\\FatalError(code: 0): Uncaught Symfony\\Component\\Finder\\Exception\\DirectoryNotFoundException: The \"C:\\xampp\\htdocs\\laravel\\MTB_HMS_Booking_System\\MTB_Laravel\\MTB_Booking_System\\resources\\views\" directory does not exist. in C:\\xampp\\htdocs\\laravel\\MTB_HMS_Booking_System\\vendor\\symfony\\finder\\Finder.php:646
Stack trace:
#0 C:\\xampp\\htdocs\\laravel\\MTB_HMS_Booking_System\\vendor\\laravel\\framework\\src\\Illuminate\\Filesystem\\Filesystem.php(584): Symfony\\Component\\Finder\\Finder->in('C:\\\\xampp\\\\htdocs...')
#1 Command line code(1): Illuminate\\Filesystem\\Filesystem->files('C:\\\\xampp\\\\htdocs...')
#2 Command line code(1): getViews('C:\\\\xampp\\\\htdocs...', Object(Illuminate\\Filesystem\\Filesystem))
#3 {main}
  thrown at C:\\xampp\\htdocs\\laravel\\MTB_HMS_Booking_System\\vendor\\symfony\\finder\\Finder.php:646)
[stacktrace]
#0 {main}
"} 
[2025-04-21 12:34:47] local.ERROR: Uncaught Symfony\Component\Finder\Exception\DirectoryNotFoundException: The "C:\xampp\htdocs\laravel\MTB_HMS_Booking_System\MTB_Laravel\MTB_Booking_System\resources\views" directory does not exist. in C:\xampp\htdocs\laravel\MTB_HMS_Booking_System\vendor\symfony\finder\Finder.php:646
Stack trace:
#0 C:\xampp\htdocs\laravel\MTB_HMS_Booking_System\vendor\laravel\framework\src\Illuminate\Filesystem\Filesystem.php(584): Symfony\Component\Finder\Finder->in('C:\\xampp\\htdocs...')
#1 Command line code(1): Illuminate\Filesystem\Filesystem->files('C:\\xampp\\htdocs...')
#2 Command line code(1): getViews('C:\\xampp\\htdocs...', Object(Illuminate\Filesystem\Filesystem))
#3 {main}
  thrown {"exception":"[object] (Symfony\\Component\\ErrorHandler\\Error\\FatalError(code: 0): Uncaught Symfony\\Component\\Finder\\Exception\\DirectoryNotFoundException: The \"C:\\xampp\\htdocs\\laravel\\MTB_HMS_Booking_System\\MTB_Laravel\\MTB_Booking_System\\resources\\views\" directory does not exist. in C:\\xampp\\htdocs\\laravel\\MTB_HMS_Booking_System\\vendor\\symfony\\finder\\Finder.php:646
Stack trace:
#0 C:\\xampp\\htdocs\\laravel\\MTB_HMS_Booking_System\\vendor\\laravel\\framework\\src\\Illuminate\\Filesystem\\Filesystem.php(584): Symfony\\Component\\Finder\\Finder->in('C:\\\\xampp\\\\htdocs...')
#1 Command line code(1): Illuminate\\Filesystem\\Filesystem->files('C:\\\\xampp\\\\htdocs...')
#2 Command line code(1): getViews('C:\\\\xampp\\\\htdocs...', Object(Illuminate\\Filesystem\\Filesystem))
#3 {main}
  thrown at C:\\xampp\\htdocs\\laravel\\MTB_HMS_Booking_System\\vendor\\symfony\\finder\\Finder.php:646)
[stacktrace]
#0 {main}
"} 
[2025-04-21 12:34:48] local.ERROR: Uncaught Symfony\Component\Finder\Exception\DirectoryNotFoundException: The "C:\xampp\htdocs\laravel\MTB_HMS_Booking_System\MTB_Laravel\MTB_Booking_System\resources\views" directory does not exist. in C:\xampp\htdocs\laravel\MTB_HMS_Booking_System\vendor\symfony\finder\Finder.php:646
Stack trace:
#0 C:\xampp\htdocs\laravel\MTB_HMS_Booking_System\vendor\laravel\framework\src\Illuminate\Filesystem\Filesystem.php(584): Symfony\Component\Finder\Finder->in('C:\\xampp\\htdocs...')
#1 Command line code(1): Illuminate\Filesystem\Filesystem->files('C:\\xampp\\htdocs...')
#2 Command line code(1): getViews('C:\\xampp\\htdocs...', Object(Illuminate\Filesystem\Filesystem))
#3 {main}
  thrown {"exception":"[object] (Symfony\\Component\\ErrorHandler\\Error\\FatalError(code: 0): Uncaught Symfony\\Component\\Finder\\Exception\\DirectoryNotFoundException: The \"C:\\xampp\\htdocs\\laravel\\MTB_HMS_Booking_System\\MTB_Laravel\\MTB_Booking_System\\resources\\views\" directory does not exist. in C:\\xampp\\htdocs\\laravel\\MTB_HMS_Booking_System\\vendor\\symfony\\finder\\Finder.php:646
Stack trace:
#0 C:\\xampp\\htdocs\\laravel\\MTB_HMS_Booking_System\\vendor\\laravel\\framework\\src\\Illuminate\\Filesystem\\Filesystem.php(584): Symfony\\Component\\Finder\\Finder->in('C:\\\\xampp\\\\htdocs...')
#1 Command line code(1): Illuminate\\Filesystem\\Filesystem->files('C:\\\\xampp\\\\htdocs...')
#2 Command line code(1): getViews('C:\\\\xampp\\\\htdocs...', Object(Illuminate\\Filesystem\\Filesystem))
#3 {main}
  thrown at C:\\xampp\\htdocs\\laravel\\MTB_HMS_Booking_System\\vendor\\symfony\\finder\\Finder.php:646)
[stacktrace]
#0 {main}
"} 
[2025-04-21 12:34:49] local.ERROR: Uncaught Symfony\Component\Finder\Exception\DirectoryNotFoundException: The "C:\xampp\htdocs\laravel\MTB_HMS_Booking_System\MTB_Laravel\MTB_Booking_System\resources\views" directory does not exist. in C:\xampp\htdocs\laravel\MTB_HMS_Booking_System\vendor\symfony\finder\Finder.php:646
Stack trace:
#0 C:\xampp\htdocs\laravel\MTB_HMS_Booking_System\vendor\laravel\framework\src\Illuminate\Filesystem\Filesystem.php(584): Symfony\Component\Finder\Finder->in('C:\\xampp\\htdocs...')
#1 Command line code(1): Illuminate\Filesystem\Filesystem->files('C:\\xampp\\htdocs...')
#2 Command line code(1): getViews('C:\\xampp\\htdocs...', Object(Illuminate\Filesystem\Filesystem))
#3 {main}
  thrown {"exception":"[object] (Symfony\\Component\\ErrorHandler\\Error\\FatalError(code: 0): Uncaught Symfony\\Component\\Finder\\Exception\\DirectoryNotFoundException: The \"C:\\xampp\\htdocs\\laravel\\MTB_HMS_Booking_System\\MTB_Laravel\\MTB_Booking_System\\resources\\views\" directory does not exist. in C:\\xampp\\htdocs\\laravel\\MTB_HMS_Booking_System\\vendor\\symfony\\finder\\Finder.php:646
Stack trace:
#0 C:\\xampp\\htdocs\\laravel\\MTB_HMS_Booking_System\\vendor\\laravel\\framework\\src\\Illuminate\\Filesystem\\Filesystem.php(584): Symfony\\Component\\Finder\\Finder->in('C:\\\\xampp\\\\htdocs...')
#1 Command line code(1): Illuminate\\Filesystem\\Filesystem->files('C:\\\\xampp\\\\htdocs...')
#2 Command line code(1): getViews('C:\\\\xampp\\\\htdocs...', Object(Illuminate\\Filesystem\\Filesystem))
#3 {main}
  thrown at C:\\xampp\\htdocs\\laravel\\MTB_HMS_Booking_System\\vendor\\symfony\\finder\\Finder.php:646)
[stacktrace]
#0 {main}
"} 
[2025-04-21 12:34:51] local.ERROR: Uncaught Symfony\Component\Finder\Exception\DirectoryNotFoundException: The "C:\xampp\htdocs\laravel\MTB_HMS_Booking_System\MTB_Laravel\MTB_Booking_System\resources\views" directory does not exist. in C:\xampp\htdocs\laravel\MTB_HMS_Booking_System\vendor\symfony\finder\Finder.php:646
Stack trace:
#0 C:\xampp\htdocs\laravel\MTB_HMS_Booking_System\vendor\laravel\framework\src\Illuminate\Filesystem\Filesystem.php(584): Symfony\Component\Finder\Finder->in('C:\\xampp\\htdocs...')
#1 Command line code(1): Illuminate\Filesystem\Filesystem->files('C:\\xampp\\htdocs...')
#2 Command line code(1): getViews('C:\\xampp\\htdocs...', Object(Illuminate\Filesystem\Filesystem))
#3 {main}
  thrown {"exception":"[object] (Symfony\\Component\\ErrorHandler\\Error\\FatalError(code: 0): Uncaught Symfony\\Component\\Finder\\Exception\\DirectoryNotFoundException: The \"C:\\xampp\\htdocs\\laravel\\MTB_HMS_Booking_System\\MTB_Laravel\\MTB_Booking_System\\resources\\views\" directory does not exist. in C:\\xampp\\htdocs\\laravel\\MTB_HMS_Booking_System\\vendor\\symfony\\finder\\Finder.php:646
Stack trace:
#0 C:\\xampp\\htdocs\\laravel\\MTB_HMS_Booking_System\\vendor\\laravel\\framework\\src\\Illuminate\\Filesystem\\Filesystem.php(584): Symfony\\Component\\Finder\\Finder->in('C:\\\\xampp\\\\htdocs...')
#1 Command line code(1): Illuminate\\Filesystem\\Filesystem->files('C:\\\\xampp\\\\htdocs...')
#2 Command line code(1): getViews('C:\\\\xampp\\\\htdocs...', Object(Illuminate\\Filesystem\\Filesystem))
#3 {main}
  thrown at C:\\xampp\\htdocs\\laravel\\MTB_HMS_Booking_System\\vendor\\symfony\\finder\\Finder.php:646)
[stacktrace]
#0 {main}
"} 
[2025-04-21 12:34:52] local.ERROR: Uncaught Symfony\Component\Finder\Exception\DirectoryNotFoundException: The "C:\xampp\htdocs\laravel\MTB_HMS_Booking_System\MTB_Laravel\MTB_Booking_System\resources\views" directory does not exist. in C:\xampp\htdocs\laravel\MTB_HMS_Booking_System\vendor\symfony\finder\Finder.php:646
Stack trace:
#0 C:\xampp\htdocs\laravel\MTB_HMS_Booking_System\vendor\laravel\framework\src\Illuminate\Filesystem\Filesystem.php(584): Symfony\Component\Finder\Finder->in('C:\\xampp\\htdocs...')
#1 Command line code(1): Illuminate\Filesystem\Filesystem->files('C:\\xampp\\htdocs...')
#2 Command line code(1): getViews('C:\\xampp\\htdocs...', Object(Illuminate\Filesystem\Filesystem))
#3 {main}
  thrown {"exception":"[object] (Symfony\\Component\\ErrorHandler\\Error\\FatalError(code: 0): Uncaught Symfony\\Component\\Finder\\Exception\\DirectoryNotFoundException: The \"C:\\xampp\\htdocs\\laravel\\MTB_HMS_Booking_System\\MTB_Laravel\\MTB_Booking_System\\resources\\views\" directory does not exist. in C:\\xampp\\htdocs\\laravel\\MTB_HMS_Booking_System\\vendor\\symfony\\finder\\Finder.php:646
Stack trace:
#0 C:\\xampp\\htdocs\\laravel\\MTB_HMS_Booking_System\\vendor\\laravel\\framework\\src\\Illuminate\\Filesystem\\Filesystem.php(584): Symfony\\Component\\Finder\\Finder->in('C:\\\\xampp\\\\htdocs...')
#1 Command line code(1): Illuminate\\Filesystem\\Filesystem->files('C:\\\\xampp\\\\htdocs...')
#2 Command line code(1): getViews('C:\\\\xampp\\\\htdocs...', Object(Illuminate\\Filesystem\\Filesystem))
#3 {main}
  thrown at C:\\xampp\\htdocs\\laravel\\MTB_HMS_Booking_System\\vendor\\symfony\\finder\\Finder.php:646)
[stacktrace]
#0 {main}
"} 
[2025-04-21 12:34:53] local.ERROR: Uncaught Symfony\Component\Finder\Exception\DirectoryNotFoundException: The "C:\xampp\htdocs\laravel\MTB_HMS_Booking_System\MTB_Laravel\MTB_Booking_System\resources\views" directory does not exist. in C:\xampp\htdocs\laravel\MTB_HMS_Booking_System\vendor\symfony\finder\Finder.php:646
Stack trace:
#0 C:\xampp\htdocs\laravel\MTB_HMS_Booking_System\vendor\laravel\framework\src\Illuminate\Filesystem\Filesystem.php(584): Symfony\Component\Finder\Finder->in('C:\\xampp\\htdocs...')
#1 Command line code(1): Illuminate\Filesystem\Filesystem->files('C:\\xampp\\htdocs...')
#2 Command line code(1): getViews('C:\\xampp\\htdocs...', Object(Illuminate\Filesystem\Filesystem))
#3 {main}
  thrown {"exception":"[object] (Symfony\\Component\\ErrorHandler\\Error\\FatalError(code: 0): Uncaught Symfony\\Component\\Finder\\Exception\\DirectoryNotFoundException: The \"C:\\xampp\\htdocs\\laravel\\MTB_HMS_Booking_System\\MTB_Laravel\\MTB_Booking_System\\resources\\views\" directory does not exist. in C:\\xampp\\htdocs\\laravel\\MTB_HMS_Booking_System\\vendor\\symfony\\finder\\Finder.php:646
Stack trace:
#0 C:\\xampp\\htdocs\\laravel\\MTB_HMS_Booking_System\\vendor\\laravel\\framework\\src\\Illuminate\\Filesystem\\Filesystem.php(584): Symfony\\Component\\Finder\\Finder->in('C:\\\\xampp\\\\htdocs...')
#1 Command line code(1): Illuminate\\Filesystem\\Filesystem->files('C:\\\\xampp\\\\htdocs...')
#2 Command line code(1): getViews('C:\\\\xampp\\\\htdocs...', Object(Illuminate\\Filesystem\\Filesystem))
#3 {main}
  thrown at C:\\xampp\\htdocs\\laravel\\MTB_HMS_Booking_System\\vendor\\symfony\\finder\\Finder.php:646)
[stacktrace]
#0 {main}
"} 
[2025-04-21 12:34:54] local.ERROR: Uncaught Symfony\Component\Finder\Exception\DirectoryNotFoundException: The "C:\xampp\htdocs\laravel\MTB_HMS_Booking_System\MTB_Laravel\MTB_Booking_System\resources\views" directory does not exist. in C:\xampp\htdocs\laravel\MTB_HMS_Booking_System\vendor\symfony\finder\Finder.php:646
Stack trace:
#0 C:\xampp\htdocs\laravel\MTB_HMS_Booking_System\vendor\laravel\framework\src\Illuminate\Filesystem\Filesystem.php(584): Symfony\Component\Finder\Finder->in('C:\\xampp\\htdocs...')
#1 Command line code(1): Illuminate\Filesystem\Filesystem->files('C:\\xampp\\htdocs...')
#2 Command line code(1): getViews('C:\\xampp\\htdocs...', Object(Illuminate\Filesystem\Filesystem))
#3 {main}
  thrown {"exception":"[object] (Symfony\\Component\\ErrorHandler\\Error\\FatalError(code: 0): Uncaught Symfony\\Component\\Finder\\Exception\\DirectoryNotFoundException: The \"C:\\xampp\\htdocs\\laravel\\MTB_HMS_Booking_System\\MTB_Laravel\\MTB_Booking_System\\resources\\views\" directory does not exist. in C:\\xampp\\htdocs\\laravel\\MTB_HMS_Booking_System\\vendor\\symfony\\finder\\Finder.php:646
Stack trace:
#0 C:\\xampp\\htdocs\\laravel\\MTB_HMS_Booking_System\\vendor\\laravel\\framework\\src\\Illuminate\\Filesystem\\Filesystem.php(584): Symfony\\Component\\Finder\\Finder->in('C:\\\\xampp\\\\htdocs...')
#1 Command line code(1): Illuminate\\Filesystem\\Filesystem->files('C:\\\\xampp\\\\htdocs...')
#2 Command line code(1): getViews('C:\\\\xampp\\\\htdocs...', Object(Illuminate\\Filesystem\\Filesystem))
#3 {main}
  thrown at C:\\xampp\\htdocs\\laravel\\MTB_HMS_Booking_System\\vendor\\symfony\\finder\\Finder.php:646)
[stacktrace]
#0 {main}
"} 
[2025-04-21 12:34:56] local.ERROR: Uncaught Symfony\Component\Finder\Exception\DirectoryNotFoundException: The "C:\xampp\htdocs\laravel\MTB_HMS_Booking_System\MTB_Laravel\MTB_Booking_System\resources\views" directory does not exist. in C:\xampp\htdocs\laravel\MTB_HMS_Booking_System\vendor\symfony\finder\Finder.php:646
Stack trace:
#0 C:\xampp\htdocs\laravel\MTB_HMS_Booking_System\vendor\laravel\framework\src\Illuminate\Filesystem\Filesystem.php(584): Symfony\Component\Finder\Finder->in('C:\\xampp\\htdocs...')
#1 Command line code(1): Illuminate\Filesystem\Filesystem->files('C:\\xampp\\htdocs...')
#2 Command line code(1): getViews('C:\\xampp\\htdocs...', Object(Illuminate\Filesystem\Filesystem))
#3 {main}
  thrown {"exception":"[object] (Symfony\\Component\\ErrorHandler\\Error\\FatalError(code: 0): Uncaught Symfony\\Component\\Finder\\Exception\\DirectoryNotFoundException: The \"C:\\xampp\\htdocs\\laravel\\MTB_HMS_Booking_System\\MTB_Laravel\\MTB_Booking_System\\resources\\views\" directory does not exist. in C:\\xampp\\htdocs\\laravel\\MTB_HMS_Booking_System\\vendor\\symfony\\finder\\Finder.php:646
Stack trace:
#0 C:\\xampp\\htdocs\\laravel\\MTB_HMS_Booking_System\\vendor\\laravel\\framework\\src\\Illuminate\\Filesystem\\Filesystem.php(584): Symfony\\Component\\Finder\\Finder->in('C:\\\\xampp\\\\htdocs...')
#1 Command line code(1): Illuminate\\Filesystem\\Filesystem->files('C:\\\\xampp\\\\htdocs...')
#2 Command line code(1): getViews('C:\\\\xampp\\\\htdocs...', Object(Illuminate\\Filesystem\\Filesystem))
#3 {main}
  thrown at C:\\xampp\\htdocs\\laravel\\MTB_HMS_Booking_System\\vendor\\symfony\\finder\\Finder.php:646)
[stacktrace]
#0 {main}
"} 
[2025-04-21 12:34:57] local.ERROR: Uncaught Symfony\Component\Finder\Exception\DirectoryNotFoundException: The "C:\xampp\htdocs\laravel\MTB_HMS_Booking_System\MTB_Laravel\MTB_Booking_System\resources\views" directory does not exist. in C:\xampp\htdocs\laravel\MTB_HMS_Booking_System\vendor\symfony\finder\Finder.php:646
Stack trace:
#0 C:\xampp\htdocs\laravel\MTB_HMS_Booking_System\vendor\laravel\framework\src\Illuminate\Filesystem\Filesystem.php(584): Symfony\Component\Finder\Finder->in('C:\\xampp\\htdocs...')
#1 Command line code(1): Illuminate\Filesystem\Filesystem->files('C:\\xampp\\htdocs...')
#2 Command line code(1): getViews('C:\\xampp\\htdocs...', Object(Illuminate\Filesystem\Filesystem))
#3 {main}
  thrown {"exception":"[object] (Symfony\\Component\\ErrorHandler\\Error\\FatalError(code: 0): Uncaught Symfony\\Component\\Finder\\Exception\\DirectoryNotFoundException: The \"C:\\xampp\\htdocs\\laravel\\MTB_HMS_Booking_System\\MTB_Laravel\\MTB_Booking_System\\resources\\views\" directory does not exist. in C:\\xampp\\htdocs\\laravel\\MTB_HMS_Booking_System\\vendor\\symfony\\finder\\Finder.php:646
Stack trace:
#0 C:\\xampp\\htdocs\\laravel\\MTB_HMS_Booking_System\\vendor\\laravel\\framework\\src\\Illuminate\\Filesystem\\Filesystem.php(584): Symfony\\Component\\Finder\\Finder->in('C:\\\\xampp\\\\htdocs...')
#1 Command line code(1): Illuminate\\Filesystem\\Filesystem->files('C:\\\\xampp\\\\htdocs...')
#2 Command line code(1): getViews('C:\\\\xampp\\\\htdocs...', Object(Illuminate\\Filesystem\\Filesystem))
#3 {main}
  thrown at C:\\xampp\\htdocs\\laravel\\MTB_HMS_Booking_System\\vendor\\symfony\\finder\\Finder.php:646)
[stacktrace]
#0 {main}
"} 
[2025-04-21 12:34:58] local.ERROR: Uncaught Symfony\Component\Finder\Exception\DirectoryNotFoundException: The "C:\xampp\htdocs\laravel\MTB_HMS_Booking_System\MTB_Laravel\MTB_Booking_System\resources\views" directory does not exist. in C:\xampp\htdocs\laravel\MTB_HMS_Booking_System\vendor\symfony\finder\Finder.php:646
Stack trace:
#0 C:\xampp\htdocs\laravel\MTB_HMS_Booking_System\vendor\laravel\framework\src\Illuminate\Filesystem\Filesystem.php(584): Symfony\Component\Finder\Finder->in('C:\\xampp\\htdocs...')
#1 Command line code(1): Illuminate\Filesystem\Filesystem->files('C:\\xampp\\htdocs...')
#2 Command line code(1): getViews('C:\\xampp\\htdocs...', Object(Illuminate\Filesystem\Filesystem))
#3 {main}
  thrown {"exception":"[object] (Symfony\\Component\\ErrorHandler\\Error\\FatalError(code: 0): Uncaught Symfony\\Component\\Finder\\Exception\\DirectoryNotFoundException: The \"C:\\xampp\\htdocs\\laravel\\MTB_HMS_Booking_System\\MTB_Laravel\\MTB_Booking_System\\resources\\views\" directory does not exist. in C:\\xampp\\htdocs\\laravel\\MTB_HMS_Booking_System\\vendor\\symfony\\finder\\Finder.php:646
Stack trace:
#0 C:\\xampp\\htdocs\\laravel\\MTB_HMS_Booking_System\\vendor\\laravel\\framework\\src\\Illuminate\\Filesystem\\Filesystem.php(584): Symfony\\Component\\Finder\\Finder->in('C:\\\\xampp\\\\htdocs...')
#1 Command line code(1): Illuminate\\Filesystem\\Filesystem->files('C:\\\\xampp\\\\htdocs...')
#2 Command line code(1): getViews('C:\\\\xampp\\\\htdocs...', Object(Illuminate\\Filesystem\\Filesystem))
#3 {main}
  thrown at C:\\xampp\\htdocs\\laravel\\MTB_HMS_Booking_System\\vendor\\symfony\\finder\\Finder.php:646)
[stacktrace]
#0 {main}
"} 
[2025-04-21 12:34:59] local.ERROR: Uncaught Symfony\Component\Finder\Exception\DirectoryNotFoundException: The "C:\xampp\htdocs\laravel\MTB_HMS_Booking_System\MTB_Laravel\MTB_Booking_System\resources\views" directory does not exist. in C:\xampp\htdocs\laravel\MTB_HMS_Booking_System\vendor\symfony\finder\Finder.php:646
Stack trace:
#0 C:\xampp\htdocs\laravel\MTB_HMS_Booking_System\vendor\laravel\framework\src\Illuminate\Filesystem\Filesystem.php(584): Symfony\Component\Finder\Finder->in('C:\\xampp\\htdocs...')
#1 Command line code(1): Illuminate\Filesystem\Filesystem->files('C:\\xampp\\htdocs...')
#2 Command line code(1): getViews('C:\\xampp\\htdocs...', Object(Illuminate\Filesystem\Filesystem))
#3 {main}
  thrown {"exception":"[object] (Symfony\\Component\\ErrorHandler\\Error\\FatalError(code: 0): Uncaught Symfony\\Component\\Finder\\Exception\\DirectoryNotFoundException: The \"C:\\xampp\\htdocs\\laravel\\MTB_HMS_Booking_System\\MTB_Laravel\\MTB_Booking_System\\resources\\views\" directory does not exist. in C:\\xampp\\htdocs\\laravel\\MTB_HMS_Booking_System\\vendor\\symfony\\finder\\Finder.php:646
Stack trace:
#0 C:\\xampp\\htdocs\\laravel\\MTB_HMS_Booking_System\\vendor\\laravel\\framework\\src\\Illuminate\\Filesystem\\Filesystem.php(584): Symfony\\Component\\Finder\\Finder->in('C:\\\\xampp\\\\htdocs...')
#1 Command line code(1): Illuminate\\Filesystem\\Filesystem->files('C:\\\\xampp\\\\htdocs...')
#2 Command line code(1): getViews('C:\\\\xampp\\\\htdocs...', Object(Illuminate\\Filesystem\\Filesystem))
#3 {main}
  thrown at C:\\xampp\\htdocs\\laravel\\MTB_HMS_Booking_System\\vendor\\symfony\\finder\\Finder.php:646)
[stacktrace]
#0 {main}
"} 
[2025-04-21 12:35:01] local.ERROR: Uncaught Symfony\Component\Finder\Exception\DirectoryNotFoundException: The "C:\xampp\htdocs\laravel\MTB_HMS_Booking_System\MTB_Laravel\MTB_Booking_System\resources\views" directory does not exist. in C:\xampp\htdocs\laravel\MTB_HMS_Booking_System\vendor\symfony\finder\Finder.php:646
Stack trace:
#0 C:\xampp\htdocs\laravel\MTB_HMS_Booking_System\vendor\laravel\framework\src\Illuminate\Filesystem\Filesystem.php(584): Symfony\Component\Finder\Finder->in('C:\\xampp\\htdocs...')
#1 Command line code(1): Illuminate\Filesystem\Filesystem->files('C:\\xampp\\htdocs...')
#2 Command line code(1): getViews('C:\\xampp\\htdocs...', Object(Illuminate\Filesystem\Filesystem))
#3 {main}
  thrown {"exception":"[object] (Symfony\\Component\\ErrorHandler\\Error\\FatalError(code: 0): Uncaught Symfony\\Component\\Finder\\Exception\\DirectoryNotFoundException: The \"C:\\xampp\\htdocs\\laravel\\MTB_HMS_Booking_System\\MTB_Laravel\\MTB_Booking_System\\resources\\views\" directory does not exist. in C:\\xampp\\htdocs\\laravel\\MTB_HMS_Booking_System\\vendor\\symfony\\finder\\Finder.php:646
Stack trace:
#0 C:\\xampp\\htdocs\\laravel\\MTB_HMS_Booking_System\\vendor\\laravel\\framework\\src\\Illuminate\\Filesystem\\Filesystem.php(584): Symfony\\Component\\Finder\\Finder->in('C:\\\\xampp\\\\htdocs...')
#1 Command line code(1): Illuminate\\Filesystem\\Filesystem->files('C:\\\\xampp\\\\htdocs...')
#2 Command line code(1): getViews('C:\\\\xampp\\\\htdocs...', Object(Illuminate\\Filesystem\\Filesystem))
#3 {main}
  thrown at C:\\xampp\\htdocs\\laravel\\MTB_HMS_Booking_System\\vendor\\symfony\\finder\\Finder.php:646)
[stacktrace]
#0 {main}
"} 
[2025-04-21 12:35:02] local.ERROR: Uncaught Symfony\Component\Finder\Exception\DirectoryNotFoundException: The "C:\xampp\htdocs\laravel\MTB_HMS_Booking_System\MTB_Laravel\MTB_Booking_System\resources\views" directory does not exist. in C:\xampp\htdocs\laravel\MTB_HMS_Booking_System\vendor\symfony\finder\Finder.php:646
Stack trace:
#0 C:\xampp\htdocs\laravel\MTB_HMS_Booking_System\vendor\laravel\framework\src\Illuminate\Filesystem\Filesystem.php(584): Symfony\Component\Finder\Finder->in('C:\\xampp\\htdocs...')
#1 Command line code(1): Illuminate\Filesystem\Filesystem->files('C:\\xampp\\htdocs...')
#2 Command line code(1): getViews('C:\\xampp\\htdocs...', Object(Illuminate\Filesystem\Filesystem))
#3 {main}
  thrown {"exception":"[object] (Symfony\\Component\\ErrorHandler\\Error\\FatalError(code: 0): Uncaught Symfony\\Component\\Finder\\Exception\\DirectoryNotFoundException: The \"C:\\xampp\\htdocs\\laravel\\MTB_HMS_Booking_System\\MTB_Laravel\\MTB_Booking_System\\resources\\views\" directory does not exist. in C:\\xampp\\htdocs\\laravel\\MTB_HMS_Booking_System\\vendor\\symfony\\finder\\Finder.php:646
Stack trace:
#0 C:\\xampp\\htdocs\\laravel\\MTB_HMS_Booking_System\\vendor\\laravel\\framework\\src\\Illuminate\\Filesystem\\Filesystem.php(584): Symfony\\Component\\Finder\\Finder->in('C:\\\\xampp\\\\htdocs...')
#1 Command line code(1): Illuminate\\Filesystem\\Filesystem->files('C:\\\\xampp\\\\htdocs...')
#2 Command line code(1): getViews('C:\\\\xampp\\\\htdocs...', Object(Illuminate\\Filesystem\\Filesystem))
#3 {main}
  thrown at C:\\xampp\\htdocs\\laravel\\MTB_HMS_Booking_System\\vendor\\symfony\\finder\\Finder.php:646)
[stacktrace]
#0 {main}
"} 
[2025-04-21 12:35:03] local.ERROR: Uncaught Symfony\Component\Finder\Exception\DirectoryNotFoundException: The "C:\xampp\htdocs\laravel\MTB_HMS_Booking_System\MTB_Laravel\MTB_Booking_System\resources\views" directory does not exist. in C:\xampp\htdocs\laravel\MTB_HMS_Booking_System\vendor\symfony\finder\Finder.php:646
Stack trace:
#0 C:\xampp\htdocs\laravel\MTB_HMS_Booking_System\vendor\laravel\framework\src\Illuminate\Filesystem\Filesystem.php(584): Symfony\Component\Finder\Finder->in('C:\\xampp\\htdocs...')
#1 Command line code(1): Illuminate\Filesystem\Filesystem->files('C:\\xampp\\htdocs...')
#2 Command line code(1): getViews('C:\\xampp\\htdocs...', Object(Illuminate\Filesystem\Filesystem))
#3 {main}
  thrown {"exception":"[object] (Symfony\\Component\\ErrorHandler\\Error\\FatalError(code: 0): Uncaught Symfony\\Component\\Finder\\Exception\\DirectoryNotFoundException: The \"C:\\xampp\\htdocs\\laravel\\MTB_HMS_Booking_System\\MTB_Laravel\\MTB_Booking_System\\resources\\views\" directory does not exist. in C:\\xampp\\htdocs\\laravel\\MTB_HMS_Booking_System\\vendor\\symfony\\finder\\Finder.php:646
Stack trace:
#0 C:\\xampp\\htdocs\\laravel\\MTB_HMS_Booking_System\\vendor\\laravel\\framework\\src\\Illuminate\\Filesystem\\Filesystem.php(584): Symfony\\Component\\Finder\\Finder->in('C:\\\\xampp\\\\htdocs...')
#1 Command line code(1): Illuminate\\Filesystem\\Filesystem->files('C:\\\\xampp\\\\htdocs...')
#2 Command line code(1): getViews('C:\\\\xampp\\\\htdocs...', Object(Illuminate\\Filesystem\\Filesystem))
#3 {main}
  thrown at C:\\xampp\\htdocs\\laravel\\MTB_HMS_Booking_System\\vendor\\symfony\\finder\\Finder.php:646)
[stacktrace]
#0 {main}
"} 
[2025-04-21 12:35:04] local.ERROR: Uncaught Symfony\Component\Finder\Exception\DirectoryNotFoundException: The "C:\xampp\htdocs\laravel\MTB_HMS_Booking_System\MTB_Laravel\MTB_Booking_System\resources\views" directory does not exist. in C:\xampp\htdocs\laravel\MTB_HMS_Booking_System\vendor\symfony\finder\Finder.php:646
Stack trace:
#0 C:\xampp\htdocs\laravel\MTB_HMS_Booking_System\vendor\laravel\framework\src\Illuminate\Filesystem\Filesystem.php(584): Symfony\Component\Finder\Finder->in('C:\\xampp\\htdocs...')
#1 Command line code(1): Illuminate\Filesystem\Filesystem->files('C:\\xampp\\htdocs...')
#2 Command line code(1): getViews('C:\\xampp\\htdocs...', Object(Illuminate\Filesystem\Filesystem))
#3 {main}
  thrown {"exception":"[object] (Symfony\\Component\\ErrorHandler\\Error\\FatalError(code: 0): Uncaught Symfony\\Component\\Finder\\Exception\\DirectoryNotFoundException: The \"C:\\xampp\\htdocs\\laravel\\MTB_HMS_Booking_System\\MTB_Laravel\\MTB_Booking_System\\resources\\views\" directory does not exist. in C:\\xampp\\htdocs\\laravel\\MTB_HMS_Booking_System\\vendor\\symfony\\finder\\Finder.php:646
Stack trace:
#0 C:\\xampp\\htdocs\\laravel\\MTB_HMS_Booking_System\\vendor\\laravel\\framework\\src\\Illuminate\\Filesystem\\Filesystem.php(584): Symfony\\Component\\Finder\\Finder->in('C:\\\\xampp\\\\htdocs...')
#1 Command line code(1): Illuminate\\Filesystem\\Filesystem->files('C:\\\\xampp\\\\htdocs...')
#2 Command line code(1): getViews('C:\\\\xampp\\\\htdocs...', Object(Illuminate\\Filesystem\\Filesystem))
#3 {main}
  thrown at C:\\xampp\\htdocs\\laravel\\MTB_HMS_Booking_System\\vendor\\symfony\\finder\\Finder.php:646)
[stacktrace]
#0 {main}
"} 
[2025-04-21 12:35:06] local.ERROR: Uncaught Symfony\Component\Finder\Exception\DirectoryNotFoundException: The "C:\xampp\htdocs\laravel\MTB_HMS_Booking_System\MTB_Laravel\MTB_Booking_System\resources\views" directory does not exist. in C:\xampp\htdocs\laravel\MTB_HMS_Booking_System\vendor\symfony\finder\Finder.php:646
Stack trace:
#0 C:\xampp\htdocs\laravel\MTB_HMS_Booking_System\vendor\laravel\framework\src\Illuminate\Filesystem\Filesystem.php(584): Symfony\Component\Finder\Finder->in('C:\\xampp\\htdocs...')
#1 Command line code(1): Illuminate\Filesystem\Filesystem->files('C:\\xampp\\htdocs...')
#2 Command line code(1): getViews('C:\\xampp\\htdocs...', Object(Illuminate\Filesystem\Filesystem))
#3 {main}
  thrown {"exception":"[object] (Symfony\\Component\\ErrorHandler\\Error\\FatalError(code: 0): Uncaught Symfony\\Component\\Finder\\Exception\\DirectoryNotFoundException: The \"C:\\xampp\\htdocs\\laravel\\MTB_HMS_Booking_System\\MTB_Laravel\\MTB_Booking_System\\resources\\views\" directory does not exist. in C:\\xampp\\htdocs\\laravel\\MTB_HMS_Booking_System\\vendor\\symfony\\finder\\Finder.php:646
Stack trace:
#0 C:\\xampp\\htdocs\\laravel\\MTB_HMS_Booking_System\\vendor\\laravel\\framework\\src\\Illuminate\\Filesystem\\Filesystem.php(584): Symfony\\Component\\Finder\\Finder->in('C:\\\\xampp\\\\htdocs...')
#1 Command line code(1): Illuminate\\Filesystem\\Filesystem->files('C:\\\\xampp\\\\htdocs...')
#2 Command line code(1): getViews('C:\\\\xampp\\\\htdocs...', Object(Illuminate\\Filesystem\\Filesystem))
#3 {main}
  thrown at C:\\xampp\\htdocs\\laravel\\MTB_HMS_Booking_System\\vendor\\symfony\\finder\\Finder.php:646)
[stacktrace]
#0 {main}
"} 
[2025-04-21 12:35:07] local.ERROR: Uncaught Symfony\Component\Finder\Exception\DirectoryNotFoundException: The "C:\xampp\htdocs\laravel\MTB_HMS_Booking_System\MTB_Laravel\MTB_Booking_System\resources\views" directory does not exist. in C:\xampp\htdocs\laravel\MTB_HMS_Booking_System\vendor\symfony\finder\Finder.php:646
Stack trace:
#0 C:\xampp\htdocs\laravel\MTB_HMS_Booking_System\vendor\laravel\framework\src\Illuminate\Filesystem\Filesystem.php(584): Symfony\Component\Finder\Finder->in('C:\\xampp\\htdocs...')
#1 Command line code(1): Illuminate\Filesystem\Filesystem->files('C:\\xampp\\htdocs...')
#2 Command line code(1): getViews('C:\\xampp\\htdocs...', Object(Illuminate\Filesystem\Filesystem))
#3 {main}
  thrown {"exception":"[object] (Symfony\\Component\\ErrorHandler\\Error\\FatalError(code: 0): Uncaught Symfony\\Component\\Finder\\Exception\\DirectoryNotFoundException: The \"C:\\xampp\\htdocs\\laravel\\MTB_HMS_Booking_System\\MTB_Laravel\\MTB_Booking_System\\resources\\views\" directory does not exist. in C:\\xampp\\htdocs\\laravel\\MTB_HMS_Booking_System\\vendor\\symfony\\finder\\Finder.php:646
Stack trace:
#0 C:\\xampp\\htdocs\\laravel\\MTB_HMS_Booking_System\\vendor\\laravel\\framework\\src\\Illuminate\\Filesystem\\Filesystem.php(584): Symfony\\Component\\Finder\\Finder->in('C:\\\\xampp\\\\htdocs...')
#1 Command line code(1): Illuminate\\Filesystem\\Filesystem->files('C:\\\\xampp\\\\htdocs...')
#2 Command line code(1): getViews('C:\\\\xampp\\\\htdocs...', Object(Illuminate\\Filesystem\\Filesystem))
#3 {main}
  thrown at C:\\xampp\\htdocs\\laravel\\MTB_HMS_Booking_System\\vendor\\symfony\\finder\\Finder.php:646)
[stacktrace]
#0 {main}
"} 
[2025-04-21 12:35:08] local.ERROR: Uncaught Symfony\Component\Finder\Exception\DirectoryNotFoundException: The "C:\xampp\htdocs\laravel\MTB_HMS_Booking_System\MTB_Laravel\MTB_Booking_System\resources\views" directory does not exist. in C:\xampp\htdocs\laravel\MTB_HMS_Booking_System\vendor\symfony\finder\Finder.php:646
Stack trace:
#0 C:\xampp\htdocs\laravel\MTB_HMS_Booking_System\vendor\laravel\framework\src\Illuminate\Filesystem\Filesystem.php(584): Symfony\Component\Finder\Finder->in('C:\\xampp\\htdocs...')
#1 Command line code(1): Illuminate\Filesystem\Filesystem->files('C:\\xampp\\htdocs...')
#2 Command line code(1): getViews('C:\\xampp\\htdocs...', Object(Illuminate\Filesystem\Filesystem))
#3 {main}
  thrown {"exception":"[object] (Symfony\\Component\\ErrorHandler\\Error\\FatalError(code: 0): Uncaught Symfony\\Component\\Finder\\Exception\\DirectoryNotFoundException: The \"C:\\xampp\\htdocs\\laravel\\MTB_HMS_Booking_System\\MTB_Laravel\\MTB_Booking_System\\resources\\views\" directory does not exist. in C:\\xampp\\htdocs\\laravel\\MTB_HMS_Booking_System\\vendor\\symfony\\finder\\Finder.php:646
Stack trace:
#0 C:\\xampp\\htdocs\\laravel\\MTB_HMS_Booking_System\\vendor\\laravel\\framework\\src\\Illuminate\\Filesystem\\Filesystem.php(584): Symfony\\Component\\Finder\\Finder->in('C:\\\\xampp\\\\htdocs...')
#1 Command line code(1): Illuminate\\Filesystem\\Filesystem->files('C:\\\\xampp\\\\htdocs...')
#2 Command line code(1): getViews('C:\\\\xampp\\\\htdocs...', Object(Illuminate\\Filesystem\\Filesystem))
#3 {main}
  thrown at C:\\xampp\\htdocs\\laravel\\MTB_HMS_Booking_System\\vendor\\symfony\\finder\\Finder.php:646)
[stacktrace]
#0 {main}
"} 
[2025-04-21 12:35:09] local.ERROR: Uncaught Symfony\Component\Finder\Exception\DirectoryNotFoundException: The "C:\xampp\htdocs\laravel\MTB_HMS_Booking_System\MTB_Laravel\MTB_Booking_System\resources\views" directory does not exist. in C:\xampp\htdocs\laravel\MTB_HMS_Booking_System\vendor\symfony\finder\Finder.php:646
Stack trace:
#0 C:\xampp\htdocs\laravel\MTB_HMS_Booking_System\vendor\laravel\framework\src\Illuminate\Filesystem\Filesystem.php(584): Symfony\Component\Finder\Finder->in('C:\\xampp\\htdocs...')
#1 Command line code(1): Illuminate\Filesystem\Filesystem->files('C:\\xampp\\htdocs...')
#2 Command line code(1): getViews('C:\\xampp\\htdocs...', Object(Illuminate\Filesystem\Filesystem))
#3 {main}
  thrown {"exception":"[object] (Symfony\\Component\\ErrorHandler\\Error\\FatalError(code: 0): Uncaught Symfony\\Component\\Finder\\Exception\\DirectoryNotFoundException: The \"C:\\xampp\\htdocs\\laravel\\MTB_HMS_Booking_System\\MTB_Laravel\\MTB_Booking_System\\resources\\views\" directory does not exist. in C:\\xampp\\htdocs\\laravel\\MTB_HMS_Booking_System\\vendor\\symfony\\finder\\Finder.php:646
Stack trace:
#0 C:\\xampp\\htdocs\\laravel\\MTB_HMS_Booking_System\\vendor\\laravel\\framework\\src\\Illuminate\\Filesystem\\Filesystem.php(584): Symfony\\Component\\Finder\\Finder->in('C:\\\\xampp\\\\htdocs...')
#1 Command line code(1): Illuminate\\Filesystem\\Filesystem->files('C:\\\\xampp\\\\htdocs...')
#2 Command line code(1): getViews('C:\\\\xampp\\\\htdocs...', Object(Illuminate\\Filesystem\\Filesystem))
#3 {main}
  thrown at C:\\xampp\\htdocs\\laravel\\MTB_HMS_Booking_System\\vendor\\symfony\\finder\\Finder.php:646)
[stacktrace]
#0 {main}
"} 
[2025-04-21 12:35:11] local.ERROR: Uncaught Symfony\Component\Finder\Exception\DirectoryNotFoundException: The "C:\xampp\htdocs\laravel\MTB_HMS_Booking_System\MTB_Laravel\MTB_Booking_System\resources\views" directory does not exist. in C:\xampp\htdocs\laravel\MTB_HMS_Booking_System\vendor\symfony\finder\Finder.php:646
Stack trace:
#0 C:\xampp\htdocs\laravel\MTB_HMS_Booking_System\vendor\laravel\framework\src\Illuminate\Filesystem\Filesystem.php(584): Symfony\Component\Finder\Finder->in('C:\\xampp\\htdocs...')
#1 Command line code(1): Illuminate\Filesystem\Filesystem->files('C:\\xampp\\htdocs...')
#2 Command line code(1): getViews('C:\\xampp\\htdocs...', Object(Illuminate\Filesystem\Filesystem))
#3 {main}
  thrown {"exception":"[object] (Symfony\\Component\\ErrorHandler\\Error\\FatalError(code: 0): Uncaught Symfony\\Component\\Finder\\Exception\\DirectoryNotFoundException: The \"C:\\xampp\\htdocs\\laravel\\MTB_HMS_Booking_System\\MTB_Laravel\\MTB_Booking_System\\resources\\views\" directory does not exist. in C:\\xampp\\htdocs\\laravel\\MTB_HMS_Booking_System\\vendor\\symfony\\finder\\Finder.php:646
Stack trace:
#0 C:\\xampp\\htdocs\\laravel\\MTB_HMS_Booking_System\\vendor\\laravel\\framework\\src\\Illuminate\\Filesystem\\Filesystem.php(584): Symfony\\Component\\Finder\\Finder->in('C:\\\\xampp\\\\htdocs...')
#1 Command line code(1): Illuminate\\Filesystem\\Filesystem->files('C:\\\\xampp\\\\htdocs...')
#2 Command line code(1): getViews('C:\\\\xampp\\\\htdocs...', Object(Illuminate\\Filesystem\\Filesystem))
#3 {main}
  thrown at C:\\xampp\\htdocs\\laravel\\MTB_HMS_Booking_System\\vendor\\symfony\\finder\\Finder.php:646)
[stacktrace]
#0 {main}
"} 
[2025-04-21 12:35:12] local.ERROR: Uncaught Symfony\Component\Finder\Exception\DirectoryNotFoundException: The "C:\xampp\htdocs\laravel\MTB_HMS_Booking_System\MTB_Laravel\MTB_Booking_System\resources\views" directory does not exist. in C:\xampp\htdocs\laravel\MTB_HMS_Booking_System\vendor\symfony\finder\Finder.php:646
Stack trace:
#0 C:\xampp\htdocs\laravel\MTB_HMS_Booking_System\vendor\laravel\framework\src\Illuminate\Filesystem\Filesystem.php(584): Symfony\Component\Finder\Finder->in('C:\\xampp\\htdocs...')
#1 Command line code(1): Illuminate\Filesystem\Filesystem->files('C:\\xampp\\htdocs...')
#2 Command line code(1): getViews('C:\\xampp\\htdocs...', Object(Illuminate\Filesystem\Filesystem))
#3 {main}
  thrown {"exception":"[object] (Symfony\\Component\\ErrorHandler\\Error\\FatalError(code: 0): Uncaught Symfony\\Component\\Finder\\Exception\\DirectoryNotFoundException: The \"C:\\xampp\\htdocs\\laravel\\MTB_HMS_Booking_System\\MTB_Laravel\\MTB_Booking_System\\resources\\views\" directory does not exist. in C:\\xampp\\htdocs\\laravel\\MTB_HMS_Booking_System\\vendor\\symfony\\finder\\Finder.php:646
Stack trace:
#0 C:\\xampp\\htdocs\\laravel\\MTB_HMS_Booking_System\\vendor\\laravel\\framework\\src\\Illuminate\\Filesystem\\Filesystem.php(584): Symfony\\Component\\Finder\\Finder->in('C:\\\\xampp\\\\htdocs...')
#1 Command line code(1): Illuminate\\Filesystem\\Filesystem->files('C:\\\\xampp\\\\htdocs...')
#2 Command line code(1): getViews('C:\\\\xampp\\\\htdocs...', Object(Illuminate\\Filesystem\\Filesystem))
#3 {main}
  thrown at C:\\xampp\\htdocs\\laravel\\MTB_HMS_Booking_System\\vendor\\symfony\\finder\\Finder.php:646)
[stacktrace]
#0 {main}
"} 
[2025-04-21 12:35:13] local.ERROR: Uncaught Symfony\Component\Finder\Exception\DirectoryNotFoundException: The "C:\xampp\htdocs\laravel\MTB_HMS_Booking_System\MTB_Laravel\MTB_Booking_System\resources\views" directory does not exist. in C:\xampp\htdocs\laravel\MTB_HMS_Booking_System\vendor\symfony\finder\Finder.php:646
Stack trace:
#0 C:\xampp\htdocs\laravel\MTB_HMS_Booking_System\vendor\laravel\framework\src\Illuminate\Filesystem\Filesystem.php(584): Symfony\Component\Finder\Finder->in('C:\\xampp\\htdocs...')
#1 Command line code(1): Illuminate\Filesystem\Filesystem->files('C:\\xampp\\htdocs...')
#2 Command line code(1): getViews('C:\\xampp\\htdocs...', Object(Illuminate\Filesystem\Filesystem))
#3 {main}
  thrown {"exception":"[object] (Symfony\\Component\\ErrorHandler\\Error\\FatalError(code: 0): Uncaught Symfony\\Component\\Finder\\Exception\\DirectoryNotFoundException: The \"C:\\xampp\\htdocs\\laravel\\MTB_HMS_Booking_System\\MTB_Laravel\\MTB_Booking_System\\resources\\views\" directory does not exist. in C:\\xampp\\htdocs\\laravel\\MTB_HMS_Booking_System\\vendor\\symfony\\finder\\Finder.php:646
Stack trace:
#0 C:\\xampp\\htdocs\\laravel\\MTB_HMS_Booking_System\\vendor\\laravel\\framework\\src\\Illuminate\\Filesystem\\Filesystem.php(584): Symfony\\Component\\Finder\\Finder->in('C:\\\\xampp\\\\htdocs...')
#1 Command line code(1): Illuminate\\Filesystem\\Filesystem->files('C:\\\\xampp\\\\htdocs...')
#2 Command line code(1): getViews('C:\\\\xampp\\\\htdocs...', Object(Illuminate\\Filesystem\\Filesystem))
#3 {main}
  thrown at C:\\xampp\\htdocs\\laravel\\MTB_HMS_Booking_System\\vendor\\symfony\\finder\\Finder.php:646)
[stacktrace]
#0 {main}
"} 
[2025-04-21 12:35:13] local.ERROR: Uncaught Symfony\Component\Finder\Exception\DirectoryNotFoundException: The "C:\xampp\htdocs\laravel\MTB_HMS_Booking_System\MTB_Laravel\MTB_Booking_System\resources\views" directory does not exist. in C:\xampp\htdocs\laravel\MTB_HMS_Booking_System\vendor\symfony\finder\Finder.php:646
Stack trace:
#0 C:\xampp\htdocs\laravel\MTB_HMS_Booking_System\vendor\laravel\framework\src\Illuminate\Filesystem\Filesystem.php(584): Symfony\Component\Finder\Finder->in('C:\\xampp\\htdocs...')
#1 Command line code(1): Illuminate\Filesystem\Filesystem->files('C:\\xampp\\htdocs...')
#2 Command line code(1): getViews('C:\\xampp\\htdocs...', Object(Illuminate\Filesystem\Filesystem))
#3 {main}
  thrown {"exception":"[object] (Symfony\\Component\\ErrorHandler\\Error\\FatalError(code: 0): Uncaught Symfony\\Component\\Finder\\Exception\\DirectoryNotFoundException: The \"C:\\xampp\\htdocs\\laravel\\MTB_HMS_Booking_System\\MTB_Laravel\\MTB_Booking_System\\resources\\views\" directory does not exist. in C:\\xampp\\htdocs\\laravel\\MTB_HMS_Booking_System\\vendor\\symfony\\finder\\Finder.php:646
Stack trace:
#0 C:\\xampp\\htdocs\\laravel\\MTB_HMS_Booking_System\\vendor\\laravel\\framework\\src\\Illuminate\\Filesystem\\Filesystem.php(584): Symfony\\Component\\Finder\\Finder->in('C:\\\\xampp\\\\htdocs...')
#1 Command line code(1): Illuminate\\Filesystem\\Filesystem->files('C:\\\\xampp\\\\htdocs...')
#2 Command line code(1): getViews('C:\\\\xampp\\\\htdocs...', Object(Illuminate\\Filesystem\\Filesystem))
#3 {main}
  thrown at C:\\xampp\\htdocs\\laravel\\MTB_HMS_Booking_System\\vendor\\symfony\\finder\\Finder.php:646)
[stacktrace]
#0 {main}
"} 
[2025-04-21 12:35:14] local.ERROR: Uncaught Symfony\Component\Finder\Exception\DirectoryNotFoundException: The "C:\xampp\htdocs\laravel\MTB_HMS_Booking_System\MTB_Laravel\MTB_Booking_System\resources\views" directory does not exist. in C:\xampp\htdocs\laravel\MTB_HMS_Booking_System\vendor\symfony\finder\Finder.php:646
Stack trace:
#0 C:\xampp\htdocs\laravel\MTB_HMS_Booking_System\vendor\laravel\framework\src\Illuminate\Filesystem\Filesystem.php(584): Symfony\Component\Finder\Finder->in('C:\\xampp\\htdocs...')
#1 Command line code(1): Illuminate\Filesystem\Filesystem->files('C:\\xampp\\htdocs...')
#2 Command line code(1): getViews('C:\\xampp\\htdocs...', Object(Illuminate\Filesystem\Filesystem))
#3 {main}
  thrown {"exception":"[object] (Symfony\\Component\\ErrorHandler\\Error\\FatalError(code: 0): Uncaught Symfony\\Component\\Finder\\Exception\\DirectoryNotFoundException: The \"C:\\xampp\\htdocs\\laravel\\MTB_HMS_Booking_System\\MTB_Laravel\\MTB_Booking_System\\resources\\views\" directory does not exist. in C:\\xampp\\htdocs\\laravel\\MTB_HMS_Booking_System\\vendor\\symfony\\finder\\Finder.php:646
Stack trace:
#0 C:\\xampp\\htdocs\\laravel\\MTB_HMS_Booking_System\\vendor\\laravel\\framework\\src\\Illuminate\\Filesystem\\Filesystem.php(584): Symfony\\Component\\Finder\\Finder->in('C:\\\\xampp\\\\htdocs...')
#1 Command line code(1): Illuminate\\Filesystem\\Filesystem->files('C:\\\\xampp\\\\htdocs...')
#2 Command line code(1): getViews('C:\\\\xampp\\\\htdocs...', Object(Illuminate\\Filesystem\\Filesystem))
#3 {main}
  thrown at C:\\xampp\\htdocs\\laravel\\MTB_HMS_Booking_System\\vendor\\symfony\\finder\\Finder.php:646)
[stacktrace]
#0 {main}
"} 
[2025-04-21 12:35:16] local.ERROR: Uncaught Symfony\Component\Finder\Exception\DirectoryNotFoundException: The "C:\xampp\htdocs\laravel\MTB_HMS_Booking_System\MTB_Laravel\MTB_Booking_System\resources\views" directory does not exist. in C:\xampp\htdocs\laravel\MTB_HMS_Booking_System\vendor\symfony\finder\Finder.php:646
Stack trace:
#0 C:\xampp\htdocs\laravel\MTB_HMS_Booking_System\vendor\laravel\framework\src\Illuminate\Filesystem\Filesystem.php(584): Symfony\Component\Finder\Finder->in('C:\\xampp\\htdocs...')
#1 Command line code(1): Illuminate\Filesystem\Filesystem->files('C:\\xampp\\htdocs...')
#2 Command line code(1): getViews('C:\\xampp\\htdocs...', Object(Illuminate\Filesystem\Filesystem))
#3 {main}
  thrown {"exception":"[object] (Symfony\\Component\\ErrorHandler\\Error\\FatalError(code: 0): Uncaught Symfony\\Component\\Finder\\Exception\\DirectoryNotFoundException: The \"C:\\xampp\\htdocs\\laravel\\MTB_HMS_Booking_System\\MTB_Laravel\\MTB_Booking_System\\resources\\views\" directory does not exist. in C:\\xampp\\htdocs\\laravel\\MTB_HMS_Booking_System\\vendor\\symfony\\finder\\Finder.php:646
Stack trace:
#0 C:\\xampp\\htdocs\\laravel\\MTB_HMS_Booking_System\\vendor\\laravel\\framework\\src\\Illuminate\\Filesystem\\Filesystem.php(584): Symfony\\Component\\Finder\\Finder->in('C:\\\\xampp\\\\htdocs...')
#1 Command line code(1): Illuminate\\Filesystem\\Filesystem->files('C:\\\\xampp\\\\htdocs...')
#2 Command line code(1): getViews('C:\\\\xampp\\\\htdocs...', Object(Illuminate\\Filesystem\\Filesystem))
#3 {main}
  thrown at C:\\xampp\\htdocs\\laravel\\MTB_HMS_Booking_System\\vendor\\symfony\\finder\\Finder.php:646)
[stacktrace]
#0 {main}
"} 
[2025-04-21 12:35:17] local.ERROR: Uncaught Symfony\Component\Finder\Exception\DirectoryNotFoundException: The "C:\xampp\htdocs\laravel\MTB_HMS_Booking_System\MTB_Laravel\MTB_Booking_System\resources\views" directory does not exist. in C:\xampp\htdocs\laravel\MTB_HMS_Booking_System\vendor\symfony\finder\Finder.php:646
Stack trace:
#0 C:\xampp\htdocs\laravel\MTB_HMS_Booking_System\vendor\laravel\framework\src\Illuminate\Filesystem\Filesystem.php(584): Symfony\Component\Finder\Finder->in('C:\\xampp\\htdocs...')
#1 Command line code(1): Illuminate\Filesystem\Filesystem->files('C:\\xampp\\htdocs...')
#2 Command line code(1): getViews('C:\\xampp\\htdocs...', Object(Illuminate\Filesystem\Filesystem))
#3 {main}
  thrown {"exception":"[object] (Symfony\\Component\\ErrorHandler\\Error\\FatalError(code: 0): Uncaught Symfony\\Component\\Finder\\Exception\\DirectoryNotFoundException: The \"C:\\xampp\\htdocs\\laravel\\MTB_HMS_Booking_System\\MTB_Laravel\\MTB_Booking_System\\resources\\views\" directory does not exist. in C:\\xampp\\htdocs\\laravel\\MTB_HMS_Booking_System\\vendor\\symfony\\finder\\Finder.php:646
Stack trace:
#0 C:\\xampp\\htdocs\\laravel\\MTB_HMS_Booking_System\\vendor\\laravel\\framework\\src\\Illuminate\\Filesystem\\Filesystem.php(584): Symfony\\Component\\Finder\\Finder->in('C:\\\\xampp\\\\htdocs...')
#1 Command line code(1): Illuminate\\Filesystem\\Filesystem->files('C:\\\\xampp\\\\htdocs...')
#2 Command line code(1): getViews('C:\\\\xampp\\\\htdocs...', Object(Illuminate\\Filesystem\\Filesystem))
#3 {main}
  thrown at C:\\xampp\\htdocs\\laravel\\MTB_HMS_Booking_System\\vendor\\symfony\\finder\\Finder.php:646)
[stacktrace]
#0 {main}
"} 
[2025-04-21 12:35:18] local.ERROR: Uncaught Symfony\Component\Finder\Exception\DirectoryNotFoundException: The "C:\xampp\htdocs\laravel\MTB_HMS_Booking_System\MTB_Laravel\MTB_Booking_System\resources\views" directory does not exist. in C:\xampp\htdocs\laravel\MTB_HMS_Booking_System\vendor\symfony\finder\Finder.php:646
Stack trace:
#0 C:\xampp\htdocs\laravel\MTB_HMS_Booking_System\vendor\laravel\framework\src\Illuminate\Filesystem\Filesystem.php(584): Symfony\Component\Finder\Finder->in('C:\\xampp\\htdocs...')
#1 Command line code(1): Illuminate\Filesystem\Filesystem->files('C:\\xampp\\htdocs...')
#2 Command line code(1): getViews('C:\\xampp\\htdocs...', Object(Illuminate\Filesystem\Filesystem))
#3 {main}
  thrown {"exception":"[object] (Symfony\\Component\\ErrorHandler\\Error\\FatalError(code: 0): Uncaught Symfony\\Component\\Finder\\Exception\\DirectoryNotFoundException: The \"C:\\xampp\\htdocs\\laravel\\MTB_HMS_Booking_System\\MTB_Laravel\\MTB_Booking_System\\resources\\views\" directory does not exist. in C:\\xampp\\htdocs\\laravel\\MTB_HMS_Booking_System\\vendor\\symfony\\finder\\Finder.php:646
Stack trace:
#0 C:\\xampp\\htdocs\\laravel\\MTB_HMS_Booking_System\\vendor\\laravel\\framework\\src\\Illuminate\\Filesystem\\Filesystem.php(584): Symfony\\Component\\Finder\\Finder->in('C:\\\\xampp\\\\htdocs...')
#1 Command line code(1): Illuminate\\Filesystem\\Filesystem->files('C:\\\\xampp\\\\htdocs...')
#2 Command line code(1): getViews('C:\\\\xampp\\\\htdocs...', Object(Illuminate\\Filesystem\\Filesystem))
#3 {main}
  thrown at C:\\xampp\\htdocs\\laravel\\MTB_HMS_Booking_System\\vendor\\symfony\\finder\\Finder.php:646)
[stacktrace]
#0 {main}
"} 
[2025-04-21 12:35:19] local.ERROR: Uncaught Symfony\Component\Finder\Exception\DirectoryNotFoundException: The "C:\xampp\htdocs\laravel\MTB_HMS_Booking_System\MTB_Laravel\MTB_Booking_System\resources\views" directory does not exist. in C:\xampp\htdocs\laravel\MTB_HMS_Booking_System\vendor\symfony\finder\Finder.php:646
Stack trace:
#0 C:\xampp\htdocs\laravel\MTB_HMS_Booking_System\vendor\laravel\framework\src\Illuminate\Filesystem\Filesystem.php(584): Symfony\Component\Finder\Finder->in('C:\\xampp\\htdocs...')
#1 Command line code(1): Illuminate\Filesystem\Filesystem->files('C:\\xampp\\htdocs...')
#2 Command line code(1): getViews('C:\\xampp\\htdocs...', Object(Illuminate\Filesystem\Filesystem))
#3 {main}
  thrown {"exception":"[object] (Symfony\\Component\\ErrorHandler\\Error\\FatalError(code: 0): Uncaught Symfony\\Component\\Finder\\Exception\\DirectoryNotFoundException: The \"C:\\xampp\\htdocs\\laravel\\MTB_HMS_Booking_System\\MTB_Laravel\\MTB_Booking_System\\resources\\views\" directory does not exist. in C:\\xampp\\htdocs\\laravel\\MTB_HMS_Booking_System\\vendor\\symfony\\finder\\Finder.php:646
Stack trace:
#0 C:\\xampp\\htdocs\\laravel\\MTB_HMS_Booking_System\\vendor\\laravel\\framework\\src\\Illuminate\\Filesystem\\Filesystem.php(584): Symfony\\Component\\Finder\\Finder->in('C:\\\\xampp\\\\htdocs...')
#1 Command line code(1): Illuminate\\Filesystem\\Filesystem->files('C:\\\\xampp\\\\htdocs...')
#2 Command line code(1): getViews('C:\\\\xampp\\\\htdocs...', Object(Illuminate\\Filesystem\\Filesystem))
#3 {main}
  thrown at C:\\xampp\\htdocs\\laravel\\MTB_HMS_Booking_System\\vendor\\symfony\\finder\\Finder.php:646)
[stacktrace]
#0 {main}
"} 
[2025-04-21 12:35:21] local.ERROR: Uncaught Symfony\Component\Finder\Exception\DirectoryNotFoundException: The "C:\xampp\htdocs\laravel\MTB_HMS_Booking_System\MTB_Laravel\MTB_Booking_System\resources\views" directory does not exist. in C:\xampp\htdocs\laravel\MTB_HMS_Booking_System\vendor\symfony\finder\Finder.php:646
Stack trace:
#0 C:\xampp\htdocs\laravel\MTB_HMS_Booking_System\vendor\laravel\framework\src\Illuminate\Filesystem\Filesystem.php(584): Symfony\Component\Finder\Finder->in('C:\\xampp\\htdocs...')
#1 Command line code(1): Illuminate\Filesystem\Filesystem->files('C:\\xampp\\htdocs...')
#2 Command line code(1): getViews('C:\\xampp\\htdocs...', Object(Illuminate\Filesystem\Filesystem))
#3 {main}
  thrown {"exception":"[object] (Symfony\\Component\\ErrorHandler\\Error\\FatalError(code: 0): Uncaught Symfony\\Component\\Finder\\Exception\\DirectoryNotFoundException: The \"C:\\xampp\\htdocs\\laravel\\MTB_HMS_Booking_System\\MTB_Laravel\\MTB_Booking_System\\resources\\views\" directory does not exist. in C:\\xampp\\htdocs\\laravel\\MTB_HMS_Booking_System\\vendor\\symfony\\finder\\Finder.php:646
Stack trace:
#0 C:\\xampp\\htdocs\\laravel\\MTB_HMS_Booking_System\\vendor\\laravel\\framework\\src\\Illuminate\\Filesystem\\Filesystem.php(584): Symfony\\Component\\Finder\\Finder->in('C:\\\\xampp\\\\htdocs...')
#1 Command line code(1): Illuminate\\Filesystem\\Filesystem->files('C:\\\\xampp\\\\htdocs...')
#2 Command line code(1): getViews('C:\\\\xampp\\\\htdocs...', Object(Illuminate\\Filesystem\\Filesystem))
#3 {main}
  thrown at C:\\xampp\\htdocs\\laravel\\MTB_HMS_Booking_System\\vendor\\symfony\\finder\\Finder.php:646)
[stacktrace]
#0 {main}
"} 
[2025-04-21 12:35:22] local.ERROR: Uncaught Symfony\Component\Finder\Exception\DirectoryNotFoundException: The "C:\xampp\htdocs\laravel\MTB_HMS_Booking_System\MTB_Laravel\MTB_Booking_System\resources\views" directory does not exist. in C:\xampp\htdocs\laravel\MTB_HMS_Booking_System\vendor\symfony\finder\Finder.php:646
Stack trace:
#0 C:\xampp\htdocs\laravel\MTB_HMS_Booking_System\vendor\laravel\framework\src\Illuminate\Filesystem\Filesystem.php(584): Symfony\Component\Finder\Finder->in('C:\\xampp\\htdocs...')
#1 Command line code(1): Illuminate\Filesystem\Filesystem->files('C:\\xampp\\htdocs...')
#2 Command line code(1): getViews('C:\\xampp\\htdocs...', Object(Illuminate\Filesystem\Filesystem))
#3 {main}
  thrown {"exception":"[object] (Symfony\\Component\\ErrorHandler\\Error\\FatalError(code: 0): Uncaught Symfony\\Component\\Finder\\Exception\\DirectoryNotFoundException: The \"C:\\xampp\\htdocs\\laravel\\MTB_HMS_Booking_System\\MTB_Laravel\\MTB_Booking_System\\resources\\views\" directory does not exist. in C:\\xampp\\htdocs\\laravel\\MTB_HMS_Booking_System\\vendor\\symfony\\finder\\Finder.php:646
Stack trace:
#0 C:\\xampp\\htdocs\\laravel\\MTB_HMS_Booking_System\\vendor\\laravel\\framework\\src\\Illuminate\\Filesystem\\Filesystem.php(584): Symfony\\Component\\Finder\\Finder->in('C:\\\\xampp\\\\htdocs...')
#1 Command line code(1): Illuminate\\Filesystem\\Filesystem->files('C:\\\\xampp\\\\htdocs...')
#2 Command line code(1): getViews('C:\\\\xampp\\\\htdocs...', Object(Illuminate\\Filesystem\\Filesystem))
#3 {main}
  thrown at C:\\xampp\\htdocs\\laravel\\MTB_HMS_Booking_System\\vendor\\symfony\\finder\\Finder.php:646)
[stacktrace]
#0 {main}
"} 
[2025-04-21 12:35:24] local.ERROR: Uncaught Symfony\Component\Finder\Exception\DirectoryNotFoundException: The "C:\xampp\htdocs\laravel\MTB_HMS_Booking_System\MTB_Laravel\MTB_Booking_System\resources\views" directory does not exist. in C:\xampp\htdocs\laravel\MTB_HMS_Booking_System\vendor\symfony\finder\Finder.php:646
Stack trace:
#0 C:\xampp\htdocs\laravel\MTB_HMS_Booking_System\vendor\laravel\framework\src\Illuminate\Filesystem\Filesystem.php(584): Symfony\Component\Finder\Finder->in('C:\\xampp\\htdocs...')
#1 Command line code(1): Illuminate\Filesystem\Filesystem->files('C:\\xampp\\htdocs...')
#2 Command line code(1): getViews('C:\\xampp\\htdocs...', Object(Illuminate\Filesystem\Filesystem))
#3 {main}
  thrown {"exception":"[object] (Symfony\\Component\\ErrorHandler\\Error\\FatalError(code: 0): Uncaught Symfony\\Component\\Finder\\Exception\\DirectoryNotFoundException: The \"C:\\xampp\\htdocs\\laravel\\MTB_HMS_Booking_System\\MTB_Laravel\\MTB_Booking_System\\resources\\views\" directory does not exist. in C:\\xampp\\htdocs\\laravel\\MTB_HMS_Booking_System\\vendor\\symfony\\finder\\Finder.php:646
Stack trace:
#0 C:\\xampp\\htdocs\\laravel\\MTB_HMS_Booking_System\\vendor\\laravel\\framework\\src\\Illuminate\\Filesystem\\Filesystem.php(584): Symfony\\Component\\Finder\\Finder->in('C:\\\\xampp\\\\htdocs...')
#1 Command line code(1): Illuminate\\Filesystem\\Filesystem->files('C:\\\\xampp\\\\htdocs...')
#2 Command line code(1): getViews('C:\\\\xampp\\\\htdocs...', Object(Illuminate\\Filesystem\\Filesystem))
#3 {main}
  thrown at C:\\xampp\\htdocs\\laravel\\MTB_HMS_Booking_System\\vendor\\symfony\\finder\\Finder.php:646)
[stacktrace]
#0 {main}
"} 
[2025-04-21 12:35:24] local.ERROR: Uncaught Symfony\Component\Finder\Exception\DirectoryNotFoundException: The "C:\xampp\htdocs\laravel\MTB_HMS_Booking_System\MTB_Laravel\MTB_Booking_System\resources\views" directory does not exist. in C:\xampp\htdocs\laravel\MTB_HMS_Booking_System\vendor\symfony\finder\Finder.php:646
Stack trace:
#0 C:\xampp\htdocs\laravel\MTB_HMS_Booking_System\vendor\laravel\framework\src\Illuminate\Filesystem\Filesystem.php(584): Symfony\Component\Finder\Finder->in('C:\\xampp\\htdocs...')
#1 Command line code(1): Illuminate\Filesystem\Filesystem->files('C:\\xampp\\htdocs...')
#2 Command line code(1): getViews('C:\\xampp\\htdocs...', Object(Illuminate\Filesystem\Filesystem))
#3 {main}
  thrown {"exception":"[object] (Symfony\\Component\\ErrorHandler\\Error\\FatalError(code: 0): Uncaught Symfony\\Component\\Finder\\Exception\\DirectoryNotFoundException: The \"C:\\xampp\\htdocs\\laravel\\MTB_HMS_Booking_System\\MTB_Laravel\\MTB_Booking_System\\resources\\views\" directory does not exist. in C:\\xampp\\htdocs\\laravel\\MTB_HMS_Booking_System\\vendor\\symfony\\finder\\Finder.php:646
Stack trace:
#0 C:\\xampp\\htdocs\\laravel\\MTB_HMS_Booking_System\\vendor\\laravel\\framework\\src\\Illuminate\\Filesystem\\Filesystem.php(584): Symfony\\Component\\Finder\\Finder->in('C:\\\\xampp\\\\htdocs...')
#1 Command line code(1): Illuminate\\Filesystem\\Filesystem->files('C:\\\\xampp\\\\htdocs...')
#2 Command line code(1): getViews('C:\\\\xampp\\\\htdocs...', Object(Illuminate\\Filesystem\\Filesystem))
#3 {main}
  thrown at C:\\xampp\\htdocs\\laravel\\MTB_HMS_Booking_System\\vendor\\symfony\\finder\\Finder.php:646)
[stacktrace]
#0 {main}
"} 
[2025-04-21 12:35:26] local.ERROR: Uncaught Symfony\Component\Finder\Exception\DirectoryNotFoundException: The "C:\xampp\htdocs\laravel\MTB_HMS_Booking_System\MTB_Laravel\MTB_Booking_System\resources\views" directory does not exist. in C:\xampp\htdocs\laravel\MTB_HMS_Booking_System\vendor\symfony\finder\Finder.php:646
Stack trace:
#0 C:\xampp\htdocs\laravel\MTB_HMS_Booking_System\vendor\laravel\framework\src\Illuminate\Filesystem\Filesystem.php(584): Symfony\Component\Finder\Finder->in('C:\\xampp\\htdocs...')
#1 Command line code(1): Illuminate\Filesystem\Filesystem->files('C:\\xampp\\htdocs...')
#2 Command line code(1): getViews('C:\\xampp\\htdocs...', Object(Illuminate\Filesystem\Filesystem))
#3 {main}
  thrown {"exception":"[object] (Symfony\\Component\\ErrorHandler\\Error\\FatalError(code: 0): Uncaught Symfony\\Component\\Finder\\Exception\\DirectoryNotFoundException: The \"C:\\xampp\\htdocs\\laravel\\MTB_HMS_Booking_System\\MTB_Laravel\\MTB_Booking_System\\resources\\views\" directory does not exist. in C:\\xampp\\htdocs\\laravel\\MTB_HMS_Booking_System\\vendor\\symfony\\finder\\Finder.php:646
Stack trace:
#0 C:\\xampp\\htdocs\\laravel\\MTB_HMS_Booking_System\\vendor\\laravel\\framework\\src\\Illuminate\\Filesystem\\Filesystem.php(584): Symfony\\Component\\Finder\\Finder->in('C:\\\\xampp\\\\htdocs...')
#1 Command line code(1): Illuminate\\Filesystem\\Filesystem->files('C:\\\\xampp\\\\htdocs...')
#2 Command line code(1): getViews('C:\\\\xampp\\\\htdocs...', Object(Illuminate\\Filesystem\\Filesystem))
#3 {main}
  thrown at C:\\xampp\\htdocs\\laravel\\MTB_HMS_Booking_System\\vendor\\symfony\\finder\\Finder.php:646)
[stacktrace]
#0 {main}
"} 
[2025-04-21 12:35:27] local.ERROR: Uncaught Symfony\Component\Finder\Exception\DirectoryNotFoundException: The "C:\xampp\htdocs\laravel\MTB_HMS_Booking_System\MTB_Laravel\MTB_Booking_System\resources\views" directory does not exist. in C:\xampp\htdocs\laravel\MTB_HMS_Booking_System\vendor\symfony\finder\Finder.php:646
Stack trace:
#0 C:\xampp\htdocs\laravel\MTB_HMS_Booking_System\vendor\laravel\framework\src\Illuminate\Filesystem\Filesystem.php(584): Symfony\Component\Finder\Finder->in('C:\\xampp\\htdocs...')
#1 Command line code(1): Illuminate\Filesystem\Filesystem->files('C:\\xampp\\htdocs...')
#2 Command line code(1): getViews('C:\\xampp\\htdocs...', Object(Illuminate\Filesystem\Filesystem))
#3 {main}
  thrown {"exception":"[object] (Symfony\\Component\\ErrorHandler\\Error\\FatalError(code: 0): Uncaught Symfony\\Component\\Finder\\Exception\\DirectoryNotFoundException: The \"C:\\xampp\\htdocs\\laravel\\MTB_HMS_Booking_System\\MTB_Laravel\\MTB_Booking_System\\resources\\views\" directory does not exist. in C:\\xampp\\htdocs\\laravel\\MTB_HMS_Booking_System\\vendor\\symfony\\finder\\Finder.php:646
Stack trace:
#0 C:\\xampp\\htdocs\\laravel\\MTB_HMS_Booking_System\\vendor\\laravel\\framework\\src\\Illuminate\\Filesystem\\Filesystem.php(584): Symfony\\Component\\Finder\\Finder->in('C:\\\\xampp\\\\htdocs...')
#1 Command line code(1): Illuminate\\Filesystem\\Filesystem->files('C:\\\\xampp\\\\htdocs...')
#2 Command line code(1): getViews('C:\\\\xampp\\\\htdocs...', Object(Illuminate\\Filesystem\\Filesystem))
#3 {main}
  thrown at C:\\xampp\\htdocs\\laravel\\MTB_HMS_Booking_System\\vendor\\symfony\\finder\\Finder.php:646)
[stacktrace]
#0 {main}
"} 
[2025-04-21 12:35:29] local.ERROR: Uncaught Symfony\Component\Finder\Exception\DirectoryNotFoundException: The "C:\xampp\htdocs\laravel\MTB_HMS_Booking_System\MTB_Laravel\MTB_Booking_System\resources\views" directory does not exist. in C:\xampp\htdocs\laravel\MTB_HMS_Booking_System\vendor\symfony\finder\Finder.php:646
Stack trace:
#0 C:\xampp\htdocs\laravel\MTB_HMS_Booking_System\vendor\laravel\framework\src\Illuminate\Filesystem\Filesystem.php(584): Symfony\Component\Finder\Finder->in('C:\\xampp\\htdocs...')
#1 Command line code(1): Illuminate\Filesystem\Filesystem->files('C:\\xampp\\htdocs...')
#2 Command line code(1): getViews('C:\\xampp\\htdocs...', Object(Illuminate\Filesystem\Filesystem))
#3 {main}
  thrown {"exception":"[object] (Symfony\\Component\\ErrorHandler\\Error\\FatalError(code: 0): Uncaught Symfony\\Component\\Finder\\Exception\\DirectoryNotFoundException: The \"C:\\xampp\\htdocs\\laravel\\MTB_HMS_Booking_System\\MTB_Laravel\\MTB_Booking_System\\resources\\views\" directory does not exist. in C:\\xampp\\htdocs\\laravel\\MTB_HMS_Booking_System\\vendor\\symfony\\finder\\Finder.php:646
Stack trace:
#0 C:\\xampp\\htdocs\\laravel\\MTB_HMS_Booking_System\\vendor\\laravel\\framework\\src\\Illuminate\\Filesystem\\Filesystem.php(584): Symfony\\Component\\Finder\\Finder->in('C:\\\\xampp\\\\htdocs...')
#1 Command line code(1): Illuminate\\Filesystem\\Filesystem->files('C:\\\\xampp\\\\htdocs...')
#2 Command line code(1): getViews('C:\\\\xampp\\\\htdocs...', Object(Illuminate\\Filesystem\\Filesystem))
#3 {main}
  thrown at C:\\xampp\\htdocs\\laravel\\MTB_HMS_Booking_System\\vendor\\symfony\\finder\\Finder.php:646)
[stacktrace]
#0 {main}
"} 
[2025-04-21 12:35:29] local.ERROR: Uncaught Symfony\Component\Finder\Exception\DirectoryNotFoundException: The "C:\xampp\htdocs\laravel\MTB_HMS_Booking_System\MTB_Laravel\MTB_Booking_System\resources\views" directory does not exist. in C:\xampp\htdocs\laravel\MTB_HMS_Booking_System\vendor\symfony\finder\Finder.php:646
Stack trace:
#0 C:\xampp\htdocs\laravel\MTB_HMS_Booking_System\vendor\laravel\framework\src\Illuminate\Filesystem\Filesystem.php(584): Symfony\Component\Finder\Finder->in('C:\\xampp\\htdocs...')
#1 Command line code(1): Illuminate\Filesystem\Filesystem->files('C:\\xampp\\htdocs...')
#2 Command line code(1): getViews('C:\\xampp\\htdocs...', Object(Illuminate\Filesystem\Filesystem))
#3 {main}
  thrown {"exception":"[object] (Symfony\\Component\\ErrorHandler\\Error\\FatalError(code: 0): Uncaught Symfony\\Component\\Finder\\Exception\\DirectoryNotFoundException: The \"C:\\xampp\\htdocs\\laravel\\MTB_HMS_Booking_System\\MTB_Laravel\\MTB_Booking_System\\resources\\views\" directory does not exist. in C:\\xampp\\htdocs\\laravel\\MTB_HMS_Booking_System\\vendor\\symfony\\finder\\Finder.php:646
Stack trace:
#0 C:\\xampp\\htdocs\\laravel\\MTB_HMS_Booking_System\\vendor\\laravel\\framework\\src\\Illuminate\\Filesystem\\Filesystem.php(584): Symfony\\Component\\Finder\\Finder->in('C:\\\\xampp\\\\htdocs...')
#1 Command line code(1): Illuminate\\Filesystem\\Filesystem->files('C:\\\\xampp\\\\htdocs...')
#2 Command line code(1): getViews('C:\\\\xampp\\\\htdocs...', Object(Illuminate\\Filesystem\\Filesystem))
#3 {main}
  thrown at C:\\xampp\\htdocs\\laravel\\MTB_HMS_Booking_System\\vendor\\symfony\\finder\\Finder.php:646)
[stacktrace]
#0 {main}
"} 
[2025-04-21 12:35:32] local.ERROR: Uncaught Symfony\Component\Finder\Exception\DirectoryNotFoundException: The "C:\xampp\htdocs\laravel\MTB_HMS_Booking_System\MTB_Laravel\MTB_Booking_System\resources\views" directory does not exist. in C:\xampp\htdocs\laravel\MTB_HMS_Booking_System\vendor\symfony\finder\Finder.php:646
Stack trace:
#0 C:\xampp\htdocs\laravel\MTB_HMS_Booking_System\vendor\laravel\framework\src\Illuminate\Filesystem\Filesystem.php(584): Symfony\Component\Finder\Finder->in('C:\\xampp\\htdocs...')
#1 Command line code(1): Illuminate\Filesystem\Filesystem->files('C:\\xampp\\htdocs...')
#2 Command line code(1): getViews('C:\\xampp\\htdocs...', Object(Illuminate\Filesystem\Filesystem))
#3 {main}
  thrown {"exception":"[object] (Symfony\\Component\\ErrorHandler\\Error\\FatalError(code: 0): Uncaught Symfony\\Component\\Finder\\Exception\\DirectoryNotFoundException: The \"C:\\xampp\\htdocs\\laravel\\MTB_HMS_Booking_System\\MTB_Laravel\\MTB_Booking_System\\resources\\views\" directory does not exist. in C:\\xampp\\htdocs\\laravel\\MTB_HMS_Booking_System\\vendor\\symfony\\finder\\Finder.php:646
Stack trace:
#0 C:\\xampp\\htdocs\\laravel\\MTB_HMS_Booking_System\\vendor\\laravel\\framework\\src\\Illuminate\\Filesystem\\Filesystem.php(584): Symfony\\Component\\Finder\\Finder->in('C:\\\\xampp\\\\htdocs...')
#1 Command line code(1): Illuminate\\Filesystem\\Filesystem->files('C:\\\\xampp\\\\htdocs...')
#2 Command line code(1): getViews('C:\\\\xampp\\\\htdocs...', Object(Illuminate\\Filesystem\\Filesystem))
#3 {main}
  thrown at C:\\xampp\\htdocs\\laravel\\MTB_HMS_Booking_System\\vendor\\symfony\\finder\\Finder.php:646)
[stacktrace]
#0 {main}
"} 
[2025-04-21 12:35:33] local.ERROR: Uncaught Symfony\Component\Finder\Exception\DirectoryNotFoundException: The "C:\xampp\htdocs\laravel\MTB_HMS_Booking_System\MTB_Laravel\MTB_Booking_System\resources\views" directory does not exist. in C:\xampp\htdocs\laravel\MTB_HMS_Booking_System\vendor\symfony\finder\Finder.php:646
Stack trace:
#0 C:\xampp\htdocs\laravel\MTB_HMS_Booking_System\vendor\laravel\framework\src\Illuminate\Filesystem\Filesystem.php(584): Symfony\Component\Finder\Finder->in('C:\\xampp\\htdocs...')
#1 Command line code(1): Illuminate\Filesystem\Filesystem->files('C:\\xampp\\htdocs...')
#2 Command line code(1): getViews('C:\\xampp\\htdocs...', Object(Illuminate\Filesystem\Filesystem))
#3 {main}
  thrown {"exception":"[object] (Symfony\\Component\\ErrorHandler\\Error\\FatalError(code: 0): Uncaught Symfony\\Component\\Finder\\Exception\\DirectoryNotFoundException: The \"C:\\xampp\\htdocs\\laravel\\MTB_HMS_Booking_System\\MTB_Laravel\\MTB_Booking_System\\resources\\views\" directory does not exist. in C:\\xampp\\htdocs\\laravel\\MTB_HMS_Booking_System\\vendor\\symfony\\finder\\Finder.php:646
Stack trace:
#0 C:\\xampp\\htdocs\\laravel\\MTB_HMS_Booking_System\\vendor\\laravel\\framework\\src\\Illuminate\\Filesystem\\Filesystem.php(584): Symfony\\Component\\Finder\\Finder->in('C:\\\\xampp\\\\htdocs...')
#1 Command line code(1): Illuminate\\Filesystem\\Filesystem->files('C:\\\\xampp\\\\htdocs...')
#2 Command line code(1): getViews('C:\\\\xampp\\\\htdocs...', Object(Illuminate\\Filesystem\\Filesystem))
#3 {main}
  thrown at C:\\xampp\\htdocs\\laravel\\MTB_HMS_Booking_System\\vendor\\symfony\\finder\\Finder.php:646)
[stacktrace]
#0 {main}
"} 
[2025-04-21 12:35:34] local.ERROR: Uncaught Symfony\Component\Finder\Exception\DirectoryNotFoundException: The "C:\xampp\htdocs\laravel\MTB_HMS_Booking_System\MTB_Laravel\MTB_Booking_System\resources\views" directory does not exist. in C:\xampp\htdocs\laravel\MTB_HMS_Booking_System\vendor\symfony\finder\Finder.php:646
Stack trace:
#0 C:\xampp\htdocs\laravel\MTB_HMS_Booking_System\vendor\laravel\framework\src\Illuminate\Filesystem\Filesystem.php(584): Symfony\Component\Finder\Finder->in('C:\\xampp\\htdocs...')
#1 Command line code(1): Illuminate\Filesystem\Filesystem->files('C:\\xampp\\htdocs...')
#2 Command line code(1): getViews('C:\\xampp\\htdocs...', Object(Illuminate\Filesystem\Filesystem))
#3 {main}
  thrown {"exception":"[object] (Symfony\\Component\\ErrorHandler\\Error\\FatalError(code: 0): Uncaught Symfony\\Component\\Finder\\Exception\\DirectoryNotFoundException: The \"C:\\xampp\\htdocs\\laravel\\MTB_HMS_Booking_System\\MTB_Laravel\\MTB_Booking_System\\resources\\views\" directory does not exist. in C:\\xampp\\htdocs\\laravel\\MTB_HMS_Booking_System\\vendor\\symfony\\finder\\Finder.php:646
Stack trace:
#0 C:\\xampp\\htdocs\\laravel\\MTB_HMS_Booking_System\\vendor\\laravel\\framework\\src\\Illuminate\\Filesystem\\Filesystem.php(584): Symfony\\Component\\Finder\\Finder->in('C:\\\\xampp\\\\htdocs...')
#1 Command line code(1): Illuminate\\Filesystem\\Filesystem->files('C:\\\\xampp\\\\htdocs...')
#2 Command line code(1): getViews('C:\\\\xampp\\\\htdocs...', Object(Illuminate\\Filesystem\\Filesystem))
#3 {main}
  thrown at C:\\xampp\\htdocs\\laravel\\MTB_HMS_Booking_System\\vendor\\symfony\\finder\\Finder.php:646)
[stacktrace]
#0 {main}
"} 
[2025-04-21 12:35:37] local.ERROR: Uncaught Symfony\Component\Finder\Exception\DirectoryNotFoundException: The "C:\xampp\htdocs\laravel\MTB_HMS_Booking_System\MTB_Laravel\MTB_Booking_System\resources\views" directory does not exist. in C:\xampp\htdocs\laravel\MTB_HMS_Booking_System\vendor\symfony\finder\Finder.php:646
Stack trace:
#0 C:\xampp\htdocs\laravel\MTB_HMS_Booking_System\vendor\laravel\framework\src\Illuminate\Filesystem\Filesystem.php(584): Symfony\Component\Finder\Finder->in('C:\\xampp\\htdocs...')
#1 Command line code(1): Illuminate\Filesystem\Filesystem->files('C:\\xampp\\htdocs...')
#2 Command line code(1): getViews('C:\\xampp\\htdocs...', Object(Illuminate\Filesystem\Filesystem))
#3 {main}
  thrown {"exception":"[object] (Symfony\\Component\\ErrorHandler\\Error\\FatalError(code: 0): Uncaught Symfony\\Component\\Finder\\Exception\\DirectoryNotFoundException: The \"C:\\xampp\\htdocs\\laravel\\MTB_HMS_Booking_System\\MTB_Laravel\\MTB_Booking_System\\resources\\views\" directory does not exist. in C:\\xampp\\htdocs\\laravel\\MTB_HMS_Booking_System\\vendor\\symfony\\finder\\Finder.php:646
Stack trace:
#0 C:\\xampp\\htdocs\\laravel\\MTB_HMS_Booking_System\\vendor\\laravel\\framework\\src\\Illuminate\\Filesystem\\Filesystem.php(584): Symfony\\Component\\Finder\\Finder->in('C:\\\\xampp\\\\htdocs...')
#1 Command line code(1): Illuminate\\Filesystem\\Filesystem->files('C:\\\\xampp\\\\htdocs...')
#2 Command line code(1): getViews('C:\\\\xampp\\\\htdocs...', Object(Illuminate\\Filesystem\\Filesystem))
#3 {main}
  thrown at C:\\xampp\\htdocs\\laravel\\MTB_HMS_Booking_System\\vendor\\symfony\\finder\\Finder.php:646)
[stacktrace]
#0 {main}
"} 
[2025-04-21 12:35:38] local.ERROR: Uncaught Symfony\Component\Finder\Exception\DirectoryNotFoundException: The "C:\xampp\htdocs\laravel\MTB_HMS_Booking_System\MTB_Laravel\MTB_Booking_System\resources\views" directory does not exist. in C:\xampp\htdocs\laravel\MTB_HMS_Booking_System\vendor\symfony\finder\Finder.php:646
Stack trace:
#0 C:\xampp\htdocs\laravel\MTB_HMS_Booking_System\vendor\laravel\framework\src\Illuminate\Filesystem\Filesystem.php(584): Symfony\Component\Finder\Finder->in('C:\\xampp\\htdocs...')
#1 Command line code(1): Illuminate\Filesystem\Filesystem->files('C:\\xampp\\htdocs...')
#2 Command line code(1): getViews('C:\\xampp\\htdocs...', Object(Illuminate\Filesystem\Filesystem))
#3 {main}
  thrown {"exception":"[object] (Symfony\\Component\\ErrorHandler\\Error\\FatalError(code: 0): Uncaught Symfony\\Component\\Finder\\Exception\\DirectoryNotFoundException: The \"C:\\xampp\\htdocs\\laravel\\MTB_HMS_Booking_System\\MTB_Laravel\\MTB_Booking_System\\resources\\views\" directory does not exist. in C:\\xampp\\htdocs\\laravel\\MTB_HMS_Booking_System\\vendor\\symfony\\finder\\Finder.php:646
Stack trace:
#0 C:\\xampp\\htdocs\\laravel\\MTB_HMS_Booking_System\\vendor\\laravel\\framework\\src\\Illuminate\\Filesystem\\Filesystem.php(584): Symfony\\Component\\Finder\\Finder->in('C:\\\\xampp\\\\htdocs...')
#1 Command line code(1): Illuminate\\Filesystem\\Filesystem->files('C:\\\\xampp\\\\htdocs...')
#2 Command line code(1): getViews('C:\\\\xampp\\\\htdocs...', Object(Illuminate\\Filesystem\\Filesystem))
#3 {main}
  thrown at C:\\xampp\\htdocs\\laravel\\MTB_HMS_Booking_System\\vendor\\symfony\\finder\\Finder.php:646)
[stacktrace]
#0 {main}
"} 
[2025-04-21 12:35:40] local.ERROR: Uncaught Symfony\Component\Finder\Exception\DirectoryNotFoundException: The "C:\xampp\htdocs\laravel\MTB_HMS_Booking_System\MTB_Laravel\MTB_Booking_System\resources\views" directory does not exist. in C:\xampp\htdocs\laravel\MTB_HMS_Booking_System\vendor\symfony\finder\Finder.php:646
Stack trace:
#0 C:\xampp\htdocs\laravel\MTB_HMS_Booking_System\vendor\laravel\framework\src\Illuminate\Filesystem\Filesystem.php(584): Symfony\Component\Finder\Finder->in('C:\\xampp\\htdocs...')
#1 Command line code(1): Illuminate\Filesystem\Filesystem->files('C:\\xampp\\htdocs...')
#2 Command line code(1): getViews('C:\\xampp\\htdocs...', Object(Illuminate\Filesystem\Filesystem))
#3 {main}
  thrown {"exception":"[object] (Symfony\\Component\\ErrorHandler\\Error\\FatalError(code: 0): Uncaught Symfony\\Component\\Finder\\Exception\\DirectoryNotFoundException: The \"C:\\xampp\\htdocs\\laravel\\MTB_HMS_Booking_System\\MTB_Laravel\\MTB_Booking_System\\resources\\views\" directory does not exist. in C:\\xampp\\htdocs\\laravel\\MTB_HMS_Booking_System\\vendor\\symfony\\finder\\Finder.php:646
Stack trace:
#0 C:\\xampp\\htdocs\\laravel\\MTB_HMS_Booking_System\\vendor\\laravel\\framework\\src\\Illuminate\\Filesystem\\Filesystem.php(584): Symfony\\Component\\Finder\\Finder->in('C:\\\\xampp\\\\htdocs...')
#1 Command line code(1): Illuminate\\Filesystem\\Filesystem->files('C:\\\\xampp\\\\htdocs...')
#2 Command line code(1): getViews('C:\\\\xampp\\\\htdocs...', Object(Illuminate\\Filesystem\\Filesystem))
#3 {main}
  thrown at C:\\xampp\\htdocs\\laravel\\MTB_HMS_Booking_System\\vendor\\symfony\\finder\\Finder.php:646)
[stacktrace]
#0 {main}
"} 
[2025-04-21 12:35:41] local.ERROR: Uncaught Symfony\Component\Finder\Exception\DirectoryNotFoundException: The "C:\xampp\htdocs\laravel\MTB_HMS_Booking_System\MTB_Laravel\MTB_Booking_System\resources\views" directory does not exist. in C:\xampp\htdocs\laravel\MTB_HMS_Booking_System\vendor\symfony\finder\Finder.php:646
Stack trace:
#0 C:\xampp\htdocs\laravel\MTB_HMS_Booking_System\vendor\laravel\framework\src\Illuminate\Filesystem\Filesystem.php(584): Symfony\Component\Finder\Finder->in('C:\\xampp\\htdocs...')
#1 Command line code(1): Illuminate\Filesystem\Filesystem->files('C:\\xampp\\htdocs...')
#2 Command line code(1): getViews('C:\\xampp\\htdocs...', Object(Illuminate\Filesystem\Filesystem))
#3 {main}
  thrown {"exception":"[object] (Symfony\\Component\\ErrorHandler\\Error\\FatalError(code: 0): Uncaught Symfony\\Component\\Finder\\Exception\\DirectoryNotFoundException: The \"C:\\xampp\\htdocs\\laravel\\MTB_HMS_Booking_System\\MTB_Laravel\\MTB_Booking_System\\resources\\views\" directory does not exist. in C:\\xampp\\htdocs\\laravel\\MTB_HMS_Booking_System\\vendor\\symfony\\finder\\Finder.php:646
Stack trace:
#0 C:\\xampp\\htdocs\\laravel\\MTB_HMS_Booking_System\\vendor\\laravel\\framework\\src\\Illuminate\\Filesystem\\Filesystem.php(584): Symfony\\Component\\Finder\\Finder->in('C:\\\\xampp\\\\htdocs...')
#1 Command line code(1): Illuminate\\Filesystem\\Filesystem->files('C:\\\\xampp\\\\htdocs...')
#2 Command line code(1): getViews('C:\\\\xampp\\\\htdocs...', Object(Illuminate\\Filesystem\\Filesystem))
#3 {main}
  thrown at C:\\xampp\\htdocs\\laravel\\MTB_HMS_Booking_System\\vendor\\symfony\\finder\\Finder.php:646)
[stacktrace]
#0 {main}
"} 
[2025-04-21 12:35:42] local.ERROR: Uncaught Symfony\Component\Finder\Exception\DirectoryNotFoundException: The "C:\xampp\htdocs\laravel\MTB_HMS_Booking_System\MTB_Laravel\MTB_Booking_System\resources\views" directory does not exist. in C:\xampp\htdocs\laravel\MTB_HMS_Booking_System\vendor\symfony\finder\Finder.php:646
Stack trace:
#0 C:\xampp\htdocs\laravel\MTB_HMS_Booking_System\vendor\laravel\framework\src\Illuminate\Filesystem\Filesystem.php(584): Symfony\Component\Finder\Finder->in('C:\\xampp\\htdocs...')
#1 Command line code(1): Illuminate\Filesystem\Filesystem->files('C:\\xampp\\htdocs...')
#2 Command line code(1): getViews('C:\\xampp\\htdocs...', Object(Illuminate\Filesystem\Filesystem))
#3 {main}
  thrown {"exception":"[object] (Symfony\\Component\\ErrorHandler\\Error\\FatalError(code: 0): Uncaught Symfony\\Component\\Finder\\Exception\\DirectoryNotFoundException: The \"C:\\xampp\\htdocs\\laravel\\MTB_HMS_Booking_System\\MTB_Laravel\\MTB_Booking_System\\resources\\views\" directory does not exist. in C:\\xampp\\htdocs\\laravel\\MTB_HMS_Booking_System\\vendor\\symfony\\finder\\Finder.php:646
Stack trace:
#0 C:\\xampp\\htdocs\\laravel\\MTB_HMS_Booking_System\\vendor\\laravel\\framework\\src\\Illuminate\\Filesystem\\Filesystem.php(584): Symfony\\Component\\Finder\\Finder->in('C:\\\\xampp\\\\htdocs...')
#1 Command line code(1): Illuminate\\Filesystem\\Filesystem->files('C:\\\\xampp\\\\htdocs...')
#2 Command line code(1): getViews('C:\\\\xampp\\\\htdocs...', Object(Illuminate\\Filesystem\\Filesystem))
#3 {main}
  thrown at C:\\xampp\\htdocs\\laravel\\MTB_HMS_Booking_System\\vendor\\symfony\\finder\\Finder.php:646)
[stacktrace]
#0 {main}
"} 
[2025-04-21 12:35:43] local.ERROR: Uncaught Symfony\Component\Finder\Exception\DirectoryNotFoundException: The "C:\xampp\htdocs\laravel\MTB_HMS_Booking_System\MTB_Laravel\MTB_Booking_System\resources\views" directory does not exist. in C:\xampp\htdocs\laravel\MTB_HMS_Booking_System\vendor\symfony\finder\Finder.php:646
Stack trace:
#0 C:\xampp\htdocs\laravel\MTB_HMS_Booking_System\vendor\laravel\framework\src\Illuminate\Filesystem\Filesystem.php(584): Symfony\Component\Finder\Finder->in('C:\\xampp\\htdocs...')
#1 Command line code(1): Illuminate\Filesystem\Filesystem->files('C:\\xampp\\htdocs...')
#2 Command line code(1): getViews('C:\\xampp\\htdocs...', Object(Illuminate\Filesystem\Filesystem))
#3 {main}
  thrown {"exception":"[object] (Symfony\\Component\\ErrorHandler\\Error\\FatalError(code: 0): Uncaught Symfony\\Component\\Finder\\Exception\\DirectoryNotFoundException: The \"C:\\xampp\\htdocs\\laravel\\MTB_HMS_Booking_System\\MTB_Laravel\\MTB_Booking_System\\resources\\views\" directory does not exist. in C:\\xampp\\htdocs\\laravel\\MTB_HMS_Booking_System\\vendor\\symfony\\finder\\Finder.php:646
Stack trace:
#0 C:\\xampp\\htdocs\\laravel\\MTB_HMS_Booking_System\\vendor\\laravel\\framework\\src\\Illuminate\\Filesystem\\Filesystem.php(584): Symfony\\Component\\Finder\\Finder->in('C:\\\\xampp\\\\htdocs...')
#1 Command line code(1): Illuminate\\Filesystem\\Filesystem->files('C:\\\\xampp\\\\htdocs...')
#2 Command line code(1): getViews('C:\\\\xampp\\\\htdocs...', Object(Illuminate\\Filesystem\\Filesystem))
#3 {main}
  thrown at C:\\xampp\\htdocs\\laravel\\MTB_HMS_Booking_System\\vendor\\symfony\\finder\\Finder.php:646)
[stacktrace]
#0 {main}
"} 
[2025-04-21 12:35:44] local.ERROR: Uncaught Symfony\Component\Finder\Exception\DirectoryNotFoundException: The "C:\xampp\htdocs\laravel\MTB_HMS_Booking_System\MTB_Laravel\MTB_Booking_System\resources\views" directory does not exist. in C:\xampp\htdocs\laravel\MTB_HMS_Booking_System\vendor\symfony\finder\Finder.php:646
Stack trace:
#0 C:\xampp\htdocs\laravel\MTB_HMS_Booking_System\vendor\laravel\framework\src\Illuminate\Filesystem\Filesystem.php(584): Symfony\Component\Finder\Finder->in('C:\\xampp\\htdocs...')
#1 Command line code(1): Illuminate\Filesystem\Filesystem->files('C:\\xampp\\htdocs...')
#2 Command line code(1): getViews('C:\\xampp\\htdocs...', Object(Illuminate\Filesystem\Filesystem))
#3 {main}
  thrown {"exception":"[object] (Symfony\\Component\\ErrorHandler\\Error\\FatalError(code: 0): Uncaught Symfony\\Component\\Finder\\Exception\\DirectoryNotFoundException: The \"C:\\xampp\\htdocs\\laravel\\MTB_HMS_Booking_System\\MTB_Laravel\\MTB_Booking_System\\resources\\views\" directory does not exist. in C:\\xampp\\htdocs\\laravel\\MTB_HMS_Booking_System\\vendor\\symfony\\finder\\Finder.php:646
Stack trace:
#0 C:\\xampp\\htdocs\\laravel\\MTB_HMS_Booking_System\\vendor\\laravel\\framework\\src\\Illuminate\\Filesystem\\Filesystem.php(584): Symfony\\Component\\Finder\\Finder->in('C:\\\\xampp\\\\htdocs...')
#1 Command line code(1): Illuminate\\Filesystem\\Filesystem->files('C:\\\\xampp\\\\htdocs...')
#2 Command line code(1): getViews('C:\\\\xampp\\\\htdocs...', Object(Illuminate\\Filesystem\\Filesystem))
#3 {main}
  thrown at C:\\xampp\\htdocs\\laravel\\MTB_HMS_Booking_System\\vendor\\symfony\\finder\\Finder.php:646)
[stacktrace]
#0 {main}
"} 
[2025-04-21 12:35:47] local.ERROR: Uncaught Symfony\Component\Finder\Exception\DirectoryNotFoundException: The "C:\xampp\htdocs\laravel\MTB_HMS_Booking_System\MTB_Laravel\MTB_Booking_System\resources\views" directory does not exist. in C:\xampp\htdocs\laravel\MTB_HMS_Booking_System\vendor\symfony\finder\Finder.php:646
Stack trace:
#0 C:\xampp\htdocs\laravel\MTB_HMS_Booking_System\vendor\laravel\framework\src\Illuminate\Filesystem\Filesystem.php(584): Symfony\Component\Finder\Finder->in('C:\\xampp\\htdocs...')
#1 Command line code(1): Illuminate\Filesystem\Filesystem->files('C:\\xampp\\htdocs...')
#2 Command line code(1): getViews('C:\\xampp\\htdocs...', Object(Illuminate\Filesystem\Filesystem))
#3 {main}
  thrown {"exception":"[object] (Symfony\\Component\\ErrorHandler\\Error\\FatalError(code: 0): Uncaught Symfony\\Component\\Finder\\Exception\\DirectoryNotFoundException: The \"C:\\xampp\\htdocs\\laravel\\MTB_HMS_Booking_System\\MTB_Laravel\\MTB_Booking_System\\resources\\views\" directory does not exist. in C:\\xampp\\htdocs\\laravel\\MTB_HMS_Booking_System\\vendor\\symfony\\finder\\Finder.php:646
Stack trace:
#0 C:\\xampp\\htdocs\\laravel\\MTB_HMS_Booking_System\\vendor\\laravel\\framework\\src\\Illuminate\\Filesystem\\Filesystem.php(584): Symfony\\Component\\Finder\\Finder->in('C:\\\\xampp\\\\htdocs...')
#1 Command line code(1): Illuminate\\Filesystem\\Filesystem->files('C:\\\\xampp\\\\htdocs...')
#2 Command line code(1): getViews('C:\\\\xampp\\\\htdocs...', Object(Illuminate\\Filesystem\\Filesystem))
#3 {main}
  thrown at C:\\xampp\\htdocs\\laravel\\MTB_HMS_Booking_System\\vendor\\symfony\\finder\\Finder.php:646)
[stacktrace]
#0 {main}
"} 
[2025-04-21 12:35:48] local.ERROR: Uncaught Symfony\Component\Finder\Exception\DirectoryNotFoundException: The "C:\xampp\htdocs\laravel\MTB_HMS_Booking_System\MTB_Laravel\MTB_Booking_System\resources\views" directory does not exist. in C:\xampp\htdocs\laravel\MTB_HMS_Booking_System\vendor\symfony\finder\Finder.php:646
Stack trace:
#0 C:\xampp\htdocs\laravel\MTB_HMS_Booking_System\vendor\laravel\framework\src\Illuminate\Filesystem\Filesystem.php(584): Symfony\Component\Finder\Finder->in('C:\\xampp\\htdocs...')
#1 Command line code(1): Illuminate\Filesystem\Filesystem->files('C:\\xampp\\htdocs...')
#2 Command line code(1): getViews('C:\\xampp\\htdocs...', Object(Illuminate\Filesystem\Filesystem))
#3 {main}
  thrown {"exception":"[object] (Symfony\\Component\\ErrorHandler\\Error\\FatalError(code: 0): Uncaught Symfony\\Component\\Finder\\Exception\\DirectoryNotFoundException: The \"C:\\xampp\\htdocs\\laravel\\MTB_HMS_Booking_System\\MTB_Laravel\\MTB_Booking_System\\resources\\views\" directory does not exist. in C:\\xampp\\htdocs\\laravel\\MTB_HMS_Booking_System\\vendor\\symfony\\finder\\Finder.php:646
Stack trace:
#0 C:\\xampp\\htdocs\\laravel\\MTB_HMS_Booking_System\\vendor\\laravel\\framework\\src\\Illuminate\\Filesystem\\Filesystem.php(584): Symfony\\Component\\Finder\\Finder->in('C:\\\\xampp\\\\htdocs...')
#1 Command line code(1): Illuminate\\Filesystem\\Filesystem->files('C:\\\\xampp\\\\htdocs...')
#2 Command line code(1): getViews('C:\\\\xampp\\\\htdocs...', Object(Illuminate\\Filesystem\\Filesystem))
#3 {main}
  thrown at C:\\xampp\\htdocs\\laravel\\MTB_HMS_Booking_System\\vendor\\symfony\\finder\\Finder.php:646)
[stacktrace]
#0 {main}
"} 
[2025-04-21 12:35:49] local.ERROR: Uncaught Symfony\Component\Finder\Exception\DirectoryNotFoundException: The "C:\xampp\htdocs\laravel\MTB_HMS_Booking_System\MTB_Laravel\MTB_Booking_System\resources\views" directory does not exist. in C:\xampp\htdocs\laravel\MTB_HMS_Booking_System\vendor\symfony\finder\Finder.php:646
Stack trace:
#0 C:\xampp\htdocs\laravel\MTB_HMS_Booking_System\vendor\laravel\framework\src\Illuminate\Filesystem\Filesystem.php(584): Symfony\Component\Finder\Finder->in('C:\\xampp\\htdocs...')
#1 Command line code(1): Illuminate\Filesystem\Filesystem->files('C:\\xampp\\htdocs...')
#2 Command line code(1): getViews('C:\\xampp\\htdocs...', Object(Illuminate\Filesystem\Filesystem))
#3 {main}
  thrown {"exception":"[object] (Symfony\\Component\\ErrorHandler\\Error\\FatalError(code: 0): Uncaught Symfony\\Component\\Finder\\Exception\\DirectoryNotFoundException: The \"C:\\xampp\\htdocs\\laravel\\MTB_HMS_Booking_System\\MTB_Laravel\\MTB_Booking_System\\resources\\views\" directory does not exist. in C:\\xampp\\htdocs\\laravel\\MTB_HMS_Booking_System\\vendor\\symfony\\finder\\Finder.php:646
Stack trace:
#0 C:\\xampp\\htdocs\\laravel\\MTB_HMS_Booking_System\\vendor\\laravel\\framework\\src\\Illuminate\\Filesystem\\Filesystem.php(584): Symfony\\Component\\Finder\\Finder->in('C:\\\\xampp\\\\htdocs...')
#1 Command line code(1): Illuminate\\Filesystem\\Filesystem->files('C:\\\\xampp\\\\htdocs...')
#2 Command line code(1): getViews('C:\\\\xampp\\\\htdocs...', Object(Illuminate\\Filesystem\\Filesystem))
#3 {main}
  thrown at C:\\xampp\\htdocs\\laravel\\MTB_HMS_Booking_System\\vendor\\symfony\\finder\\Finder.php:646)
[stacktrace]
#0 {main}
"} 
[2025-04-21 12:35:52] local.ERROR: Uncaught Symfony\Component\Finder\Exception\DirectoryNotFoundException: The "C:\xampp\htdocs\laravel\MTB_HMS_Booking_System\MTB_Laravel\MTB_Booking_System\resources\views" directory does not exist. in C:\xampp\htdocs\laravel\MTB_HMS_Booking_System\vendor\symfony\finder\Finder.php:646
Stack trace:
#0 C:\xampp\htdocs\laravel\MTB_HMS_Booking_System\vendor\laravel\framework\src\Illuminate\Filesystem\Filesystem.php(584): Symfony\Component\Finder\Finder->in('C:\\xampp\\htdocs...')
#1 Command line code(1): Illuminate\Filesystem\Filesystem->files('C:\\xampp\\htdocs...')
#2 Command line code(1): getViews('C:\\xampp\\htdocs...', Object(Illuminate\Filesystem\Filesystem))
#3 {main}
  thrown {"exception":"[object] (Symfony\\Component\\ErrorHandler\\Error\\FatalError(code: 0): Uncaught Symfony\\Component\\Finder\\Exception\\DirectoryNotFoundException: The \"C:\\xampp\\htdocs\\laravel\\MTB_HMS_Booking_System\\MTB_Laravel\\MTB_Booking_System\\resources\\views\" directory does not exist. in C:\\xampp\\htdocs\\laravel\\MTB_HMS_Booking_System\\vendor\\symfony\\finder\\Finder.php:646
Stack trace:
#0 C:\\xampp\\htdocs\\laravel\\MTB_HMS_Booking_System\\vendor\\laravel\\framework\\src\\Illuminate\\Filesystem\\Filesystem.php(584): Symfony\\Component\\Finder\\Finder->in('C:\\\\xampp\\\\htdocs...')
#1 Command line code(1): Illuminate\\Filesystem\\Filesystem->files('C:\\\\xampp\\\\htdocs...')
#2 Command line code(1): getViews('C:\\\\xampp\\\\htdocs...', Object(Illuminate\\Filesystem\\Filesystem))
#3 {main}
  thrown at C:\\xampp\\htdocs\\laravel\\MTB_HMS_Booking_System\\vendor\\symfony\\finder\\Finder.php:646)
[stacktrace]
#0 {main}
"} 
[2025-04-21 12:35:53] local.ERROR: Uncaught Symfony\Component\Finder\Exception\DirectoryNotFoundException: The "C:\xampp\htdocs\laravel\MTB_HMS_Booking_System\MTB_Laravel\MTB_Booking_System\resources\views" directory does not exist. in C:\xampp\htdocs\laravel\MTB_HMS_Booking_System\vendor\symfony\finder\Finder.php:646
Stack trace:
#0 C:\xampp\htdocs\laravel\MTB_HMS_Booking_System\vendor\laravel\framework\src\Illuminate\Filesystem\Filesystem.php(584): Symfony\Component\Finder\Finder->in('C:\\xampp\\htdocs...')
#1 Command line code(1): Illuminate\Filesystem\Filesystem->files('C:\\xampp\\htdocs...')
#2 Command line code(1): getViews('C:\\xampp\\htdocs...', Object(Illuminate\Filesystem\Filesystem))
#3 {main}
  thrown {"exception":"[object] (Symfony\\Component\\ErrorHandler\\Error\\FatalError(code: 0): Uncaught Symfony\\Component\\Finder\\Exception\\DirectoryNotFoundException: The \"C:\\xampp\\htdocs\\laravel\\MTB_HMS_Booking_System\\MTB_Laravel\\MTB_Booking_System\\resources\\views\" directory does not exist. in C:\\xampp\\htdocs\\laravel\\MTB_HMS_Booking_System\\vendor\\symfony\\finder\\Finder.php:646
Stack trace:
#0 C:\\xampp\\htdocs\\laravel\\MTB_HMS_Booking_System\\vendor\\laravel\\framework\\src\\Illuminate\\Filesystem\\Filesystem.php(584): Symfony\\Component\\Finder\\Finder->in('C:\\\\xampp\\\\htdocs...')
#1 Command line code(1): Illuminate\\Filesystem\\Filesystem->files('C:\\\\xampp\\\\htdocs...')
#2 Command line code(1): getViews('C:\\\\xampp\\\\htdocs...', Object(Illuminate\\Filesystem\\Filesystem))
#3 {main}
  thrown at C:\\xampp\\htdocs\\laravel\\MTB_HMS_Booking_System\\vendor\\symfony\\finder\\Finder.php:646)
[stacktrace]
#0 {main}
"} 
[2025-04-21 12:35:54] local.ERROR: Uncaught Symfony\Component\Finder\Exception\DirectoryNotFoundException: The "C:\xampp\htdocs\laravel\MTB_HMS_Booking_System\MTB_Laravel\MTB_Booking_System\resources\views" directory does not exist. in C:\xampp\htdocs\laravel\MTB_HMS_Booking_System\vendor\symfony\finder\Finder.php:646
Stack trace:
#0 C:\xampp\htdocs\laravel\MTB_HMS_Booking_System\vendor\laravel\framework\src\Illuminate\Filesystem\Filesystem.php(584): Symfony\Component\Finder\Finder->in('C:\\xampp\\htdocs...')
#1 Command line code(1): Illuminate\Filesystem\Filesystem->files('C:\\xampp\\htdocs...')
#2 Command line code(1): getViews('C:\\xampp\\htdocs...', Object(Illuminate\Filesystem\Filesystem))
#3 {main}
  thrown {"exception":"[object] (Symfony\\Component\\ErrorHandler\\Error\\FatalError(code: 0): Uncaught Symfony\\Component\\Finder\\Exception\\DirectoryNotFoundException: The \"C:\\xampp\\htdocs\\laravel\\MTB_HMS_Booking_System\\MTB_Laravel\\MTB_Booking_System\\resources\\views\" directory does not exist. in C:\\xampp\\htdocs\\laravel\\MTB_HMS_Booking_System\\vendor\\symfony\\finder\\Finder.php:646
Stack trace:
#0 C:\\xampp\\htdocs\\laravel\\MTB_HMS_Booking_System\\vendor\\laravel\\framework\\src\\Illuminate\\Filesystem\\Filesystem.php(584): Symfony\\Component\\Finder\\Finder->in('C:\\\\xampp\\\\htdocs...')
#1 Command line code(1): Illuminate\\Filesystem\\Filesystem->files('C:\\\\xampp\\\\htdocs...')
#2 Command line code(1): getViews('C:\\\\xampp\\\\htdocs...', Object(Illuminate\\Filesystem\\Filesystem))
#3 {main}
  thrown at C:\\xampp\\htdocs\\laravel\\MTB_HMS_Booking_System\\vendor\\symfony\\finder\\Finder.php:646)
[stacktrace]
#0 {main}
"} 
[2025-04-21 12:35:54] local.ERROR: Uncaught Symfony\Component\Finder\Exception\DirectoryNotFoundException: The "C:\xampp\htdocs\laravel\MTB_HMS_Booking_System\MTB_Laravel\MTB_Booking_System\resources\views" directory does not exist. in C:\xampp\htdocs\laravel\MTB_HMS_Booking_System\vendor\symfony\finder\Finder.php:646
Stack trace:
#0 C:\xampp\htdocs\laravel\MTB_HMS_Booking_System\vendor\laravel\framework\src\Illuminate\Filesystem\Filesystem.php(584): Symfony\Component\Finder\Finder->in('C:\\xampp\\htdocs...')
#1 Command line code(1): Illuminate\Filesystem\Filesystem->files('C:\\xampp\\htdocs...')
#2 Command line code(1): getViews('C:\\xampp\\htdocs...', Object(Illuminate\Filesystem\Filesystem))
#3 {main}
  thrown {"exception":"[object] (Symfony\\Component\\ErrorHandler\\Error\\FatalError(code: 0): Uncaught Symfony\\Component\\Finder\\Exception\\DirectoryNotFoundException: The \"C:\\xampp\\htdocs\\laravel\\MTB_HMS_Booking_System\\MTB_Laravel\\MTB_Booking_System\\resources\\views\" directory does not exist. in C:\\xampp\\htdocs\\laravel\\MTB_HMS_Booking_System\\vendor\\symfony\\finder\\Finder.php:646
Stack trace:
#0 C:\\xampp\\htdocs\\laravel\\MTB_HMS_Booking_System\\vendor\\laravel\\framework\\src\\Illuminate\\Filesystem\\Filesystem.php(584): Symfony\\Component\\Finder\\Finder->in('C:\\\\xampp\\\\htdocs...')
#1 Command line code(1): Illuminate\\Filesystem\\Filesystem->files('C:\\\\xampp\\\\htdocs...')
#2 Command line code(1): getViews('C:\\\\xampp\\\\htdocs...', Object(Illuminate\\Filesystem\\Filesystem))
#3 {main}
  thrown at C:\\xampp\\htdocs\\laravel\\MTB_HMS_Booking_System\\vendor\\symfony\\finder\\Finder.php:646)
[stacktrace]
#0 {main}
"} 
[2025-04-21 12:35:57] local.ERROR: Uncaught Symfony\Component\Finder\Exception\DirectoryNotFoundException: The "C:\xampp\htdocs\laravel\MTB_HMS_Booking_System\MTB_Laravel\MTB_Booking_System\resources\views" directory does not exist. in C:\xampp\htdocs\laravel\MTB_HMS_Booking_System\vendor\symfony\finder\Finder.php:646
Stack trace:
#0 C:\xampp\htdocs\laravel\MTB_HMS_Booking_System\vendor\laravel\framework\src\Illuminate\Filesystem\Filesystem.php(584): Symfony\Component\Finder\Finder->in('C:\\xampp\\htdocs...')
#1 Command line code(1): Illuminate\Filesystem\Filesystem->files('C:\\xampp\\htdocs...')
#2 Command line code(1): getViews('C:\\xampp\\htdocs...', Object(Illuminate\Filesystem\Filesystem))
#3 {main}
  thrown {"exception":"[object] (Symfony\\Component\\ErrorHandler\\Error\\FatalError(code: 0): Uncaught Symfony\\Component\\Finder\\Exception\\DirectoryNotFoundException: The \"C:\\xampp\\htdocs\\laravel\\MTB_HMS_Booking_System\\MTB_Laravel\\MTB_Booking_System\\resources\\views\" directory does not exist. in C:\\xampp\\htdocs\\laravel\\MTB_HMS_Booking_System\\vendor\\symfony\\finder\\Finder.php:646
Stack trace:
#0 C:\\xampp\\htdocs\\laravel\\MTB_HMS_Booking_System\\vendor\\laravel\\framework\\src\\Illuminate\\Filesystem\\Filesystem.php(584): Symfony\\Component\\Finder\\Finder->in('C:\\\\xampp\\\\htdocs...')
#1 Command line code(1): Illuminate\\Filesystem\\Filesystem->files('C:\\\\xampp\\\\htdocs...')
#2 Command line code(1): getViews('C:\\\\xampp\\\\htdocs...', Object(Illuminate\\Filesystem\\Filesystem))
#3 {main}
  thrown at C:\\xampp\\htdocs\\laravel\\MTB_HMS_Booking_System\\vendor\\symfony\\finder\\Finder.php:646)
[stacktrace]
#0 {main}
"} 
[2025-04-21 12:35:58] local.ERROR: Uncaught Symfony\Component\Finder\Exception\DirectoryNotFoundException: The "C:\xampp\htdocs\laravel\MTB_HMS_Booking_System\MTB_Laravel\MTB_Booking_System\resources\views" directory does not exist. in C:\xampp\htdocs\laravel\MTB_HMS_Booking_System\vendor\symfony\finder\Finder.php:646
Stack trace:
#0 C:\xampp\htdocs\laravel\MTB_HMS_Booking_System\vendor\laravel\framework\src\Illuminate\Filesystem\Filesystem.php(584): Symfony\Component\Finder\Finder->in('C:\\xampp\\htdocs...')
#1 Command line code(1): Illuminate\Filesystem\Filesystem->files('C:\\xampp\\htdocs...')
#2 Command line code(1): getViews('C:\\xampp\\htdocs...', Object(Illuminate\Filesystem\Filesystem))
#3 {main}
  thrown {"exception":"[object] (Symfony\\Component\\ErrorHandler\\Error\\FatalError(code: 0): Uncaught Symfony\\Component\\Finder\\Exception\\DirectoryNotFoundException: The \"C:\\xampp\\htdocs\\laravel\\MTB_HMS_Booking_System\\MTB_Laravel\\MTB_Booking_System\\resources\\views\" directory does not exist. in C:\\xampp\\htdocs\\laravel\\MTB_HMS_Booking_System\\vendor\\symfony\\finder\\Finder.php:646
Stack trace:
#0 C:\\xampp\\htdocs\\laravel\\MTB_HMS_Booking_System\\vendor\\laravel\\framework\\src\\Illuminate\\Filesystem\\Filesystem.php(584): Symfony\\Component\\Finder\\Finder->in('C:\\\\xampp\\\\htdocs...')
#1 Command line code(1): Illuminate\\Filesystem\\Filesystem->files('C:\\\\xampp\\\\htdocs...')
#2 Command line code(1): getViews('C:\\\\xampp\\\\htdocs...', Object(Illuminate\\Filesystem\\Filesystem))
#3 {main}
  thrown at C:\\xampp\\htdocs\\laravel\\MTB_HMS_Booking_System\\vendor\\symfony\\finder\\Finder.php:646)
[stacktrace]
#0 {main}
"} 
[2025-04-21 12:35:59] local.ERROR: Uncaught Symfony\Component\Finder\Exception\DirectoryNotFoundException: The "C:\xampp\htdocs\laravel\MTB_HMS_Booking_System\MTB_Laravel\MTB_Booking_System\resources\views" directory does not exist. in C:\xampp\htdocs\laravel\MTB_HMS_Booking_System\vendor\symfony\finder\Finder.php:646
Stack trace:
#0 C:\xampp\htdocs\laravel\MTB_HMS_Booking_System\vendor\laravel\framework\src\Illuminate\Filesystem\Filesystem.php(584): Symfony\Component\Finder\Finder->in('C:\\xampp\\htdocs...')
#1 Command line code(1): Illuminate\Filesystem\Filesystem->files('C:\\xampp\\htdocs...')
#2 Command line code(1): getViews('C:\\xampp\\htdocs...', Object(Illuminate\Filesystem\Filesystem))
#3 {main}
  thrown {"exception":"[object] (Symfony\\Component\\ErrorHandler\\Error\\FatalError(code: 0): Uncaught Symfony\\Component\\Finder\\Exception\\DirectoryNotFoundException: The \"C:\\xampp\\htdocs\\laravel\\MTB_HMS_Booking_System\\MTB_Laravel\\MTB_Booking_System\\resources\\views\" directory does not exist. in C:\\xampp\\htdocs\\laravel\\MTB_HMS_Booking_System\\vendor\\symfony\\finder\\Finder.php:646
Stack trace:
#0 C:\\xampp\\htdocs\\laravel\\MTB_HMS_Booking_System\\vendor\\laravel\\framework\\src\\Illuminate\\Filesystem\\Filesystem.php(584): Symfony\\Component\\Finder\\Finder->in('C:\\\\xampp\\\\htdocs...')
#1 Command line code(1): Illuminate\\Filesystem\\Filesystem->files('C:\\\\xampp\\\\htdocs...')
#2 Command line code(1): getViews('C:\\\\xampp\\\\htdocs...', Object(Illuminate\\Filesystem\\Filesystem))
#3 {main}
  thrown at C:\\xampp\\htdocs\\laravel\\MTB_HMS_Booking_System\\vendor\\symfony\\finder\\Finder.php:646)
[stacktrace]
#0 {main}
"} 
[2025-04-21 12:36:00] local.ERROR: Uncaught Symfony\Component\Finder\Exception\DirectoryNotFoundException: The "C:\xampp\htdocs\laravel\MTB_HMS_Booking_System\MTB_Laravel\MTB_Booking_System\resources\views" directory does not exist. in C:\xampp\htdocs\laravel\MTB_HMS_Booking_System\vendor\symfony\finder\Finder.php:646
Stack trace:
#0 C:\xampp\htdocs\laravel\MTB_HMS_Booking_System\vendor\laravel\framework\src\Illuminate\Filesystem\Filesystem.php(584): Symfony\Component\Finder\Finder->in('C:\\xampp\\htdocs...')
#1 Command line code(1): Illuminate\Filesystem\Filesystem->files('C:\\xampp\\htdocs...')
#2 Command line code(1): getViews('C:\\xampp\\htdocs...', Object(Illuminate\Filesystem\Filesystem))
#3 {main}
  thrown {"exception":"[object] (Symfony\\Component\\ErrorHandler\\Error\\FatalError(code: 0): Uncaught Symfony\\Component\\Finder\\Exception\\DirectoryNotFoundException: The \"C:\\xampp\\htdocs\\laravel\\MTB_HMS_Booking_System\\MTB_Laravel\\MTB_Booking_System\\resources\\views\" directory does not exist. in C:\\xampp\\htdocs\\laravel\\MTB_HMS_Booking_System\\vendor\\symfony\\finder\\Finder.php:646
Stack trace:
#0 C:\\xampp\\htdocs\\laravel\\MTB_HMS_Booking_System\\vendor\\laravel\\framework\\src\\Illuminate\\Filesystem\\Filesystem.php(584): Symfony\\Component\\Finder\\Finder->in('C:\\\\xampp\\\\htdocs...')
#1 Command line code(1): Illuminate\\Filesystem\\Filesystem->files('C:\\\\xampp\\\\htdocs...')
#2 Command line code(1): getViews('C:\\\\xampp\\\\htdocs...', Object(Illuminate\\Filesystem\\Filesystem))
#3 {main}
  thrown at C:\\xampp\\htdocs\\laravel\\MTB_HMS_Booking_System\\vendor\\symfony\\finder\\Finder.php:646)
[stacktrace]
#0 {main}
"} 
[2025-04-21 12:36:02] local.ERROR: Uncaught Symfony\Component\Finder\Exception\DirectoryNotFoundException: The "C:\xampp\htdocs\laravel\MTB_HMS_Booking_System\MTB_Laravel\MTB_Booking_System\resources\views" directory does not exist. in C:\xampp\htdocs\laravel\MTB_HMS_Booking_System\vendor\symfony\finder\Finder.php:646
Stack trace:
#0 C:\xampp\htdocs\laravel\MTB_HMS_Booking_System\vendor\laravel\framework\src\Illuminate\Filesystem\Filesystem.php(584): Symfony\Component\Finder\Finder->in('C:\\xampp\\htdocs...')
#1 Command line code(1): Illuminate\Filesystem\Filesystem->files('C:\\xampp\\htdocs...')
#2 Command line code(1): getViews('C:\\xampp\\htdocs...', Object(Illuminate\Filesystem\Filesystem))
#3 {main}
  thrown {"exception":"[object] (Symfony\\Component\\ErrorHandler\\Error\\FatalError(code: 0): Uncaught Symfony\\Component\\Finder\\Exception\\DirectoryNotFoundException: The \"C:\\xampp\\htdocs\\laravel\\MTB_HMS_Booking_System\\MTB_Laravel\\MTB_Booking_System\\resources\\views\" directory does not exist. in C:\\xampp\\htdocs\\laravel\\MTB_HMS_Booking_System\\vendor\\symfony\\finder\\Finder.php:646
Stack trace:
#0 C:\\xampp\\htdocs\\laravel\\MTB_HMS_Booking_System\\vendor\\laravel\\framework\\src\\Illuminate\\Filesystem\\Filesystem.php(584): Symfony\\Component\\Finder\\Finder->in('C:\\\\xampp\\\\htdocs...')
#1 Command line code(1): Illuminate\\Filesystem\\Filesystem->files('C:\\\\xampp\\\\htdocs...')
#2 Command line code(1): getViews('C:\\\\xampp\\\\htdocs...', Object(Illuminate\\Filesystem\\Filesystem))
#3 {main}
  thrown at C:\\xampp\\htdocs\\laravel\\MTB_HMS_Booking_System\\vendor\\symfony\\finder\\Finder.php:646)
[stacktrace]
#0 {main}
"} 
[2025-04-21 12:36:03] local.ERROR: Uncaught Symfony\Component\Finder\Exception\DirectoryNotFoundException: The "C:\xampp\htdocs\laravel\MTB_HMS_Booking_System\MTB_Laravel\MTB_Booking_System\resources\views" directory does not exist. in C:\xampp\htdocs\laravel\MTB_HMS_Booking_System\vendor\symfony\finder\Finder.php:646
Stack trace:
#0 C:\xampp\htdocs\laravel\MTB_HMS_Booking_System\vendor\laravel\framework\src\Illuminate\Filesystem\Filesystem.php(584): Symfony\Component\Finder\Finder->in('C:\\xampp\\htdocs...')
#1 Command line code(1): Illuminate\Filesystem\Filesystem->files('C:\\xampp\\htdocs...')
#2 Command line code(1): getViews('C:\\xampp\\htdocs...', Object(Illuminate\Filesystem\Filesystem))
#3 {main}
  thrown {"exception":"[object] (Symfony\\Component\\ErrorHandler\\Error\\FatalError(code: 0): Uncaught Symfony\\Component\\Finder\\Exception\\DirectoryNotFoundException: The \"C:\\xampp\\htdocs\\laravel\\MTB_HMS_Booking_System\\MTB_Laravel\\MTB_Booking_System\\resources\\views\" directory does not exist. in C:\\xampp\\htdocs\\laravel\\MTB_HMS_Booking_System\\vendor\\symfony\\finder\\Finder.php:646
Stack trace:
#0 C:\\xampp\\htdocs\\laravel\\MTB_HMS_Booking_System\\vendor\\laravel\\framework\\src\\Illuminate\\Filesystem\\Filesystem.php(584): Symfony\\Component\\Finder\\Finder->in('C:\\\\xampp\\\\htdocs...')
#1 Command line code(1): Illuminate\\Filesystem\\Filesystem->files('C:\\\\xampp\\\\htdocs...')
#2 Command line code(1): getViews('C:\\\\xampp\\\\htdocs...', Object(Illuminate\\Filesystem\\Filesystem))
#3 {main}
  thrown at C:\\xampp\\htdocs\\laravel\\MTB_HMS_Booking_System\\vendor\\symfony\\finder\\Finder.php:646)
[stacktrace]
#0 {main}
"} 
[2025-04-21 12:36:04] local.ERROR: Uncaught Symfony\Component\Finder\Exception\DirectoryNotFoundException: The "C:\xampp\htdocs\laravel\MTB_HMS_Booking_System\MTB_Laravel\MTB_Booking_System\resources\views" directory does not exist. in C:\xampp\htdocs\laravel\MTB_HMS_Booking_System\vendor\symfony\finder\Finder.php:646
Stack trace:
#0 C:\xampp\htdocs\laravel\MTB_HMS_Booking_System\vendor\laravel\framework\src\Illuminate\Filesystem\Filesystem.php(584): Symfony\Component\Finder\Finder->in('C:\\xampp\\htdocs...')
#1 Command line code(1): Illuminate\Filesystem\Filesystem->files('C:\\xampp\\htdocs...')
#2 Command line code(1): getViews('C:\\xampp\\htdocs...', Object(Illuminate\Filesystem\Filesystem))
#3 {main}
  thrown {"exception":"[object] (Symfony\\Component\\ErrorHandler\\Error\\FatalError(code: 0): Uncaught Symfony\\Component\\Finder\\Exception\\DirectoryNotFoundException: The \"C:\\xampp\\htdocs\\laravel\\MTB_HMS_Booking_System\\MTB_Laravel\\MTB_Booking_System\\resources\\views\" directory does not exist. in C:\\xampp\\htdocs\\laravel\\MTB_HMS_Booking_System\\vendor\\symfony\\finder\\Finder.php:646
Stack trace:
#0 C:\\xampp\\htdocs\\laravel\\MTB_HMS_Booking_System\\vendor\\laravel\\framework\\src\\Illuminate\\Filesystem\\Filesystem.php(584): Symfony\\Component\\Finder\\Finder->in('C:\\\\xampp\\\\htdocs...')
#1 Command line code(1): Illuminate\\Filesystem\\Filesystem->files('C:\\\\xampp\\\\htdocs...')
#2 Command line code(1): getViews('C:\\\\xampp\\\\htdocs...', Object(Illuminate\\Filesystem\\Filesystem))
#3 {main}
  thrown at C:\\xampp\\htdocs\\laravel\\MTB_HMS_Booking_System\\vendor\\symfony\\finder\\Finder.php:646)
[stacktrace]
#0 {main}
"} 
[2025-04-21 12:36:05] local.ERROR: Uncaught Symfony\Component\Finder\Exception\DirectoryNotFoundException: The "C:\xampp\htdocs\laravel\MTB_HMS_Booking_System\MTB_Laravel\MTB_Booking_System\resources\views" directory does not exist. in C:\xampp\htdocs\laravel\MTB_HMS_Booking_System\vendor\symfony\finder\Finder.php:646
Stack trace:
#0 C:\xampp\htdocs\laravel\MTB_HMS_Booking_System\vendor\laravel\framework\src\Illuminate\Filesystem\Filesystem.php(584): Symfony\Component\Finder\Finder->in('C:\\xampp\\htdocs...')
#1 Command line code(1): Illuminate\Filesystem\Filesystem->files('C:\\xampp\\htdocs...')
#2 Command line code(1): getViews('C:\\xampp\\htdocs...', Object(Illuminate\Filesystem\Filesystem))
#3 {main}
  thrown {"exception":"[object] (Symfony\\Component\\ErrorHandler\\Error\\FatalError(code: 0): Uncaught Symfony\\Component\\Finder\\Exception\\DirectoryNotFoundException: The \"C:\\xampp\\htdocs\\laravel\\MTB_HMS_Booking_System\\MTB_Laravel\\MTB_Booking_System\\resources\\views\" directory does not exist. in C:\\xampp\\htdocs\\laravel\\MTB_HMS_Booking_System\\vendor\\symfony\\finder\\Finder.php:646
Stack trace:
#0 C:\\xampp\\htdocs\\laravel\\MTB_HMS_Booking_System\\vendor\\laravel\\framework\\src\\Illuminate\\Filesystem\\Filesystem.php(584): Symfony\\Component\\Finder\\Finder->in('C:\\\\xampp\\\\htdocs...')
#1 Command line code(1): Illuminate\\Filesystem\\Filesystem->files('C:\\\\xampp\\\\htdocs...')
#2 Command line code(1): getViews('C:\\\\xampp\\\\htdocs...', Object(Illuminate\\Filesystem\\Filesystem))
#3 {main}
  thrown at C:\\xampp\\htdocs\\laravel\\MTB_HMS_Booking_System\\vendor\\symfony\\finder\\Finder.php:646)
[stacktrace]
#0 {main}
"} 
[2025-04-21 12:36:07] local.ERROR: Uncaught Symfony\Component\Finder\Exception\DirectoryNotFoundException: The "C:\xampp\htdocs\laravel\MTB_HMS_Booking_System\MTB_Laravel\MTB_Booking_System\resources\views" directory does not exist. in C:\xampp\htdocs\laravel\MTB_HMS_Booking_System\vendor\symfony\finder\Finder.php:646
Stack trace:
#0 C:\xampp\htdocs\laravel\MTB_HMS_Booking_System\vendor\laravel\framework\src\Illuminate\Filesystem\Filesystem.php(584): Symfony\Component\Finder\Finder->in('C:\\xampp\\htdocs...')
#1 Command line code(1): Illuminate\Filesystem\Filesystem->files('C:\\xampp\\htdocs...')
#2 Command line code(1): getViews('C:\\xampp\\htdocs...', Object(Illuminate\Filesystem\Filesystem))
#3 {main}
  thrown {"exception":"[object] (Symfony\\Component\\ErrorHandler\\Error\\FatalError(code: 0): Uncaught Symfony\\Component\\Finder\\Exception\\DirectoryNotFoundException: The \"C:\\xampp\\htdocs\\laravel\\MTB_HMS_Booking_System\\MTB_Laravel\\MTB_Booking_System\\resources\\views\" directory does not exist. in C:\\xampp\\htdocs\\laravel\\MTB_HMS_Booking_System\\vendor\\symfony\\finder\\Finder.php:646
Stack trace:
#0 C:\\xampp\\htdocs\\laravel\\MTB_HMS_Booking_System\\vendor\\laravel\\framework\\src\\Illuminate\\Filesystem\\Filesystem.php(584): Symfony\\Component\\Finder\\Finder->in('C:\\\\xampp\\\\htdocs...')
#1 Command line code(1): Illuminate\\Filesystem\\Filesystem->files('C:\\\\xampp\\\\htdocs...')
#2 Command line code(1): getViews('C:\\\\xampp\\\\htdocs...', Object(Illuminate\\Filesystem\\Filesystem))
#3 {main}
  thrown at C:\\xampp\\htdocs\\laravel\\MTB_HMS_Booking_System\\vendor\\symfony\\finder\\Finder.php:646)
[stacktrace]
#0 {main}
"} 
[2025-04-21 12:36:08] local.ERROR: Uncaught Symfony\Component\Finder\Exception\DirectoryNotFoundException: The "C:\xampp\htdocs\laravel\MTB_HMS_Booking_System\MTB_Laravel\MTB_Booking_System\resources\views" directory does not exist. in C:\xampp\htdocs\laravel\MTB_HMS_Booking_System\vendor\symfony\finder\Finder.php:646
Stack trace:
#0 C:\xampp\htdocs\laravel\MTB_HMS_Booking_System\vendor\laravel\framework\src\Illuminate\Filesystem\Filesystem.php(584): Symfony\Component\Finder\Finder->in('C:\\xampp\\htdocs...')
#1 Command line code(1): Illuminate\Filesystem\Filesystem->files('C:\\xampp\\htdocs...')
#2 Command line code(1): getViews('C:\\xampp\\htdocs...', Object(Illuminate\Filesystem\Filesystem))
#3 {main}
  thrown {"exception":"[object] (Symfony\\Component\\ErrorHandler\\Error\\FatalError(code: 0): Uncaught Symfony\\Component\\Finder\\Exception\\DirectoryNotFoundException: The \"C:\\xampp\\htdocs\\laravel\\MTB_HMS_Booking_System\\MTB_Laravel\\MTB_Booking_System\\resources\\views\" directory does not exist. in C:\\xampp\\htdocs\\laravel\\MTB_HMS_Booking_System\\vendor\\symfony\\finder\\Finder.php:646
Stack trace:
#0 C:\\xampp\\htdocs\\laravel\\MTB_HMS_Booking_System\\vendor\\laravel\\framework\\src\\Illuminate\\Filesystem\\Filesystem.php(584): Symfony\\Component\\Finder\\Finder->in('C:\\\\xampp\\\\htdocs...')
#1 Command line code(1): Illuminate\\Filesystem\\Filesystem->files('C:\\\\xampp\\\\htdocs...')
#2 Command line code(1): getViews('C:\\\\xampp\\\\htdocs...', Object(Illuminate\\Filesystem\\Filesystem))
#3 {main}
  thrown at C:\\xampp\\htdocs\\laravel\\MTB_HMS_Booking_System\\vendor\\symfony\\finder\\Finder.php:646)
[stacktrace]
#0 {main}
"} 
[2025-04-21 12:36:09] local.ERROR: Uncaught Symfony\Component\Finder\Exception\DirectoryNotFoundException: The "C:\xampp\htdocs\laravel\MTB_HMS_Booking_System\MTB_Laravel\MTB_Booking_System\resources\views" directory does not exist. in C:\xampp\htdocs\laravel\MTB_HMS_Booking_System\vendor\symfony\finder\Finder.php:646
Stack trace:
#0 C:\xampp\htdocs\laravel\MTB_HMS_Booking_System\vendor\laravel\framework\src\Illuminate\Filesystem\Filesystem.php(584): Symfony\Component\Finder\Finder->in('C:\\xampp\\htdocs...')
#1 Command line code(1): Illuminate\Filesystem\Filesystem->files('C:\\xampp\\htdocs...')
#2 Command line code(1): getViews('C:\\xampp\\htdocs...', Object(Illuminate\Filesystem\Filesystem))
#3 {main}
  thrown {"exception":"[object] (Symfony\\Component\\ErrorHandler\\Error\\FatalError(code: 0): Uncaught Symfony\\Component\\Finder\\Exception\\DirectoryNotFoundException: The \"C:\\xampp\\htdocs\\laravel\\MTB_HMS_Booking_System\\MTB_Laravel\\MTB_Booking_System\\resources\\views\" directory does not exist. in C:\\xampp\\htdocs\\laravel\\MTB_HMS_Booking_System\\vendor\\symfony\\finder\\Finder.php:646
Stack trace:
#0 C:\\xampp\\htdocs\\laravel\\MTB_HMS_Booking_System\\vendor\\laravel\\framework\\src\\Illuminate\\Filesystem\\Filesystem.php(584): Symfony\\Component\\Finder\\Finder->in('C:\\\\xampp\\\\htdocs...')
#1 Command line code(1): Illuminate\\Filesystem\\Filesystem->files('C:\\\\xampp\\\\htdocs...')
#2 Command line code(1): getViews('C:\\\\xampp\\\\htdocs...', Object(Illuminate\\Filesystem\\Filesystem))
#3 {main}
  thrown at C:\\xampp\\htdocs\\laravel\\MTB_HMS_Booking_System\\vendor\\symfony\\finder\\Finder.php:646)
[stacktrace]
#0 {main}
"} 
[2025-04-21 12:36:11] local.ERROR: Uncaught Symfony\Component\Finder\Exception\DirectoryNotFoundException: The "C:\xampp\htdocs\laravel\MTB_HMS_Booking_System\MTB_Laravel\MTB_Booking_System\resources\views" directory does not exist. in C:\xampp\htdocs\laravel\MTB_HMS_Booking_System\vendor\symfony\finder\Finder.php:646
Stack trace:
#0 C:\xampp\htdocs\laravel\MTB_HMS_Booking_System\vendor\laravel\framework\src\Illuminate\Filesystem\Filesystem.php(584): Symfony\Component\Finder\Finder->in('C:\\xampp\\htdocs...')
#1 Command line code(1): Illuminate\Filesystem\Filesystem->files('C:\\xampp\\htdocs...')
#2 Command line code(1): getViews('C:\\xampp\\htdocs...', Object(Illuminate\Filesystem\Filesystem))
#3 {main}
  thrown {"exception":"[object] (Symfony\\Component\\ErrorHandler\\Error\\FatalError(code: 0): Uncaught Symfony\\Component\\Finder\\Exception\\DirectoryNotFoundException: The \"C:\\xampp\\htdocs\\laravel\\MTB_HMS_Booking_System\\MTB_Laravel\\MTB_Booking_System\\resources\\views\" directory does not exist. in C:\\xampp\\htdocs\\laravel\\MTB_HMS_Booking_System\\vendor\\symfony\\finder\\Finder.php:646
Stack trace:
#0 C:\\xampp\\htdocs\\laravel\\MTB_HMS_Booking_System\\vendor\\laravel\\framework\\src\\Illuminate\\Filesystem\\Filesystem.php(584): Symfony\\Component\\Finder\\Finder->in('C:\\\\xampp\\\\htdocs...')
#1 Command line code(1): Illuminate\\Filesystem\\Filesystem->files('C:\\\\xampp\\\\htdocs...')
#2 Command line code(1): getViews('C:\\\\xampp\\\\htdocs...', Object(Illuminate\\Filesystem\\Filesystem))
#3 {main}
  thrown at C:\\xampp\\htdocs\\laravel\\MTB_HMS_Booking_System\\vendor\\symfony\\finder\\Finder.php:646)
[stacktrace]
#0 {main}
"} 
[2025-04-21 12:36:12] local.ERROR: Uncaught Symfony\Component\Finder\Exception\DirectoryNotFoundException: The "C:\xampp\htdocs\laravel\MTB_HMS_Booking_System\MTB_Laravel\MTB_Booking_System\resources\views" directory does not exist. in C:\xampp\htdocs\laravel\MTB_HMS_Booking_System\vendor\symfony\finder\Finder.php:646
Stack trace:
#0 C:\xampp\htdocs\laravel\MTB_HMS_Booking_System\vendor\laravel\framework\src\Illuminate\Filesystem\Filesystem.php(584): Symfony\Component\Finder\Finder->in('C:\\xampp\\htdocs...')
#1 Command line code(1): Illuminate\Filesystem\Filesystem->files('C:\\xampp\\htdocs...')
#2 Command line code(1): getViews('C:\\xampp\\htdocs...', Object(Illuminate\Filesystem\Filesystem))
#3 {main}
  thrown {"exception":"[object] (Symfony\\Component\\ErrorHandler\\Error\\FatalError(code: 0): Uncaught Symfony\\Component\\Finder\\Exception\\DirectoryNotFoundException: The \"C:\\xampp\\htdocs\\laravel\\MTB_HMS_Booking_System\\MTB_Laravel\\MTB_Booking_System\\resources\\views\" directory does not exist. in C:\\xampp\\htdocs\\laravel\\MTB_HMS_Booking_System\\vendor\\symfony\\finder\\Finder.php:646
Stack trace:
#0 C:\\xampp\\htdocs\\laravel\\MTB_HMS_Booking_System\\vendor\\laravel\\framework\\src\\Illuminate\\Filesystem\\Filesystem.php(584): Symfony\\Component\\Finder\\Finder->in('C:\\\\xampp\\\\htdocs...')
#1 Command line code(1): Illuminate\\Filesystem\\Filesystem->files('C:\\\\xampp\\\\htdocs...')
#2 Command line code(1): getViews('C:\\\\xampp\\\\htdocs...', Object(Illuminate\\Filesystem\\Filesystem))
#3 {main}
  thrown at C:\\xampp\\htdocs\\laravel\\MTB_HMS_Booking_System\\vendor\\symfony\\finder\\Finder.php:646)
[stacktrace]
#0 {main}
"} 
[2025-04-21 12:36:14] local.ERROR: Uncaught Symfony\Component\Finder\Exception\DirectoryNotFoundException: The "C:\xampp\htdocs\laravel\MTB_HMS_Booking_System\MTB_Laravel\MTB_Booking_System\resources\views" directory does not exist. in C:\xampp\htdocs\laravel\MTB_HMS_Booking_System\vendor\symfony\finder\Finder.php:646
Stack trace:
#0 C:\xampp\htdocs\laravel\MTB_HMS_Booking_System\vendor\laravel\framework\src\Illuminate\Filesystem\Filesystem.php(584): Symfony\Component\Finder\Finder->in('C:\\xampp\\htdocs...')
#1 Command line code(1): Illuminate\Filesystem\Filesystem->files('C:\\xampp\\htdocs...')
#2 Command line code(1): getViews('C:\\xampp\\htdocs...', Object(Illuminate\Filesystem\Filesystem))
#3 {main}
  thrown {"exception":"[object] (Symfony\\Component\\ErrorHandler\\Error\\FatalError(code: 0): Uncaught Symfony\\Component\\Finder\\Exception\\DirectoryNotFoundException: The \"C:\\xampp\\htdocs\\laravel\\MTB_HMS_Booking_System\\MTB_Laravel\\MTB_Booking_System\\resources\\views\" directory does not exist. in C:\\xampp\\htdocs\\laravel\\MTB_HMS_Booking_System\\vendor\\symfony\\finder\\Finder.php:646
Stack trace:
#0 C:\\xampp\\htdocs\\laravel\\MTB_HMS_Booking_System\\vendor\\laravel\\framework\\src\\Illuminate\\Filesystem\\Filesystem.php(584): Symfony\\Component\\Finder\\Finder->in('C:\\\\xampp\\\\htdocs...')
#1 Command line code(1): Illuminate\\Filesystem\\Filesystem->files('C:\\\\xampp\\\\htdocs...')
#2 Command line code(1): getViews('C:\\\\xampp\\\\htdocs...', Object(Illuminate\\Filesystem\\Filesystem))
#3 {main}
  thrown at C:\\xampp\\htdocs\\laravel\\MTB_HMS_Booking_System\\vendor\\symfony\\finder\\Finder.php:646)
[stacktrace]
#0 {main}
"} 
[2025-04-21 12:36:16] local.ERROR: Uncaught Symfony\Component\Finder\Exception\DirectoryNotFoundException: The "C:\xampp\htdocs\laravel\MTB_HMS_Booking_System\MTB_Laravel\MTB_Booking_System\resources\views" directory does not exist. in C:\xampp\htdocs\laravel\MTB_HMS_Booking_System\vendor\symfony\finder\Finder.php:646
Stack trace:
#0 C:\xampp\htdocs\laravel\MTB_HMS_Booking_System\vendor\laravel\framework\src\Illuminate\Filesystem\Filesystem.php(584): Symfony\Component\Finder\Finder->in('C:\\xampp\\htdocs...')
#1 Command line code(1): Illuminate\Filesystem\Filesystem->files('C:\\xampp\\htdocs...')
#2 Command line code(1): getViews('C:\\xampp\\htdocs...', Object(Illuminate\Filesystem\Filesystem))
#3 {main}
  thrown {"exception":"[object] (Symfony\\Component\\ErrorHandler\\Error\\FatalError(code: 0): Uncaught Symfony\\Component\\Finder\\Exception\\DirectoryNotFoundException: The \"C:\\xampp\\htdocs\\laravel\\MTB_HMS_Booking_System\\MTB_Laravel\\MTB_Booking_System\\resources\\views\" directory does not exist. in C:\\xampp\\htdocs\\laravel\\MTB_HMS_Booking_System\\vendor\\symfony\\finder\\Finder.php:646
Stack trace:
#0 C:\\xampp\\htdocs\\laravel\\MTB_HMS_Booking_System\\vendor\\laravel\\framework\\src\\Illuminate\\Filesystem\\Filesystem.php(584): Symfony\\Component\\Finder\\Finder->in('C:\\\\xampp\\\\htdocs...')
#1 Command line code(1): Illuminate\\Filesystem\\Filesystem->files('C:\\\\xampp\\\\htdocs...')
#2 Command line code(1): getViews('C:\\\\xampp\\\\htdocs...', Object(Illuminate\\Filesystem\\Filesystem))
#3 {main}
  thrown at C:\\xampp\\htdocs\\laravel\\MTB_HMS_Booking_System\\vendor\\symfony\\finder\\Finder.php:646)
[stacktrace]
#0 {main}
"} 
[2025-04-21 12:36:17] local.ERROR: Uncaught Symfony\Component\Finder\Exception\DirectoryNotFoundException: The "C:\xampp\htdocs\laravel\MTB_HMS_Booking_System\MTB_Laravel\MTB_Booking_System\resources\views" directory does not exist. in C:\xampp\htdocs\laravel\MTB_HMS_Booking_System\vendor\symfony\finder\Finder.php:646
Stack trace:
#0 C:\xampp\htdocs\laravel\MTB_HMS_Booking_System\vendor\laravel\framework\src\Illuminate\Filesystem\Filesystem.php(584): Symfony\Component\Finder\Finder->in('C:\\xampp\\htdocs...')
#1 Command line code(1): Illuminate\Filesystem\Filesystem->files('C:\\xampp\\htdocs...')
#2 Command line code(1): getViews('C:\\xampp\\htdocs...', Object(Illuminate\Filesystem\Filesystem))
#3 {main}
  thrown {"exception":"[object] (Symfony\\Component\\ErrorHandler\\Error\\FatalError(code: 0): Uncaught Symfony\\Component\\Finder\\Exception\\DirectoryNotFoundException: The \"C:\\xampp\\htdocs\\laravel\\MTB_HMS_Booking_System\\MTB_Laravel\\MTB_Booking_System\\resources\\views\" directory does not exist. in C:\\xampp\\htdocs\\laravel\\MTB_HMS_Booking_System\\vendor\\symfony\\finder\\Finder.php:646
Stack trace:
#0 C:\\xampp\\htdocs\\laravel\\MTB_HMS_Booking_System\\vendor\\laravel\\framework\\src\\Illuminate\\Filesystem\\Filesystem.php(584): Symfony\\Component\\Finder\\Finder->in('C:\\\\xampp\\\\htdocs...')
#1 Command line code(1): Illuminate\\Filesystem\\Filesystem->files('C:\\\\xampp\\\\htdocs...')
#2 Command line code(1): getViews('C:\\\\xampp\\\\htdocs...', Object(Illuminate\\Filesystem\\Filesystem))
#3 {main}
  thrown at C:\\xampp\\htdocs\\laravel\\MTB_HMS_Booking_System\\vendor\\symfony\\finder\\Finder.php:646)
[stacktrace]
#0 {main}
"} 
[2025-04-21 12:36:19] local.ERROR: Uncaught Symfony\Component\Finder\Exception\DirectoryNotFoundException: The "C:\xampp\htdocs\laravel\MTB_HMS_Booking_System\MTB_Laravel\MTB_Booking_System\resources\views" directory does not exist. in C:\xampp\htdocs\laravel\MTB_HMS_Booking_System\vendor\symfony\finder\Finder.php:646
Stack trace:
#0 C:\xampp\htdocs\laravel\MTB_HMS_Booking_System\vendor\laravel\framework\src\Illuminate\Filesystem\Filesystem.php(584): Symfony\Component\Finder\Finder->in('C:\\xampp\\htdocs...')
#1 Command line code(1): Illuminate\Filesystem\Filesystem->files('C:\\xampp\\htdocs...')
#2 Command line code(1): getViews('C:\\xampp\\htdocs...', Object(Illuminate\Filesystem\Filesystem))
#3 {main}
  thrown {"exception":"[object] (Symfony\\Component\\ErrorHandler\\Error\\FatalError(code: 0): Uncaught Symfony\\Component\\Finder\\Exception\\DirectoryNotFoundException: The \"C:\\xampp\\htdocs\\laravel\\MTB_HMS_Booking_System\\MTB_Laravel\\MTB_Booking_System\\resources\\views\" directory does not exist. in C:\\xampp\\htdocs\\laravel\\MTB_HMS_Booking_System\\vendor\\symfony\\finder\\Finder.php:646
Stack trace:
#0 C:\\xampp\\htdocs\\laravel\\MTB_HMS_Booking_System\\vendor\\laravel\\framework\\src\\Illuminate\\Filesystem\\Filesystem.php(584): Symfony\\Component\\Finder\\Finder->in('C:\\\\xampp\\\\htdocs...')
#1 Command line code(1): Illuminate\\Filesystem\\Filesystem->files('C:\\\\xampp\\\\htdocs...')
#2 Command line code(1): getViews('C:\\\\xampp\\\\htdocs...', Object(Illuminate\\Filesystem\\Filesystem))
#3 {main}
  thrown at C:\\xampp\\htdocs\\laravel\\MTB_HMS_Booking_System\\vendor\\symfony\\finder\\Finder.php:646)
[stacktrace]
#0 {main}
"} 
[2025-04-21 12:36:22] local.ERROR: Uncaught Symfony\Component\Finder\Exception\DirectoryNotFoundException: The "C:\xampp\htdocs\laravel\MTB_HMS_Booking_System\MTB_Laravel\MTB_Booking_System\resources\views" directory does not exist. in C:\xampp\htdocs\laravel\MTB_HMS_Booking_System\vendor\symfony\finder\Finder.php:646
Stack trace:
#0 C:\xampp\htdocs\laravel\MTB_HMS_Booking_System\vendor\laravel\framework\src\Illuminate\Filesystem\Filesystem.php(584): Symfony\Component\Finder\Finder->in('C:\\xampp\\htdocs...')
#1 Command line code(1): Illuminate\Filesystem\Filesystem->files('C:\\xampp\\htdocs...')
#2 Command line code(1): getViews('C:\\xampp\\htdocs...', Object(Illuminate\Filesystem\Filesystem))
#3 {main}
  thrown {"exception":"[object] (Symfony\\Component\\ErrorHandler\\Error\\FatalError(code: 0): Uncaught Symfony\\Component\\Finder\\Exception\\DirectoryNotFoundException: The \"C:\\xampp\\htdocs\\laravel\\MTB_HMS_Booking_System\\MTB_Laravel\\MTB_Booking_System\\resources\\views\" directory does not exist. in C:\\xampp\\htdocs\\laravel\\MTB_HMS_Booking_System\\vendor\\symfony\\finder\\Finder.php:646
Stack trace:
#0 C:\\xampp\\htdocs\\laravel\\MTB_HMS_Booking_System\\vendor\\laravel\\framework\\src\\Illuminate\\Filesystem\\Filesystem.php(584): Symfony\\Component\\Finder\\Finder->in('C:\\\\xampp\\\\htdocs...')
#1 Command line code(1): Illuminate\\Filesystem\\Filesystem->files('C:\\\\xampp\\\\htdocs...')
#2 Command line code(1): getViews('C:\\\\xampp\\\\htdocs...', Object(Illuminate\\Filesystem\\Filesystem))
#3 {main}
  thrown at C:\\xampp\\htdocs\\laravel\\MTB_HMS_Booking_System\\vendor\\symfony\\finder\\Finder.php:646)
[stacktrace]
#0 {main}
"} 
[2025-04-21 12:36:23] local.ERROR: Uncaught Symfony\Component\Finder\Exception\DirectoryNotFoundException: The "C:\xampp\htdocs\laravel\MTB_HMS_Booking_System\MTB_Laravel\MTB_Booking_System\resources\views" directory does not exist. in C:\xampp\htdocs\laravel\MTB_HMS_Booking_System\vendor\symfony\finder\Finder.php:646
Stack trace:
#0 C:\xampp\htdocs\laravel\MTB_HMS_Booking_System\vendor\laravel\framework\src\Illuminate\Filesystem\Filesystem.php(584): Symfony\Component\Finder\Finder->in('C:\\xampp\\htdocs...')
#1 Command line code(1): Illuminate\Filesystem\Filesystem->files('C:\\xampp\\htdocs...')
#2 Command line code(1): getViews('C:\\xampp\\htdocs...', Object(Illuminate\Filesystem\Filesystem))
#3 {main}
  thrown {"exception":"[object] (Symfony\\Component\\ErrorHandler\\Error\\FatalError(code: 0): Uncaught Symfony\\Component\\Finder\\Exception\\DirectoryNotFoundException: The \"C:\\xampp\\htdocs\\laravel\\MTB_HMS_Booking_System\\MTB_Laravel\\MTB_Booking_System\\resources\\views\" directory does not exist. in C:\\xampp\\htdocs\\laravel\\MTB_HMS_Booking_System\\vendor\\symfony\\finder\\Finder.php:646
Stack trace:
#0 C:\\xampp\\htdocs\\laravel\\MTB_HMS_Booking_System\\vendor\\laravel\\framework\\src\\Illuminate\\Filesystem\\Filesystem.php(584): Symfony\\Component\\Finder\\Finder->in('C:\\\\xampp\\\\htdocs...')
#1 Command line code(1): Illuminate\\Filesystem\\Filesystem->files('C:\\\\xampp\\\\htdocs...')
#2 Command line code(1): getViews('C:\\\\xampp\\\\htdocs...', Object(Illuminate\\Filesystem\\Filesystem))
#3 {main}
  thrown at C:\\xampp\\htdocs\\laravel\\MTB_HMS_Booking_System\\vendor\\symfony\\finder\\Finder.php:646)
[stacktrace]
#0 {main}
"} 
[2025-04-21 12:36:24] local.ERROR: Uncaught Symfony\Component\Finder\Exception\DirectoryNotFoundException: The "C:\xampp\htdocs\laravel\MTB_HMS_Booking_System\MTB_Laravel\MTB_Booking_System\resources\views" directory does not exist. in C:\xampp\htdocs\laravel\MTB_HMS_Booking_System\vendor\symfony\finder\Finder.php:646
Stack trace:
#0 C:\xampp\htdocs\laravel\MTB_HMS_Booking_System\vendor\laravel\framework\src\Illuminate\Filesystem\Filesystem.php(584): Symfony\Component\Finder\Finder->in('C:\\xampp\\htdocs...')
#1 Command line code(1): Illuminate\Filesystem\Filesystem->files('C:\\xampp\\htdocs...')
#2 Command line code(1): getViews('C:\\xampp\\htdocs...', Object(Illuminate\Filesystem\Filesystem))
#3 {main}
  thrown {"exception":"[object] (Symfony\\Component\\ErrorHandler\\Error\\FatalError(code: 0): Uncaught Symfony\\Component\\Finder\\Exception\\DirectoryNotFoundException: The \"C:\\xampp\\htdocs\\laravel\\MTB_HMS_Booking_System\\MTB_Laravel\\MTB_Booking_System\\resources\\views\" directory does not exist. in C:\\xampp\\htdocs\\laravel\\MTB_HMS_Booking_System\\vendor\\symfony\\finder\\Finder.php:646
Stack trace:
#0 C:\\xampp\\htdocs\\laravel\\MTB_HMS_Booking_System\\vendor\\laravel\\framework\\src\\Illuminate\\Filesystem\\Filesystem.php(584): Symfony\\Component\\Finder\\Finder->in('C:\\\\xampp\\\\htdocs...')
#1 Command line code(1): Illuminate\\Filesystem\\Filesystem->files('C:\\\\xampp\\\\htdocs...')
#2 Command line code(1): getViews('C:\\\\xampp\\\\htdocs...', Object(Illuminate\\Filesystem\\Filesystem))
#3 {main}
  thrown at C:\\xampp\\htdocs\\laravel\\MTB_HMS_Booking_System\\vendor\\symfony\\finder\\Finder.php:646)
[stacktrace]
#0 {main}
"} 
[2025-04-21 12:36:27] local.ERROR: Uncaught Symfony\Component\Finder\Exception\DirectoryNotFoundException: The "C:\xampp\htdocs\laravel\MTB_HMS_Booking_System\MTB_Laravel\MTB_Booking_System\resources\views" directory does not exist. in C:\xampp\htdocs\laravel\MTB_HMS_Booking_System\vendor\symfony\finder\Finder.php:646
Stack trace:
#0 C:\xampp\htdocs\laravel\MTB_HMS_Booking_System\vendor\laravel\framework\src\Illuminate\Filesystem\Filesystem.php(584): Symfony\Component\Finder\Finder->in('C:\\xampp\\htdocs...')
#1 Command line code(1): Illuminate\Filesystem\Filesystem->files('C:\\xampp\\htdocs...')
#2 Command line code(1): getViews('C:\\xampp\\htdocs...', Object(Illuminate\Filesystem\Filesystem))
#3 {main}
  thrown {"exception":"[object] (Symfony\\Component\\ErrorHandler\\Error\\FatalError(code: 0): Uncaught Symfony\\Component\\Finder\\Exception\\DirectoryNotFoundException: The \"C:\\xampp\\htdocs\\laravel\\MTB_HMS_Booking_System\\MTB_Laravel\\MTB_Booking_System\\resources\\views\" directory does not exist. in C:\\xampp\\htdocs\\laravel\\MTB_HMS_Booking_System\\vendor\\symfony\\finder\\Finder.php:646
Stack trace:
#0 C:\\xampp\\htdocs\\laravel\\MTB_HMS_Booking_System\\vendor\\laravel\\framework\\src\\Illuminate\\Filesystem\\Filesystem.php(584): Symfony\\Component\\Finder\\Finder->in('C:\\\\xampp\\\\htdocs...')
#1 Command line code(1): Illuminate\\Filesystem\\Filesystem->files('C:\\\\xampp\\\\htdocs...')
#2 Command line code(1): getViews('C:\\\\xampp\\\\htdocs...', Object(Illuminate\\Filesystem\\Filesystem))
#3 {main}
  thrown at C:\\xampp\\htdocs\\laravel\\MTB_HMS_Booking_System\\vendor\\symfony\\finder\\Finder.php:646)
[stacktrace]
#0 {main}
"} 
[2025-04-21 12:36:29] local.ERROR: Uncaught Symfony\Component\Finder\Exception\DirectoryNotFoundException: The "C:\xampp\htdocs\laravel\MTB_HMS_Booking_System\MTB_Laravel\MTB_Booking_System\resources\views" directory does not exist. in C:\xampp\htdocs\laravel\MTB_HMS_Booking_System\vendor\symfony\finder\Finder.php:646
Stack trace:
#0 C:\xampp\htdocs\laravel\MTB_HMS_Booking_System\vendor\laravel\framework\src\Illuminate\Filesystem\Filesystem.php(584): Symfony\Component\Finder\Finder->in('C:\\xampp\\htdocs...')
#1 Command line code(1): Illuminate\Filesystem\Filesystem->files('C:\\xampp\\htdocs...')
#2 Command line code(1): getViews('C:\\xampp\\htdocs...', Object(Illuminate\Filesystem\Filesystem))
#3 {main}
  thrown {"exception":"[object] (Symfony\\Component\\ErrorHandler\\Error\\FatalError(code: 0): Uncaught Symfony\\Component\\Finder\\Exception\\DirectoryNotFoundException: The \"C:\\xampp\\htdocs\\laravel\\MTB_HMS_Booking_System\\MTB_Laravel\\MTB_Booking_System\\resources\\views\" directory does not exist. in C:\\xampp\\htdocs\\laravel\\MTB_HMS_Booking_System\\vendor\\symfony\\finder\\Finder.php:646
Stack trace:
#0 C:\\xampp\\htdocs\\laravel\\MTB_HMS_Booking_System\\vendor\\laravel\\framework\\src\\Illuminate\\Filesystem\\Filesystem.php(584): Symfony\\Component\\Finder\\Finder->in('C:\\\\xampp\\\\htdocs...')
#1 Command line code(1): Illuminate\\Filesystem\\Filesystem->files('C:\\\\xampp\\\\htdocs...')
#2 Command line code(1): getViews('C:\\\\xampp\\\\htdocs...', Object(Illuminate\\Filesystem\\Filesystem))
#3 {main}
  thrown at C:\\xampp\\htdocs\\laravel\\MTB_HMS_Booking_System\\vendor\\symfony\\finder\\Finder.php:646)
[stacktrace]
#0 {main}
"} 
[2025-04-21 12:36:29] local.ERROR: Uncaught Symfony\Component\Finder\Exception\DirectoryNotFoundException: The "C:\xampp\htdocs\laravel\MTB_HMS_Booking_System\MTB_Laravel\MTB_Booking_System\resources\views" directory does not exist. in C:\xampp\htdocs\laravel\MTB_HMS_Booking_System\vendor\symfony\finder\Finder.php:646
Stack trace:
#0 C:\xampp\htdocs\laravel\MTB_HMS_Booking_System\vendor\laravel\framework\src\Illuminate\Filesystem\Filesystem.php(584): Symfony\Component\Finder\Finder->in('C:\\xampp\\htdocs...')
#1 Command line code(1): Illuminate\Filesystem\Filesystem->files('C:\\xampp\\htdocs...')
#2 Command line code(1): getViews('C:\\xampp\\htdocs...', Object(Illuminate\Filesystem\Filesystem))
#3 {main}
  thrown {"exception":"[object] (Symfony\\Component\\ErrorHandler\\Error\\FatalError(code: 0): Uncaught Symfony\\Component\\Finder\\Exception\\DirectoryNotFoundException: The \"C:\\xampp\\htdocs\\laravel\\MTB_HMS_Booking_System\\MTB_Laravel\\MTB_Booking_System\\resources\\views\" directory does not exist. in C:\\xampp\\htdocs\\laravel\\MTB_HMS_Booking_System\\vendor\\symfony\\finder\\Finder.php:646
Stack trace:
#0 C:\\xampp\\htdocs\\laravel\\MTB_HMS_Booking_System\\vendor\\laravel\\framework\\src\\Illuminate\\Filesystem\\Filesystem.php(584): Symfony\\Component\\Finder\\Finder->in('C:\\\\xampp\\\\htdocs...')
#1 Command line code(1): Illuminate\\Filesystem\\Filesystem->files('C:\\\\xampp\\\\htdocs...')
#2 Command line code(1): getViews('C:\\\\xampp\\\\htdocs...', Object(Illuminate\\Filesystem\\Filesystem))
#3 {main}
  thrown at C:\\xampp\\htdocs\\laravel\\MTB_HMS_Booking_System\\vendor\\symfony\\finder\\Finder.php:646)
[stacktrace]
#0 {main}
"} 
[2025-04-21 12:36:32] local.ERROR: Uncaught Symfony\Component\Finder\Exception\DirectoryNotFoundException: The "C:\xampp\htdocs\laravel\MTB_HMS_Booking_System\MTB_Laravel\MTB_Booking_System\resources\views" directory does not exist. in C:\xampp\htdocs\laravel\MTB_HMS_Booking_System\vendor\symfony\finder\Finder.php:646
Stack trace:
#0 C:\xampp\htdocs\laravel\MTB_HMS_Booking_System\vendor\laravel\framework\src\Illuminate\Filesystem\Filesystem.php(584): Symfony\Component\Finder\Finder->in('C:\\xampp\\htdocs...')
#1 Command line code(1): Illuminate\Filesystem\Filesystem->files('C:\\xampp\\htdocs...')
#2 Command line code(1): getViews('C:\\xampp\\htdocs...', Object(Illuminate\Filesystem\Filesystem))
#3 {main}
  thrown {"exception":"[object] (Symfony\\Component\\ErrorHandler\\Error\\FatalError(code: 0): Uncaught Symfony\\Component\\Finder\\Exception\\DirectoryNotFoundException: The \"C:\\xampp\\htdocs\\laravel\\MTB_HMS_Booking_System\\MTB_Laravel\\MTB_Booking_System\\resources\\views\" directory does not exist. in C:\\xampp\\htdocs\\laravel\\MTB_HMS_Booking_System\\vendor\\symfony\\finder\\Finder.php:646
Stack trace:
#0 C:\\xampp\\htdocs\\laravel\\MTB_HMS_Booking_System\\vendor\\laravel\\framework\\src\\Illuminate\\Filesystem\\Filesystem.php(584): Symfony\\Component\\Finder\\Finder->in('C:\\\\xampp\\\\htdocs...')
#1 Command line code(1): Illuminate\\Filesystem\\Filesystem->files('C:\\\\xampp\\\\htdocs...')
#2 Command line code(1): getViews('C:\\\\xampp\\\\htdocs...', Object(Illuminate\\Filesystem\\Filesystem))
#3 {main}
  thrown at C:\\xampp\\htdocs\\laravel\\MTB_HMS_Booking_System\\vendor\\symfony\\finder\\Finder.php:646)
[stacktrace]
#0 {main}
"} 
[2025-04-21 12:36:33] local.ERROR: Uncaught Symfony\Component\Finder\Exception\DirectoryNotFoundException: The "C:\xampp\htdocs\laravel\MTB_HMS_Booking_System\MTB_Laravel\MTB_Booking_System\resources\views" directory does not exist. in C:\xampp\htdocs\laravel\MTB_HMS_Booking_System\vendor\symfony\finder\Finder.php:646
Stack trace:
#0 C:\xampp\htdocs\laravel\MTB_HMS_Booking_System\vendor\laravel\framework\src\Illuminate\Filesystem\Filesystem.php(584): Symfony\Component\Finder\Finder->in('C:\\xampp\\htdocs...')
#1 Command line code(1): Illuminate\Filesystem\Filesystem->files('C:\\xampp\\htdocs...')
#2 Command line code(1): getViews('C:\\xampp\\htdocs...', Object(Illuminate\Filesystem\Filesystem))
#3 {main}
  thrown {"exception":"[object] (Symfony\\Component\\ErrorHandler\\Error\\FatalError(code: 0): Uncaught Symfony\\Component\\Finder\\Exception\\DirectoryNotFoundException: The \"C:\\xampp\\htdocs\\laravel\\MTB_HMS_Booking_System\\MTB_Laravel\\MTB_Booking_System\\resources\\views\" directory does not exist. in C:\\xampp\\htdocs\\laravel\\MTB_HMS_Booking_System\\vendor\\symfony\\finder\\Finder.php:646
Stack trace:
#0 C:\\xampp\\htdocs\\laravel\\MTB_HMS_Booking_System\\vendor\\laravel\\framework\\src\\Illuminate\\Filesystem\\Filesystem.php(584): Symfony\\Component\\Finder\\Finder->in('C:\\\\xampp\\\\htdocs...')
#1 Command line code(1): Illuminate\\Filesystem\\Filesystem->files('C:\\\\xampp\\\\htdocs...')
#2 Command line code(1): getViews('C:\\\\xampp\\\\htdocs...', Object(Illuminate\\Filesystem\\Filesystem))
#3 {main}
  thrown at C:\\xampp\\htdocs\\laravel\\MTB_HMS_Booking_System\\vendor\\symfony\\finder\\Finder.php:646)
[stacktrace]
#0 {main}
"} 
[2025-04-21 12:36:34] local.ERROR: Uncaught Symfony\Component\Finder\Exception\DirectoryNotFoundException: The "C:\xampp\htdocs\laravel\MTB_HMS_Booking_System\MTB_Laravel\MTB_Booking_System\resources\views" directory does not exist. in C:\xampp\htdocs\laravel\MTB_HMS_Booking_System\vendor\symfony\finder\Finder.php:646
Stack trace:
#0 C:\xampp\htdocs\laravel\MTB_HMS_Booking_System\vendor\laravel\framework\src\Illuminate\Filesystem\Filesystem.php(584): Symfony\Component\Finder\Finder->in('C:\\xampp\\htdocs...')
#1 Command line code(1): Illuminate\Filesystem\Filesystem->files('C:\\xampp\\htdocs...')
#2 Command line code(1): getViews('C:\\xampp\\htdocs...', Object(Illuminate\Filesystem\Filesystem))
#3 {main}
  thrown {"exception":"[object] (Symfony\\Component\\ErrorHandler\\Error\\FatalError(code: 0): Uncaught Symfony\\Component\\Finder\\Exception\\DirectoryNotFoundException: The \"C:\\xampp\\htdocs\\laravel\\MTB_HMS_Booking_System\\MTB_Laravel\\MTB_Booking_System\\resources\\views\" directory does not exist. in C:\\xampp\\htdocs\\laravel\\MTB_HMS_Booking_System\\vendor\\symfony\\finder\\Finder.php:646
Stack trace:
#0 C:\\xampp\\htdocs\\laravel\\MTB_HMS_Booking_System\\vendor\\laravel\\framework\\src\\Illuminate\\Filesystem\\Filesystem.php(584): Symfony\\Component\\Finder\\Finder->in('C:\\\\xampp\\\\htdocs...')
#1 Command line code(1): Illuminate\\Filesystem\\Filesystem->files('C:\\\\xampp\\\\htdocs...')
#2 Command line code(1): getViews('C:\\\\xampp\\\\htdocs...', Object(Illuminate\\Filesystem\\Filesystem))
#3 {main}
  thrown at C:\\xampp\\htdocs\\laravel\\MTB_HMS_Booking_System\\vendor\\symfony\\finder\\Finder.php:646)
[stacktrace]
#0 {main}
"} 
[2025-04-21 12:36:34] local.ERROR: Uncaught Symfony\Component\Finder\Exception\DirectoryNotFoundException: The "C:\xampp\htdocs\laravel\MTB_HMS_Booking_System\MTB_Laravel\MTB_Booking_System\resources\views" directory does not exist. in C:\xampp\htdocs\laravel\MTB_HMS_Booking_System\vendor\symfony\finder\Finder.php:646
Stack trace:
#0 C:\xampp\htdocs\laravel\MTB_HMS_Booking_System\vendor\laravel\framework\src\Illuminate\Filesystem\Filesystem.php(584): Symfony\Component\Finder\Finder->in('C:\\xampp\\htdocs...')
#1 Command line code(1): Illuminate\Filesystem\Filesystem->files('C:\\xampp\\htdocs...')
#2 Command line code(1): getViews('C:\\xampp\\htdocs...', Object(Illuminate\Filesystem\Filesystem))
#3 {main}
  thrown {"exception":"[object] (Symfony\\Component\\ErrorHandler\\Error\\FatalError(code: 0): Uncaught Symfony\\Component\\Finder\\Exception\\DirectoryNotFoundException: The \"C:\\xampp\\htdocs\\laravel\\MTB_HMS_Booking_System\\MTB_Laravel\\MTB_Booking_System\\resources\\views\" directory does not exist. in C:\\xampp\\htdocs\\laravel\\MTB_HMS_Booking_System\\vendor\\symfony\\finder\\Finder.php:646
Stack trace:
#0 C:\\xampp\\htdocs\\laravel\\MTB_HMS_Booking_System\\vendor\\laravel\\framework\\src\\Illuminate\\Filesystem\\Filesystem.php(584): Symfony\\Component\\Finder\\Finder->in('C:\\\\xampp\\\\htdocs...')
#1 Command line code(1): Illuminate\\Filesystem\\Filesystem->files('C:\\\\xampp\\\\htdocs...')
#2 Command line code(1): getViews('C:\\\\xampp\\\\htdocs...', Object(Illuminate\\Filesystem\\Filesystem))
#3 {main}
  thrown at C:\\xampp\\htdocs\\laravel\\MTB_HMS_Booking_System\\vendor\\symfony\\finder\\Finder.php:646)
[stacktrace]
#0 {main}
"} 
[2025-04-21 12:36:37] local.ERROR: Uncaught Symfony\Component\Finder\Exception\DirectoryNotFoundException: The "C:\xampp\htdocs\laravel\MTB_HMS_Booking_System\MTB_Laravel\MTB_Booking_System\resources\views" directory does not exist. in C:\xampp\htdocs\laravel\MTB_HMS_Booking_System\vendor\symfony\finder\Finder.php:646
Stack trace:
#0 C:\xampp\htdocs\laravel\MTB_HMS_Booking_System\vendor\laravel\framework\src\Illuminate\Filesystem\Filesystem.php(584): Symfony\Component\Finder\Finder->in('C:\\xampp\\htdocs...')
#1 Command line code(1): Illuminate\Filesystem\Filesystem->files('C:\\xampp\\htdocs...')
#2 Command line code(1): getViews('C:\\xampp\\htdocs...', Object(Illuminate\Filesystem\Filesystem))
#3 {main}
  thrown {"exception":"[object] (Symfony\\Component\\ErrorHandler\\Error\\FatalError(code: 0): Uncaught Symfony\\Component\\Finder\\Exception\\DirectoryNotFoundException: The \"C:\\xampp\\htdocs\\laravel\\MTB_HMS_Booking_System\\MTB_Laravel\\MTB_Booking_System\\resources\\views\" directory does not exist. in C:\\xampp\\htdocs\\laravel\\MTB_HMS_Booking_System\\vendor\\symfony\\finder\\Finder.php:646
Stack trace:
#0 C:\\xampp\\htdocs\\laravel\\MTB_HMS_Booking_System\\vendor\\laravel\\framework\\src\\Illuminate\\Filesystem\\Filesystem.php(584): Symfony\\Component\\Finder\\Finder->in('C:\\\\xampp\\\\htdocs...')
#1 Command line code(1): Illuminate\\Filesystem\\Filesystem->files('C:\\\\xampp\\\\htdocs...')
#2 Command line code(1): getViews('C:\\\\xampp\\\\htdocs...', Object(Illuminate\\Filesystem\\Filesystem))
#3 {main}
  thrown at C:\\xampp\\htdocs\\laravel\\MTB_HMS_Booking_System\\vendor\\symfony\\finder\\Finder.php:646)
[stacktrace]
#0 {main}
"} 
[2025-04-21 12:36:38] local.ERROR: Uncaught Symfony\Component\Finder\Exception\DirectoryNotFoundException: The "C:\xampp\htdocs\laravel\MTB_HMS_Booking_System\MTB_Laravel\MTB_Booking_System\resources\views" directory does not exist. in C:\xampp\htdocs\laravel\MTB_HMS_Booking_System\vendor\symfony\finder\Finder.php:646
Stack trace:
#0 C:\xampp\htdocs\laravel\MTB_HMS_Booking_System\vendor\laravel\framework\src\Illuminate\Filesystem\Filesystem.php(584): Symfony\Component\Finder\Finder->in('C:\\xampp\\htdocs...')
#1 Command line code(1): Illuminate\Filesystem\Filesystem->files('C:\\xampp\\htdocs...')
#2 Command line code(1): getViews('C:\\xampp\\htdocs...', Object(Illuminate\Filesystem\Filesystem))
#3 {main}
  thrown {"exception":"[object] (Symfony\\Component\\ErrorHandler\\Error\\FatalError(code: 0): Uncaught Symfony\\Component\\Finder\\Exception\\DirectoryNotFoundException: The \"C:\\xampp\\htdocs\\laravel\\MTB_HMS_Booking_System\\MTB_Laravel\\MTB_Booking_System\\resources\\views\" directory does not exist. in C:\\xampp\\htdocs\\laravel\\MTB_HMS_Booking_System\\vendor\\symfony\\finder\\Finder.php:646
Stack trace:
#0 C:\\xampp\\htdocs\\laravel\\MTB_HMS_Booking_System\\vendor\\laravel\\framework\\src\\Illuminate\\Filesystem\\Filesystem.php(584): Symfony\\Component\\Finder\\Finder->in('C:\\\\xampp\\\\htdocs...')
#1 Command line code(1): Illuminate\\Filesystem\\Filesystem->files('C:\\\\xampp\\\\htdocs...')
#2 Command line code(1): getViews('C:\\\\xampp\\\\htdocs...', Object(Illuminate\\Filesystem\\Filesystem))
#3 {main}
  thrown at C:\\xampp\\htdocs\\laravel\\MTB_HMS_Booking_System\\vendor\\symfony\\finder\\Finder.php:646)
[stacktrace]
#0 {main}
"} 
[2025-04-21 12:36:39] local.ERROR: Uncaught Symfony\Component\Finder\Exception\DirectoryNotFoundException: The "C:\xampp\htdocs\laravel\MTB_HMS_Booking_System\MTB_Laravel\MTB_Booking_System\resources\views" directory does not exist. in C:\xampp\htdocs\laravel\MTB_HMS_Booking_System\vendor\symfony\finder\Finder.php:646
Stack trace:
#0 C:\xampp\htdocs\laravel\MTB_HMS_Booking_System\vendor\laravel\framework\src\Illuminate\Filesystem\Filesystem.php(584): Symfony\Component\Finder\Finder->in('C:\\xampp\\htdocs...')
#1 Command line code(1): Illuminate\Filesystem\Filesystem->files('C:\\xampp\\htdocs...')
#2 Command line code(1): getViews('C:\\xampp\\htdocs...', Object(Illuminate\Filesystem\Filesystem))
#3 {main}
  thrown {"exception":"[object] (Symfony\\Component\\ErrorHandler\\Error\\FatalError(code: 0): Uncaught Symfony\\Component\\Finder\\Exception\\DirectoryNotFoundException: The \"C:\\xampp\\htdocs\\laravel\\MTB_HMS_Booking_System\\MTB_Laravel\\MTB_Booking_System\\resources\\views\" directory does not exist. in C:\\xampp\\htdocs\\laravel\\MTB_HMS_Booking_System\\vendor\\symfony\\finder\\Finder.php:646
Stack trace:
#0 C:\\xampp\\htdocs\\laravel\\MTB_HMS_Booking_System\\vendor\\laravel\\framework\\src\\Illuminate\\Filesystem\\Filesystem.php(584): Symfony\\Component\\Finder\\Finder->in('C:\\\\xampp\\\\htdocs...')
#1 Command line code(1): Illuminate\\Filesystem\\Filesystem->files('C:\\\\xampp\\\\htdocs...')
#2 Command line code(1): getViews('C:\\\\xampp\\\\htdocs...', Object(Illuminate\\Filesystem\\Filesystem))
#3 {main}
  thrown at C:\\xampp\\htdocs\\laravel\\MTB_HMS_Booking_System\\vendor\\symfony\\finder\\Finder.php:646)
[stacktrace]
#0 {main}
"} 
[2025-04-21 12:36:42] local.ERROR: Uncaught Symfony\Component\Finder\Exception\DirectoryNotFoundException: The "C:\xampp\htdocs\laravel\MTB_HMS_Booking_System\MTB_Laravel\MTB_Booking_System\resources\views" directory does not exist. in C:\xampp\htdocs\laravel\MTB_HMS_Booking_System\vendor\symfony\finder\Finder.php:646
Stack trace:
#0 C:\xampp\htdocs\laravel\MTB_HMS_Booking_System\vendor\laravel\framework\src\Illuminate\Filesystem\Filesystem.php(584): Symfony\Component\Finder\Finder->in('C:\\xampp\\htdocs...')
#1 Command line code(1): Illuminate\Filesystem\Filesystem->files('C:\\xampp\\htdocs...')
#2 Command line code(1): getViews('C:\\xampp\\htdocs...', Object(Illuminate\Filesystem\Filesystem))
#3 {main}
  thrown {"exception":"[object] (Symfony\\Component\\ErrorHandler\\Error\\FatalError(code: 0): Uncaught Symfony\\Component\\Finder\\Exception\\DirectoryNotFoundException: The \"C:\\xampp\\htdocs\\laravel\\MTB_HMS_Booking_System\\MTB_Laravel\\MTB_Booking_System\\resources\\views\" directory does not exist. in C:\\xampp\\htdocs\\laravel\\MTB_HMS_Booking_System\\vendor\\symfony\\finder\\Finder.php:646
Stack trace:
#0 C:\\xampp\\htdocs\\laravel\\MTB_HMS_Booking_System\\vendor\\laravel\\framework\\src\\Illuminate\\Filesystem\\Filesystem.php(584): Symfony\\Component\\Finder\\Finder->in('C:\\\\xampp\\\\htdocs...')
#1 Command line code(1): Illuminate\\Filesystem\\Filesystem->files('C:\\\\xampp\\\\htdocs...')
#2 Command line code(1): getViews('C:\\\\xampp\\\\htdocs...', Object(Illuminate\\Filesystem\\Filesystem))
#3 {main}
  thrown at C:\\xampp\\htdocs\\laravel\\MTB_HMS_Booking_System\\vendor\\symfony\\finder\\Finder.php:646)
[stacktrace]
#0 {main}
"} 
[2025-04-21 12:36:43] local.ERROR: Uncaught Symfony\Component\Finder\Exception\DirectoryNotFoundException: The "C:\xampp\htdocs\laravel\MTB_HMS_Booking_System\MTB_Laravel\MTB_Booking_System\resources\views" directory does not exist. in C:\xampp\htdocs\laravel\MTB_HMS_Booking_System\vendor\symfony\finder\Finder.php:646
Stack trace:
#0 C:\xampp\htdocs\laravel\MTB_HMS_Booking_System\vendor\laravel\framework\src\Illuminate\Filesystem\Filesystem.php(584): Symfony\Component\Finder\Finder->in('C:\\xampp\\htdocs...')
#1 Command line code(1): Illuminate\Filesystem\Filesystem->files('C:\\xampp\\htdocs...')
#2 Command line code(1): getViews('C:\\xampp\\htdocs...', Object(Illuminate\Filesystem\Filesystem))
#3 {main}
  thrown {"exception":"[object] (Symfony\\Component\\ErrorHandler\\Error\\FatalError(code: 0): Uncaught Symfony\\Component\\Finder\\Exception\\DirectoryNotFoundException: The \"C:\\xampp\\htdocs\\laravel\\MTB_HMS_Booking_System\\MTB_Laravel\\MTB_Booking_System\\resources\\views\" directory does not exist. in C:\\xampp\\htdocs\\laravel\\MTB_HMS_Booking_System\\vendor\\symfony\\finder\\Finder.php:646
Stack trace:
#0 C:\\xampp\\htdocs\\laravel\\MTB_HMS_Booking_System\\vendor\\laravel\\framework\\src\\Illuminate\\Filesystem\\Filesystem.php(584): Symfony\\Component\\Finder\\Finder->in('C:\\\\xampp\\\\htdocs...')
#1 Command line code(1): Illuminate\\Filesystem\\Filesystem->files('C:\\\\xampp\\\\htdocs...')
#2 Command line code(1): getViews('C:\\\\xampp\\\\htdocs...', Object(Illuminate\\Filesystem\\Filesystem))
#3 {main}
  thrown at C:\\xampp\\htdocs\\laravel\\MTB_HMS_Booking_System\\vendor\\symfony\\finder\\Finder.php:646)
[stacktrace]
#0 {main}
"} 
[2025-04-21 12:36:44] local.ERROR: Uncaught Symfony\Component\Finder\Exception\DirectoryNotFoundException: The "C:\xampp\htdocs\laravel\MTB_HMS_Booking_System\MTB_Laravel\MTB_Booking_System\resources\views" directory does not exist. in C:\xampp\htdocs\laravel\MTB_HMS_Booking_System\vendor\symfony\finder\Finder.php:646
Stack trace:
#0 C:\xampp\htdocs\laravel\MTB_HMS_Booking_System\vendor\laravel\framework\src\Illuminate\Filesystem\Filesystem.php(584): Symfony\Component\Finder\Finder->in('C:\\xampp\\htdocs...')
#1 Command line code(1): Illuminate\Filesystem\Filesystem->files('C:\\xampp\\htdocs...')
#2 Command line code(1): getViews('C:\\xampp\\htdocs...', Object(Illuminate\Filesystem\Filesystem))
#3 {main}
  thrown {"exception":"[object] (Symfony\\Component\\ErrorHandler\\Error\\FatalError(code: 0): Uncaught Symfony\\Component\\Finder\\Exception\\DirectoryNotFoundException: The \"C:\\xampp\\htdocs\\laravel\\MTB_HMS_Booking_System\\MTB_Laravel\\MTB_Booking_System\\resources\\views\" directory does not exist. in C:\\xampp\\htdocs\\laravel\\MTB_HMS_Booking_System\\vendor\\symfony\\finder\\Finder.php:646
Stack trace:
#0 C:\\xampp\\htdocs\\laravel\\MTB_HMS_Booking_System\\vendor\\laravel\\framework\\src\\Illuminate\\Filesystem\\Filesystem.php(584): Symfony\\Component\\Finder\\Finder->in('C:\\\\xampp\\\\htdocs...')
#1 Command line code(1): Illuminate\\Filesystem\\Filesystem->files('C:\\\\xampp\\\\htdocs...')
#2 Command line code(1): getViews('C:\\\\xampp\\\\htdocs...', Object(Illuminate\\Filesystem\\Filesystem))
#3 {main}
  thrown at C:\\xampp\\htdocs\\laravel\\MTB_HMS_Booking_System\\vendor\\symfony\\finder\\Finder.php:646)
[stacktrace]
#0 {main}
"} 
[2025-04-21 12:36:45] local.ERROR: Uncaught Symfony\Component\Finder\Exception\DirectoryNotFoundException: The "C:\xampp\htdocs\laravel\MTB_HMS_Booking_System\MTB_Laravel\MTB_Booking_System\resources\views" directory does not exist. in C:\xampp\htdocs\laravel\MTB_HMS_Booking_System\vendor\symfony\finder\Finder.php:646
Stack trace:
#0 C:\xampp\htdocs\laravel\MTB_HMS_Booking_System\vendor\laravel\framework\src\Illuminate\Filesystem\Filesystem.php(584): Symfony\Component\Finder\Finder->in('C:\\xampp\\htdocs...')
#1 Command line code(1): Illuminate\Filesystem\Filesystem->files('C:\\xampp\\htdocs...')
#2 Command line code(1): getViews('C:\\xampp\\htdocs...', Object(Illuminate\Filesystem\Filesystem))
#3 {main}
  thrown {"exception":"[object] (Symfony\\Component\\ErrorHandler\\Error\\FatalError(code: 0): Uncaught Symfony\\Component\\Finder\\Exception\\DirectoryNotFoundException: The \"C:\\xampp\\htdocs\\laravel\\MTB_HMS_Booking_System\\MTB_Laravel\\MTB_Booking_System\\resources\\views\" directory does not exist. in C:\\xampp\\htdocs\\laravel\\MTB_HMS_Booking_System\\vendor\\symfony\\finder\\Finder.php:646
Stack trace:
#0 C:\\xampp\\htdocs\\laravel\\MTB_HMS_Booking_System\\vendor\\laravel\\framework\\src\\Illuminate\\Filesystem\\Filesystem.php(584): Symfony\\Component\\Finder\\Finder->in('C:\\\\xampp\\\\htdocs...')
#1 Command line code(1): Illuminate\\Filesystem\\Filesystem->files('C:\\\\xampp\\\\htdocs...')
#2 Command line code(1): getViews('C:\\\\xampp\\\\htdocs...', Object(Illuminate\\Filesystem\\Filesystem))
#3 {main}
  thrown at C:\\xampp\\htdocs\\laravel\\MTB_HMS_Booking_System\\vendor\\symfony\\finder\\Finder.php:646)
[stacktrace]
#0 {main}
"} 
[2025-04-21 12:36:47] local.ERROR: Uncaught Symfony\Component\Finder\Exception\DirectoryNotFoundException: The "C:\xampp\htdocs\laravel\MTB_HMS_Booking_System\MTB_Laravel\MTB_Booking_System\resources\views" directory does not exist. in C:\xampp\htdocs\laravel\MTB_HMS_Booking_System\vendor\symfony\finder\Finder.php:646
Stack trace:
#0 C:\xampp\htdocs\laravel\MTB_HMS_Booking_System\vendor\laravel\framework\src\Illuminate\Filesystem\Filesystem.php(584): Symfony\Component\Finder\Finder->in('C:\\xampp\\htdocs...')
#1 Command line code(1): Illuminate\Filesystem\Filesystem->files('C:\\xampp\\htdocs...')
#2 Command line code(1): getViews('C:\\xampp\\htdocs...', Object(Illuminate\Filesystem\Filesystem))
#3 {main}
  thrown {"exception":"[object] (Symfony\\Component\\ErrorHandler\\Error\\FatalError(code: 0): Uncaught Symfony\\Component\\Finder\\Exception\\DirectoryNotFoundException: The \"C:\\xampp\\htdocs\\laravel\\MTB_HMS_Booking_System\\MTB_Laravel\\MTB_Booking_System\\resources\\views\" directory does not exist. in C:\\xampp\\htdocs\\laravel\\MTB_HMS_Booking_System\\vendor\\symfony\\finder\\Finder.php:646
Stack trace:
#0 C:\\xampp\\htdocs\\laravel\\MTB_HMS_Booking_System\\vendor\\laravel\\framework\\src\\Illuminate\\Filesystem\\Filesystem.php(584): Symfony\\Component\\Finder\\Finder->in('C:\\\\xampp\\\\htdocs...')
#1 Command line code(1): Illuminate\\Filesystem\\Filesystem->files('C:\\\\xampp\\\\htdocs...')
#2 Command line code(1): getViews('C:\\\\xampp\\\\htdocs...', Object(Illuminate\\Filesystem\\Filesystem))
#3 {main}
  thrown at C:\\xampp\\htdocs\\laravel\\MTB_HMS_Booking_System\\vendor\\symfony\\finder\\Finder.php:646)
[stacktrace]
#0 {main}
"} 
[2025-04-21 12:36:47] local.ERROR: Uncaught Symfony\Component\Finder\Exception\DirectoryNotFoundException: The "C:\xampp\htdocs\laravel\MTB_HMS_Booking_System\MTB_Laravel\MTB_Booking_System\resources\views" directory does not exist. in C:\xampp\htdocs\laravel\MTB_HMS_Booking_System\vendor\symfony\finder\Finder.php:646
Stack trace:
#0 C:\xampp\htdocs\laravel\MTB_HMS_Booking_System\vendor\laravel\framework\src\Illuminate\Filesystem\Filesystem.php(584): Symfony\Component\Finder\Finder->in('C:\\xampp\\htdocs...')
#1 Command line code(1): Illuminate\Filesystem\Filesystem->files('C:\\xampp\\htdocs...')
#2 Command line code(1): getViews('C:\\xampp\\htdocs...', Object(Illuminate\Filesystem\Filesystem))
#3 {main}
  thrown {"exception":"[object] (Symfony\\Component\\ErrorHandler\\Error\\FatalError(code: 0): Uncaught Symfony\\Component\\Finder\\Exception\\DirectoryNotFoundException: The \"C:\\xampp\\htdocs\\laravel\\MTB_HMS_Booking_System\\MTB_Laravel\\MTB_Booking_System\\resources\\views\" directory does not exist. in C:\\xampp\\htdocs\\laravel\\MTB_HMS_Booking_System\\vendor\\symfony\\finder\\Finder.php:646
Stack trace:
#0 C:\\xampp\\htdocs\\laravel\\MTB_HMS_Booking_System\\vendor\\laravel\\framework\\src\\Illuminate\\Filesystem\\Filesystem.php(584): Symfony\\Component\\Finder\\Finder->in('C:\\\\xampp\\\\htdocs...')
#1 Command line code(1): Illuminate\\Filesystem\\Filesystem->files('C:\\\\xampp\\\\htdocs...')
#2 Command line code(1): getViews('C:\\\\xampp\\\\htdocs...', Object(Illuminate\\Filesystem\\Filesystem))
#3 {main}
  thrown at C:\\xampp\\htdocs\\laravel\\MTB_HMS_Booking_System\\vendor\\symfony\\finder\\Finder.php:646)
[stacktrace]
#0 {main}
"} 
[2025-04-21 12:36:49] local.ERROR: Uncaught Symfony\Component\Finder\Exception\DirectoryNotFoundException: The "C:\xampp\htdocs\laravel\MTB_HMS_Booking_System\MTB_Laravel\MTB_Booking_System\resources\views" directory does not exist. in C:\xampp\htdocs\laravel\MTB_HMS_Booking_System\vendor\symfony\finder\Finder.php:646
Stack trace:
#0 C:\xampp\htdocs\laravel\MTB_HMS_Booking_System\vendor\laravel\framework\src\Illuminate\Filesystem\Filesystem.php(584): Symfony\Component\Finder\Finder->in('C:\\xampp\\htdocs...')
#1 Command line code(1): Illuminate\Filesystem\Filesystem->files('C:\\xampp\\htdocs...')
#2 Command line code(1): getViews('C:\\xampp\\htdocs...', Object(Illuminate\Filesystem\Filesystem))
#3 {main}
  thrown {"exception":"[object] (Symfony\\Component\\ErrorHandler\\Error\\FatalError(code: 0): Uncaught Symfony\\Component\\Finder\\Exception\\DirectoryNotFoundException: The \"C:\\xampp\\htdocs\\laravel\\MTB_HMS_Booking_System\\MTB_Laravel\\MTB_Booking_System\\resources\\views\" directory does not exist. in C:\\xampp\\htdocs\\laravel\\MTB_HMS_Booking_System\\vendor\\symfony\\finder\\Finder.php:646
Stack trace:
#0 C:\\xampp\\htdocs\\laravel\\MTB_HMS_Booking_System\\vendor\\laravel\\framework\\src\\Illuminate\\Filesystem\\Filesystem.php(584): Symfony\\Component\\Finder\\Finder->in('C:\\\\xampp\\\\htdocs...')
#1 Command line code(1): Illuminate\\Filesystem\\Filesystem->files('C:\\\\xampp\\\\htdocs...')
#2 Command line code(1): getViews('C:\\\\xampp\\\\htdocs...', Object(Illuminate\\Filesystem\\Filesystem))
#3 {main}
  thrown at C:\\xampp\\htdocs\\laravel\\MTB_HMS_Booking_System\\vendor\\symfony\\finder\\Finder.php:646)
[stacktrace]
#0 {main}
"} 
[2025-04-21 12:36:52] local.ERROR: Uncaught Symfony\Component\Finder\Exception\DirectoryNotFoundException: The "C:\xampp\htdocs\laravel\MTB_HMS_Booking_System\MTB_Laravel\MTB_Booking_System\resources\views" directory does not exist. in C:\xampp\htdocs\laravel\MTB_HMS_Booking_System\vendor\symfony\finder\Finder.php:646
Stack trace:
#0 C:\xampp\htdocs\laravel\MTB_HMS_Booking_System\vendor\laravel\framework\src\Illuminate\Filesystem\Filesystem.php(584): Symfony\Component\Finder\Finder->in('C:\\xampp\\htdocs...')
#1 Command line code(1): Illuminate\Filesystem\Filesystem->files('C:\\xampp\\htdocs...')
#2 Command line code(1): getViews('C:\\xampp\\htdocs...', Object(Illuminate\Filesystem\Filesystem))
#3 {main}
  thrown {"exception":"[object] (Symfony\\Component\\ErrorHandler\\Error\\FatalError(code: 0): Uncaught Symfony\\Component\\Finder\\Exception\\DirectoryNotFoundException: The \"C:\\xampp\\htdocs\\laravel\\MTB_HMS_Booking_System\\MTB_Laravel\\MTB_Booking_System\\resources\\views\" directory does not exist. in C:\\xampp\\htdocs\\laravel\\MTB_HMS_Booking_System\\vendor\\symfony\\finder\\Finder.php:646
Stack trace:
#0 C:\\xampp\\htdocs\\laravel\\MTB_HMS_Booking_System\\vendor\\laravel\\framework\\src\\Illuminate\\Filesystem\\Filesystem.php(584): Symfony\\Component\\Finder\\Finder->in('C:\\\\xampp\\\\htdocs...')
#1 Command line code(1): Illuminate\\Filesystem\\Filesystem->files('C:\\\\xampp\\\\htdocs...')
#2 Command line code(1): getViews('C:\\\\xampp\\\\htdocs...', Object(Illuminate\\Filesystem\\Filesystem))
#3 {main}
  thrown at C:\\xampp\\htdocs\\laravel\\MTB_HMS_Booking_System\\vendor\\symfony\\finder\\Finder.php:646)
[stacktrace]
#0 {main}
"} 
[2025-04-21 12:36:53] local.ERROR: Uncaught Symfony\Component\Finder\Exception\DirectoryNotFoundException: The "C:\xampp\htdocs\laravel\MTB_HMS_Booking_System\MTB_Laravel\MTB_Booking_System\resources\views" directory does not exist. in C:\xampp\htdocs\laravel\MTB_HMS_Booking_System\vendor\symfony\finder\Finder.php:646
Stack trace:
#0 C:\xampp\htdocs\laravel\MTB_HMS_Booking_System\vendor\laravel\framework\src\Illuminate\Filesystem\Filesystem.php(584): Symfony\Component\Finder\Finder->in('C:\\xampp\\htdocs...')
#1 Command line code(1): Illuminate\Filesystem\Filesystem->files('C:\\xampp\\htdocs...')
#2 Command line code(1): getViews('C:\\xampp\\htdocs...', Object(Illuminate\Filesystem\Filesystem))
#3 {main}
  thrown {"exception":"[object] (Symfony\\Component\\ErrorHandler\\Error\\FatalError(code: 0): Uncaught Symfony\\Component\\Finder\\Exception\\DirectoryNotFoundException: The \"C:\\xampp\\htdocs\\laravel\\MTB_HMS_Booking_System\\MTB_Laravel\\MTB_Booking_System\\resources\\views\" directory does not exist. in C:\\xampp\\htdocs\\laravel\\MTB_HMS_Booking_System\\vendor\\symfony\\finder\\Finder.php:646
Stack trace:
#0 C:\\xampp\\htdocs\\laravel\\MTB_HMS_Booking_System\\vendor\\laravel\\framework\\src\\Illuminate\\Filesystem\\Filesystem.php(584): Symfony\\Component\\Finder\\Finder->in('C:\\\\xampp\\\\htdocs...')
#1 Command line code(1): Illuminate\\Filesystem\\Filesystem->files('C:\\\\xampp\\\\htdocs...')
#2 Command line code(1): getViews('C:\\\\xampp\\\\htdocs...', Object(Illuminate\\Filesystem\\Filesystem))
#3 {main}
  thrown at C:\\xampp\\htdocs\\laravel\\MTB_HMS_Booking_System\\vendor\\symfony\\finder\\Finder.php:646)
[stacktrace]
#0 {main}
"} 
[2025-04-21 12:36:54] local.ERROR: Uncaught Symfony\Component\Finder\Exception\DirectoryNotFoundException: The "C:\xampp\htdocs\laravel\MTB_HMS_Booking_System\MTB_Laravel\MTB_Booking_System\resources\views" directory does not exist. in C:\xampp\htdocs\laravel\MTB_HMS_Booking_System\vendor\symfony\finder\Finder.php:646
Stack trace:
#0 C:\xampp\htdocs\laravel\MTB_HMS_Booking_System\vendor\laravel\framework\src\Illuminate\Filesystem\Filesystem.php(584): Symfony\Component\Finder\Finder->in('C:\\xampp\\htdocs...')
#1 Command line code(1): Illuminate\Filesystem\Filesystem->files('C:\\xampp\\htdocs...')
#2 Command line code(1): getViews('C:\\xampp\\htdocs...', Object(Illuminate\Filesystem\Filesystem))
#3 {main}
  thrown {"exception":"[object] (Symfony\\Component\\ErrorHandler\\Error\\FatalError(code: 0): Uncaught Symfony\\Component\\Finder\\Exception\\DirectoryNotFoundException: The \"C:\\xampp\\htdocs\\laravel\\MTB_HMS_Booking_System\\MTB_Laravel\\MTB_Booking_System\\resources\\views\" directory does not exist. in C:\\xampp\\htdocs\\laravel\\MTB_HMS_Booking_System\\vendor\\symfony\\finder\\Finder.php:646
Stack trace:
#0 C:\\xampp\\htdocs\\laravel\\MTB_HMS_Booking_System\\vendor\\laravel\\framework\\src\\Illuminate\\Filesystem\\Filesystem.php(584): Symfony\\Component\\Finder\\Finder->in('C:\\\\xampp\\\\htdocs...')
#1 Command line code(1): Illuminate\\Filesystem\\Filesystem->files('C:\\\\xampp\\\\htdocs...')
#2 Command line code(1): getViews('C:\\\\xampp\\\\htdocs...', Object(Illuminate\\Filesystem\\Filesystem))
#3 {main}
  thrown at C:\\xampp\\htdocs\\laravel\\MTB_HMS_Booking_System\\vendor\\symfony\\finder\\Finder.php:646)
[stacktrace]
#0 {main}
"} 
[2025-04-21 12:36:57] local.ERROR: Uncaught Symfony\Component\Finder\Exception\DirectoryNotFoundException: The "C:\xampp\htdocs\laravel\MTB_HMS_Booking_System\MTB_Laravel\MTB_Booking_System\resources\views" directory does not exist. in C:\xampp\htdocs\laravel\MTB_HMS_Booking_System\vendor\symfony\finder\Finder.php:646
Stack trace:
#0 C:\xampp\htdocs\laravel\MTB_HMS_Booking_System\vendor\laravel\framework\src\Illuminate\Filesystem\Filesystem.php(584): Symfony\Component\Finder\Finder->in('C:\\xampp\\htdocs...')
#1 Command line code(1): Illuminate\Filesystem\Filesystem->files('C:\\xampp\\htdocs...')
#2 Command line code(1): getViews('C:\\xampp\\htdocs...', Object(Illuminate\Filesystem\Filesystem))
#3 {main}
  thrown {"exception":"[object] (Symfony\\Component\\ErrorHandler\\Error\\FatalError(code: 0): Uncaught Symfony\\Component\\Finder\\Exception\\DirectoryNotFoundException: The \"C:\\xampp\\htdocs\\laravel\\MTB_HMS_Booking_System\\MTB_Laravel\\MTB_Booking_System\\resources\\views\" directory does not exist. in C:\\xampp\\htdocs\\laravel\\MTB_HMS_Booking_System\\vendor\\symfony\\finder\\Finder.php:646
Stack trace:
#0 C:\\xampp\\htdocs\\laravel\\MTB_HMS_Booking_System\\vendor\\laravel\\framework\\src\\Illuminate\\Filesystem\\Filesystem.php(584): Symfony\\Component\\Finder\\Finder->in('C:\\\\xampp\\\\htdocs...')
#1 Command line code(1): Illuminate\\Filesystem\\Filesystem->files('C:\\\\xampp\\\\htdocs...')
#2 Command line code(1): getViews('C:\\\\xampp\\\\htdocs...', Object(Illuminate\\Filesystem\\Filesystem))
#3 {main}
  thrown at C:\\xampp\\htdocs\\laravel\\MTB_HMS_Booking_System\\vendor\\symfony\\finder\\Finder.php:646)
[stacktrace]
#0 {main}
"} 
[2025-04-21 12:36:58] local.ERROR: Uncaught Symfony\Component\Finder\Exception\DirectoryNotFoundException: The "C:\xampp\htdocs\laravel\MTB_HMS_Booking_System\MTB_Laravel\MTB_Booking_System\resources\views" directory does not exist. in C:\xampp\htdocs\laravel\MTB_HMS_Booking_System\vendor\symfony\finder\Finder.php:646
Stack trace:
#0 C:\xampp\htdocs\laravel\MTB_HMS_Booking_System\vendor\laravel\framework\src\Illuminate\Filesystem\Filesystem.php(584): Symfony\Component\Finder\Finder->in('C:\\xampp\\htdocs...')
#1 Command line code(1): Illuminate\Filesystem\Filesystem->files('C:\\xampp\\htdocs...')
#2 Command line code(1): getViews('C:\\xampp\\htdocs...', Object(Illuminate\Filesystem\Filesystem))
#3 {main}
  thrown {"exception":"[object] (Symfony\\Component\\ErrorHandler\\Error\\FatalError(code: 0): Uncaught Symfony\\Component\\Finder\\Exception\\DirectoryNotFoundException: The \"C:\\xampp\\htdocs\\laravel\\MTB_HMS_Booking_System\\MTB_Laravel\\MTB_Booking_System\\resources\\views\" directory does not exist. in C:\\xampp\\htdocs\\laravel\\MTB_HMS_Booking_System\\vendor\\symfony\\finder\\Finder.php:646
Stack trace:
#0 C:\\xampp\\htdocs\\laravel\\MTB_HMS_Booking_System\\vendor\\laravel\\framework\\src\\Illuminate\\Filesystem\\Filesystem.php(584): Symfony\\Component\\Finder\\Finder->in('C:\\\\xampp\\\\htdocs...')
#1 Command line code(1): Illuminate\\Filesystem\\Filesystem->files('C:\\\\xampp\\\\htdocs...')
#2 Command line code(1): getViews('C:\\\\xampp\\\\htdocs...', Object(Illuminate\\Filesystem\\Filesystem))
#3 {main}
  thrown at C:\\xampp\\htdocs\\laravel\\MTB_HMS_Booking_System\\vendor\\symfony\\finder\\Finder.php:646)
[stacktrace]
#0 {main}
"} 
[2025-04-21 12:36:59] local.ERROR: Uncaught Symfony\Component\Finder\Exception\DirectoryNotFoundException: The "C:\xampp\htdocs\laravel\MTB_HMS_Booking_System\MTB_Laravel\MTB_Booking_System\resources\views" directory does not exist. in C:\xampp\htdocs\laravel\MTB_HMS_Booking_System\vendor\symfony\finder\Finder.php:646
Stack trace:
#0 C:\xampp\htdocs\laravel\MTB_HMS_Booking_System\vendor\laravel\framework\src\Illuminate\Filesystem\Filesystem.php(584): Symfony\Component\Finder\Finder->in('C:\\xampp\\htdocs...')
#1 Command line code(1): Illuminate\Filesystem\Filesystem->files('C:\\xampp\\htdocs...')
#2 Command line code(1): getViews('C:\\xampp\\htdocs...', Object(Illuminate\Filesystem\Filesystem))
#3 {main}
  thrown {"exception":"[object] (Symfony\\Component\\ErrorHandler\\Error\\FatalError(code: 0): Uncaught Symfony\\Component\\Finder\\Exception\\DirectoryNotFoundException: The \"C:\\xampp\\htdocs\\laravel\\MTB_HMS_Booking_System\\MTB_Laravel\\MTB_Booking_System\\resources\\views\" directory does not exist. in C:\\xampp\\htdocs\\laravel\\MTB_HMS_Booking_System\\vendor\\symfony\\finder\\Finder.php:646
Stack trace:
#0 C:\\xampp\\htdocs\\laravel\\MTB_HMS_Booking_System\\vendor\\laravel\\framework\\src\\Illuminate\\Filesystem\\Filesystem.php(584): Symfony\\Component\\Finder\\Finder->in('C:\\\\xampp\\\\htdocs...')
#1 Command line code(1): Illuminate\\Filesystem\\Filesystem->files('C:\\\\xampp\\\\htdocs...')
#2 Command line code(1): getViews('C:\\\\xampp\\\\htdocs...', Object(Illuminate\\Filesystem\\Filesystem))
#3 {main}
  thrown at C:\\xampp\\htdocs\\laravel\\MTB_HMS_Booking_System\\vendor\\symfony\\finder\\Finder.php:646)
[stacktrace]
#0 {main}
"} 
[2025-04-21 12:37:02] local.ERROR: Uncaught Symfony\Component\Finder\Exception\DirectoryNotFoundException: The "C:\xampp\htdocs\laravel\MTB_HMS_Booking_System\MTB_Laravel\MTB_Booking_System\resources\views" directory does not exist. in C:\xampp\htdocs\laravel\MTB_HMS_Booking_System\vendor\symfony\finder\Finder.php:646
Stack trace:
#0 C:\xampp\htdocs\laravel\MTB_HMS_Booking_System\vendor\laravel\framework\src\Illuminate\Filesystem\Filesystem.php(584): Symfony\Component\Finder\Finder->in('C:\\xampp\\htdocs...')
#1 Command line code(1): Illuminate\Filesystem\Filesystem->files('C:\\xampp\\htdocs...')
#2 Command line code(1): getViews('C:\\xampp\\htdocs...', Object(Illuminate\Filesystem\Filesystem))
#3 {main}
  thrown {"exception":"[object] (Symfony\\Component\\ErrorHandler\\Error\\FatalError(code: 0): Uncaught Symfony\\Component\\Finder\\Exception\\DirectoryNotFoundException: The \"C:\\xampp\\htdocs\\laravel\\MTB_HMS_Booking_System\\MTB_Laravel\\MTB_Booking_System\\resources\\views\" directory does not exist. in C:\\xampp\\htdocs\\laravel\\MTB_HMS_Booking_System\\vendor\\symfony\\finder\\Finder.php:646
Stack trace:
#0 C:\\xampp\\htdocs\\laravel\\MTB_HMS_Booking_System\\vendor\\laravel\\framework\\src\\Illuminate\\Filesystem\\Filesystem.php(584): Symfony\\Component\\Finder\\Finder->in('C:\\\\xampp\\\\htdocs...')
#1 Command line code(1): Illuminate\\Filesystem\\Filesystem->files('C:\\\\xampp\\\\htdocs...')
#2 Command line code(1): getViews('C:\\\\xampp\\\\htdocs...', Object(Illuminate\\Filesystem\\Filesystem))
#3 {main}
  thrown at C:\\xampp\\htdocs\\laravel\\MTB_HMS_Booking_System\\vendor\\symfony\\finder\\Finder.php:646)
[stacktrace]
#0 {main}
"} 
[2025-04-21 12:37:03] local.ERROR: Uncaught Symfony\Component\Finder\Exception\DirectoryNotFoundException: The "C:\xampp\htdocs\laravel\MTB_HMS_Booking_System\MTB_Laravel\MTB_Booking_System\resources\views" directory does not exist. in C:\xampp\htdocs\laravel\MTB_HMS_Booking_System\vendor\symfony\finder\Finder.php:646
Stack trace:
#0 C:\xampp\htdocs\laravel\MTB_HMS_Booking_System\vendor\laravel\framework\src\Illuminate\Filesystem\Filesystem.php(584): Symfony\Component\Finder\Finder->in('C:\\xampp\\htdocs...')
#1 Command line code(1): Illuminate\Filesystem\Filesystem->files('C:\\xampp\\htdocs...')
#2 Command line code(1): getViews('C:\\xampp\\htdocs...', Object(Illuminate\Filesystem\Filesystem))
#3 {main}
  thrown {"exception":"[object] (Symfony\\Component\\ErrorHandler\\Error\\FatalError(code: 0): Uncaught Symfony\\Component\\Finder\\Exception\\DirectoryNotFoundException: The \"C:\\xampp\\htdocs\\laravel\\MTB_HMS_Booking_System\\MTB_Laravel\\MTB_Booking_System\\resources\\views\" directory does not exist. in C:\\xampp\\htdocs\\laravel\\MTB_HMS_Booking_System\\vendor\\symfony\\finder\\Finder.php:646
Stack trace:
#0 C:\\xampp\\htdocs\\laravel\\MTB_HMS_Booking_System\\vendor\\laravel\\framework\\src\\Illuminate\\Filesystem\\Filesystem.php(584): Symfony\\Component\\Finder\\Finder->in('C:\\\\xampp\\\\htdocs...')
#1 Command line code(1): Illuminate\\Filesystem\\Filesystem->files('C:\\\\xampp\\\\htdocs...')
#2 Command line code(1): getViews('C:\\\\xampp\\\\htdocs...', Object(Illuminate\\Filesystem\\Filesystem))
#3 {main}
  thrown at C:\\xampp\\htdocs\\laravel\\MTB_HMS_Booking_System\\vendor\\symfony\\finder\\Finder.php:646)
[stacktrace]
#0 {main}
"} 
[2025-04-21 12:37:04] local.ERROR: Uncaught Symfony\Component\Finder\Exception\DirectoryNotFoundException: The "C:\xampp\htdocs\laravel\MTB_HMS_Booking_System\MTB_Laravel\MTB_Booking_System\resources\views" directory does not exist. in C:\xampp\htdocs\laravel\MTB_HMS_Booking_System\vendor\symfony\finder\Finder.php:646
Stack trace:
#0 C:\xampp\htdocs\laravel\MTB_HMS_Booking_System\vendor\laravel\framework\src\Illuminate\Filesystem\Filesystem.php(584): Symfony\Component\Finder\Finder->in('C:\\xampp\\htdocs...')
#1 Command line code(1): Illuminate\Filesystem\Filesystem->files('C:\\xampp\\htdocs...')
#2 Command line code(1): getViews('C:\\xampp\\htdocs...', Object(Illuminate\Filesystem\Filesystem))
#3 {main}
  thrown {"exception":"[object] (Symfony\\Component\\ErrorHandler\\Error\\FatalError(code: 0): Uncaught Symfony\\Component\\Finder\\Exception\\DirectoryNotFoundException: The \"C:\\xampp\\htdocs\\laravel\\MTB_HMS_Booking_System\\MTB_Laravel\\MTB_Booking_System\\resources\\views\" directory does not exist. in C:\\xampp\\htdocs\\laravel\\MTB_HMS_Booking_System\\vendor\\symfony\\finder\\Finder.php:646
Stack trace:
#0 C:\\xampp\\htdocs\\laravel\\MTB_HMS_Booking_System\\vendor\\laravel\\framework\\src\\Illuminate\\Filesystem\\Filesystem.php(584): Symfony\\Component\\Finder\\Finder->in('C:\\\\xampp\\\\htdocs...')
#1 Command line code(1): Illuminate\\Filesystem\\Filesystem->files('C:\\\\xampp\\\\htdocs...')
#2 Command line code(1): getViews('C:\\\\xampp\\\\htdocs...', Object(Illuminate\\Filesystem\\Filesystem))
#3 {main}
  thrown at C:\\xampp\\htdocs\\laravel\\MTB_HMS_Booking_System\\vendor\\symfony\\finder\\Finder.php:646)
[stacktrace]
#0 {main}
"} 
[2025-04-21 12:37:07] local.ERROR: Uncaught Symfony\Component\Finder\Exception\DirectoryNotFoundException: The "C:\xampp\htdocs\laravel\MTB_HMS_Booking_System\MTB_Laravel\MTB_Booking_System\resources\views" directory does not exist. in C:\xampp\htdocs\laravel\MTB_HMS_Booking_System\vendor\symfony\finder\Finder.php:646
Stack trace:
#0 C:\xampp\htdocs\laravel\MTB_HMS_Booking_System\vendor\laravel\framework\src\Illuminate\Filesystem\Filesystem.php(584): Symfony\Component\Finder\Finder->in('C:\\xampp\\htdocs...')
#1 Command line code(1): Illuminate\Filesystem\Filesystem->files('C:\\xampp\\htdocs...')
#2 Command line code(1): getViews('C:\\xampp\\htdocs...', Object(Illuminate\Filesystem\Filesystem))
#3 {main}
  thrown {"exception":"[object] (Symfony\\Component\\ErrorHandler\\Error\\FatalError(code: 0): Uncaught Symfony\\Component\\Finder\\Exception\\DirectoryNotFoundException: The \"C:\\xampp\\htdocs\\laravel\\MTB_HMS_Booking_System\\MTB_Laravel\\MTB_Booking_System\\resources\\views\" directory does not exist. in C:\\xampp\\htdocs\\laravel\\MTB_HMS_Booking_System\\vendor\\symfony\\finder\\Finder.php:646
Stack trace:
#0 C:\\xampp\\htdocs\\laravel\\MTB_HMS_Booking_System\\vendor\\laravel\\framework\\src\\Illuminate\\Filesystem\\Filesystem.php(584): Symfony\\Component\\Finder\\Finder->in('C:\\\\xampp\\\\htdocs...')
#1 Command line code(1): Illuminate\\Filesystem\\Filesystem->files('C:\\\\xampp\\\\htdocs...')
#2 Command line code(1): getViews('C:\\\\xampp\\\\htdocs...', Object(Illuminate\\Filesystem\\Filesystem))
#3 {main}
  thrown at C:\\xampp\\htdocs\\laravel\\MTB_HMS_Booking_System\\vendor\\symfony\\finder\\Finder.php:646)
[stacktrace]
#0 {main}
"} 
[2025-04-21 12:37:08] local.ERROR: Uncaught Symfony\Component\Finder\Exception\DirectoryNotFoundException: The "C:\xampp\htdocs\laravel\MTB_HMS_Booking_System\MTB_Laravel\MTB_Booking_System\resources\views" directory does not exist. in C:\xampp\htdocs\laravel\MTB_HMS_Booking_System\vendor\symfony\finder\Finder.php:646
Stack trace:
#0 C:\xampp\htdocs\laravel\MTB_HMS_Booking_System\vendor\laravel\framework\src\Illuminate\Filesystem\Filesystem.php(584): Symfony\Component\Finder\Finder->in('C:\\xampp\\htdocs...')
#1 Command line code(1): Illuminate\Filesystem\Filesystem->files('C:\\xampp\\htdocs...')
#2 Command line code(1): getViews('C:\\xampp\\htdocs...', Object(Illuminate\Filesystem\Filesystem))
#3 {main}
  thrown {"exception":"[object] (Symfony\\Component\\ErrorHandler\\Error\\FatalError(code: 0): Uncaught Symfony\\Component\\Finder\\Exception\\DirectoryNotFoundException: The \"C:\\xampp\\htdocs\\laravel\\MTB_HMS_Booking_System\\MTB_Laravel\\MTB_Booking_System\\resources\\views\" directory does not exist. in C:\\xampp\\htdocs\\laravel\\MTB_HMS_Booking_System\\vendor\\symfony\\finder\\Finder.php:646
Stack trace:
#0 C:\\xampp\\htdocs\\laravel\\MTB_HMS_Booking_System\\vendor\\laravel\\framework\\src\\Illuminate\\Filesystem\\Filesystem.php(584): Symfony\\Component\\Finder\\Finder->in('C:\\\\xampp\\\\htdocs...')
#1 Command line code(1): Illuminate\\Filesystem\\Filesystem->files('C:\\\\xampp\\\\htdocs...')
#2 Command line code(1): getViews('C:\\\\xampp\\\\htdocs...', Object(Illuminate\\Filesystem\\Filesystem))
#3 {main}
  thrown at C:\\xampp\\htdocs\\laravel\\MTB_HMS_Booking_System\\vendor\\symfony\\finder\\Finder.php:646)
[stacktrace]
#0 {main}
"} 
[2025-04-21 12:37:09] local.ERROR: Uncaught Symfony\Component\Finder\Exception\DirectoryNotFoundException: The "C:\xampp\htdocs\laravel\MTB_HMS_Booking_System\MTB_Laravel\MTB_Booking_System\resources\views" directory does not exist. in C:\xampp\htdocs\laravel\MTB_HMS_Booking_System\vendor\symfony\finder\Finder.php:646
Stack trace:
#0 C:\xampp\htdocs\laravel\MTB_HMS_Booking_System\vendor\laravel\framework\src\Illuminate\Filesystem\Filesystem.php(584): Symfony\Component\Finder\Finder->in('C:\\xampp\\htdocs...')
#1 Command line code(1): Illuminate\Filesystem\Filesystem->files('C:\\xampp\\htdocs...')
#2 Command line code(1): getViews('C:\\xampp\\htdocs...', Object(Illuminate\Filesystem\Filesystem))
#3 {main}
  thrown {"exception":"[object] (Symfony\\Component\\ErrorHandler\\Error\\FatalError(code: 0): Uncaught Symfony\\Component\\Finder\\Exception\\DirectoryNotFoundException: The \"C:\\xampp\\htdocs\\laravel\\MTB_HMS_Booking_System\\MTB_Laravel\\MTB_Booking_System\\resources\\views\" directory does not exist. in C:\\xampp\\htdocs\\laravel\\MTB_HMS_Booking_System\\vendor\\symfony\\finder\\Finder.php:646
Stack trace:
#0 C:\\xampp\\htdocs\\laravel\\MTB_HMS_Booking_System\\vendor\\laravel\\framework\\src\\Illuminate\\Filesystem\\Filesystem.php(584): Symfony\\Component\\Finder\\Finder->in('C:\\\\xampp\\\\htdocs...')
#1 Command line code(1): Illuminate\\Filesystem\\Filesystem->files('C:\\\\xampp\\\\htdocs...')
#2 Command line code(1): getViews('C:\\\\xampp\\\\htdocs...', Object(Illuminate\\Filesystem\\Filesystem))
#3 {main}
  thrown at C:\\xampp\\htdocs\\laravel\\MTB_HMS_Booking_System\\vendor\\symfony\\finder\\Finder.php:646)
[stacktrace]
#0 {main}
"} 
[2025-04-21 12:37:12] local.ERROR: Uncaught Symfony\Component\Finder\Exception\DirectoryNotFoundException: The "C:\xampp\htdocs\laravel\MTB_HMS_Booking_System\MTB_Laravel\MTB_Booking_System\resources\views" directory does not exist. in C:\xampp\htdocs\laravel\MTB_HMS_Booking_System\vendor\symfony\finder\Finder.php:646
Stack trace:
#0 C:\xampp\htdocs\laravel\MTB_HMS_Booking_System\vendor\laravel\framework\src\Illuminate\Filesystem\Filesystem.php(584): Symfony\Component\Finder\Finder->in('C:\\xampp\\htdocs...')
#1 Command line code(1): Illuminate\Filesystem\Filesystem->files('C:\\xampp\\htdocs...')
#2 Command line code(1): getViews('C:\\xampp\\htdocs...', Object(Illuminate\Filesystem\Filesystem))
#3 {main}
  thrown {"exception":"[object] (Symfony\\Component\\ErrorHandler\\Error\\FatalError(code: 0): Uncaught Symfony\\Component\\Finder\\Exception\\DirectoryNotFoundException: The \"C:\\xampp\\htdocs\\laravel\\MTB_HMS_Booking_System\\MTB_Laravel\\MTB_Booking_System\\resources\\views\" directory does not exist. in C:\\xampp\\htdocs\\laravel\\MTB_HMS_Booking_System\\vendor\\symfony\\finder\\Finder.php:646
Stack trace:
#0 C:\\xampp\\htdocs\\laravel\\MTB_HMS_Booking_System\\vendor\\laravel\\framework\\src\\Illuminate\\Filesystem\\Filesystem.php(584): Symfony\\Component\\Finder\\Finder->in('C:\\\\xampp\\\\htdocs...')
#1 Command line code(1): Illuminate\\Filesystem\\Filesystem->files('C:\\\\xampp\\\\htdocs...')
#2 Command line code(1): getViews('C:\\\\xampp\\\\htdocs...', Object(Illuminate\\Filesystem\\Filesystem))
#3 {main}
  thrown at C:\\xampp\\htdocs\\laravel\\MTB_HMS_Booking_System\\vendor\\symfony\\finder\\Finder.php:646)
[stacktrace]
#0 {main}
"} 
[2025-04-21 12:37:13] local.ERROR: Uncaught Symfony\Component\Finder\Exception\DirectoryNotFoundException: The "C:\xampp\htdocs\laravel\MTB_HMS_Booking_System\MTB_Laravel\MTB_Booking_System\resources\views" directory does not exist. in C:\xampp\htdocs\laravel\MTB_HMS_Booking_System\vendor\symfony\finder\Finder.php:646
Stack trace:
#0 C:\xampp\htdocs\laravel\MTB_HMS_Booking_System\vendor\laravel\framework\src\Illuminate\Filesystem\Filesystem.php(584): Symfony\Component\Finder\Finder->in('C:\\xampp\\htdocs...')
#1 Command line code(1): Illuminate\Filesystem\Filesystem->files('C:\\xampp\\htdocs...')
#2 Command line code(1): getViews('C:\\xampp\\htdocs...', Object(Illuminate\Filesystem\Filesystem))
#3 {main}
  thrown {"exception":"[object] (Symfony\\Component\\ErrorHandler\\Error\\FatalError(code: 0): Uncaught Symfony\\Component\\Finder\\Exception\\DirectoryNotFoundException: The \"C:\\xampp\\htdocs\\laravel\\MTB_HMS_Booking_System\\MTB_Laravel\\MTB_Booking_System\\resources\\views\" directory does not exist. in C:\\xampp\\htdocs\\laravel\\MTB_HMS_Booking_System\\vendor\\symfony\\finder\\Finder.php:646
Stack trace:
#0 C:\\xampp\\htdocs\\laravel\\MTB_HMS_Booking_System\\vendor\\laravel\\framework\\src\\Illuminate\\Filesystem\\Filesystem.php(584): Symfony\\Component\\Finder\\Finder->in('C:\\\\xampp\\\\htdocs...')
#1 Command line code(1): Illuminate\\Filesystem\\Filesystem->files('C:\\\\xampp\\\\htdocs...')
#2 Command line code(1): getViews('C:\\\\xampp\\\\htdocs...', Object(Illuminate\\Filesystem\\Filesystem))
#3 {main}
  thrown at C:\\xampp\\htdocs\\laravel\\MTB_HMS_Booking_System\\vendor\\symfony\\finder\\Finder.php:646)
[stacktrace]
#0 {main}
"} 
[2025-04-21 12:37:15] local.ERROR: Uncaught Symfony\Component\Finder\Exception\DirectoryNotFoundException: The "C:\xampp\htdocs\laravel\MTB_HMS_Booking_System\MTB_Laravel\MTB_Booking_System\resources\views" directory does not exist. in C:\xampp\htdocs\laravel\MTB_HMS_Booking_System\vendor\symfony\finder\Finder.php:646
Stack trace:
#0 C:\xampp\htdocs\laravel\MTB_HMS_Booking_System\vendor\laravel\framework\src\Illuminate\Filesystem\Filesystem.php(584): Symfony\Component\Finder\Finder->in('C:\\xampp\\htdocs...')
#1 Command line code(1): Illuminate\Filesystem\Filesystem->files('C:\\xampp\\htdocs...')
#2 Command line code(1): getViews('C:\\xampp\\htdocs...', Object(Illuminate\Filesystem\Filesystem))
#3 {main}
  thrown {"exception":"[object] (Symfony\\Component\\ErrorHandler\\Error\\FatalError(code: 0): Uncaught Symfony\\Component\\Finder\\Exception\\DirectoryNotFoundException: The \"C:\\xampp\\htdocs\\laravel\\MTB_HMS_Booking_System\\MTB_Laravel\\MTB_Booking_System\\resources\\views\" directory does not exist. in C:\\xampp\\htdocs\\laravel\\MTB_HMS_Booking_System\\vendor\\symfony\\finder\\Finder.php:646
Stack trace:
#0 C:\\xampp\\htdocs\\laravel\\MTB_HMS_Booking_System\\vendor\\laravel\\framework\\src\\Illuminate\\Filesystem\\Filesystem.php(584): Symfony\\Component\\Finder\\Finder->in('C:\\\\xampp\\\\htdocs...')
#1 Command line code(1): Illuminate\\Filesystem\\Filesystem->files('C:\\\\xampp\\\\htdocs...')
#2 Command line code(1): getViews('C:\\\\xampp\\\\htdocs...', Object(Illuminate\\Filesystem\\Filesystem))
#3 {main}
  thrown at C:\\xampp\\htdocs\\laravel\\MTB_HMS_Booking_System\\vendor\\symfony\\finder\\Finder.php:646)
[stacktrace]
#0 {main}
"} 
[2025-04-21 12:37:17] local.ERROR: Uncaught Symfony\Component\Finder\Exception\DirectoryNotFoundException: The "C:\xampp\htdocs\laravel\MTB_HMS_Booking_System\MTB_Laravel\MTB_Booking_System\resources\views" directory does not exist. in C:\xampp\htdocs\laravel\MTB_HMS_Booking_System\vendor\symfony\finder\Finder.php:646
Stack trace:
#0 C:\xampp\htdocs\laravel\MTB_HMS_Booking_System\vendor\laravel\framework\src\Illuminate\Filesystem\Filesystem.php(584): Symfony\Component\Finder\Finder->in('C:\\xampp\\htdocs...')
#1 Command line code(1): Illuminate\Filesystem\Filesystem->files('C:\\xampp\\htdocs...')
#2 Command line code(1): getViews('C:\\xampp\\htdocs...', Object(Illuminate\Filesystem\Filesystem))
#3 {main}
  thrown {"exception":"[object] (Symfony\\Component\\ErrorHandler\\Error\\FatalError(code: 0): Uncaught Symfony\\Component\\Finder\\Exception\\DirectoryNotFoundException: The \"C:\\xampp\\htdocs\\laravel\\MTB_HMS_Booking_System\\MTB_Laravel\\MTB_Booking_System\\resources\\views\" directory does not exist. in C:\\xampp\\htdocs\\laravel\\MTB_HMS_Booking_System\\vendor\\symfony\\finder\\Finder.php:646
Stack trace:
#0 C:\\xampp\\htdocs\\laravel\\MTB_HMS_Booking_System\\vendor\\laravel\\framework\\src\\Illuminate\\Filesystem\\Filesystem.php(584): Symfony\\Component\\Finder\\Finder->in('C:\\\\xampp\\\\htdocs...')
#1 Command line code(1): Illuminate\\Filesystem\\Filesystem->files('C:\\\\xampp\\\\htdocs...')
#2 Command line code(1): getViews('C:\\\\xampp\\\\htdocs...', Object(Illuminate\\Filesystem\\Filesystem))
#3 {main}
  thrown at C:\\xampp\\htdocs\\laravel\\MTB_HMS_Booking_System\\vendor\\symfony\\finder\\Finder.php:646)
[stacktrace]
#0 {main}
"} 
[2025-04-21 12:37:18] local.ERROR: Uncaught Symfony\Component\Finder\Exception\DirectoryNotFoundException: The "C:\xampp\htdocs\laravel\MTB_HMS_Booking_System\MTB_Laravel\MTB_Booking_System\resources\views" directory does not exist. in C:\xampp\htdocs\laravel\MTB_HMS_Booking_System\vendor\symfony\finder\Finder.php:646
Stack trace:
#0 C:\xampp\htdocs\laravel\MTB_HMS_Booking_System\vendor\laravel\framework\src\Illuminate\Filesystem\Filesystem.php(584): Symfony\Component\Finder\Finder->in('C:\\xampp\\htdocs...')
#1 Command line code(1): Illuminate\Filesystem\Filesystem->files('C:\\xampp\\htdocs...')
#2 Command line code(1): getViews('C:\\xampp\\htdocs...', Object(Illuminate\Filesystem\Filesystem))
#3 {main}
  thrown {"exception":"[object] (Symfony\\Component\\ErrorHandler\\Error\\FatalError(code: 0): Uncaught Symfony\\Component\\Finder\\Exception\\DirectoryNotFoundException: The \"C:\\xampp\\htdocs\\laravel\\MTB_HMS_Booking_System\\MTB_Laravel\\MTB_Booking_System\\resources\\views\" directory does not exist. in C:\\xampp\\htdocs\\laravel\\MTB_HMS_Booking_System\\vendor\\symfony\\finder\\Finder.php:646
Stack trace:
#0 C:\\xampp\\htdocs\\laravel\\MTB_HMS_Booking_System\\vendor\\laravel\\framework\\src\\Illuminate\\Filesystem\\Filesystem.php(584): Symfony\\Component\\Finder\\Finder->in('C:\\\\xampp\\\\htdocs...')
#1 Command line code(1): Illuminate\\Filesystem\\Filesystem->files('C:\\\\xampp\\\\htdocs...')
#2 Command line code(1): getViews('C:\\\\xampp\\\\htdocs...', Object(Illuminate\\Filesystem\\Filesystem))
#3 {main}
  thrown at C:\\xampp\\htdocs\\laravel\\MTB_HMS_Booking_System\\vendor\\symfony\\finder\\Finder.php:646)
[stacktrace]
#0 {main}
"} 
[2025-04-21 12:37:19] local.ERROR: Uncaught Symfony\Component\Finder\Exception\DirectoryNotFoundException: The "C:\xampp\htdocs\laravel\MTB_HMS_Booking_System\MTB_Laravel\MTB_Booking_System\resources\views" directory does not exist. in C:\xampp\htdocs\laravel\MTB_HMS_Booking_System\vendor\symfony\finder\Finder.php:646
Stack trace:
#0 C:\xampp\htdocs\laravel\MTB_HMS_Booking_System\vendor\laravel\framework\src\Illuminate\Filesystem\Filesystem.php(584): Symfony\Component\Finder\Finder->in('C:\\xampp\\htdocs...')
#1 Command line code(1): Illuminate\Filesystem\Filesystem->files('C:\\xampp\\htdocs...')
#2 Command line code(1): getViews('C:\\xampp\\htdocs...', Object(Illuminate\Filesystem\Filesystem))
#3 {main}
  thrown {"exception":"[object] (Symfony\\Component\\ErrorHandler\\Error\\FatalError(code: 0): Uncaught Symfony\\Component\\Finder\\Exception\\DirectoryNotFoundException: The \"C:\\xampp\\htdocs\\laravel\\MTB_HMS_Booking_System\\MTB_Laravel\\MTB_Booking_System\\resources\\views\" directory does not exist. in C:\\xampp\\htdocs\\laravel\\MTB_HMS_Booking_System\\vendor\\symfony\\finder\\Finder.php:646
Stack trace:
#0 C:\\xampp\\htdocs\\laravel\\MTB_HMS_Booking_System\\vendor\\laravel\\framework\\src\\Illuminate\\Filesystem\\Filesystem.php(584): Symfony\\Component\\Finder\\Finder->in('C:\\\\xampp\\\\htdocs...')
#1 Command line code(1): Illuminate\\Filesystem\\Filesystem->files('C:\\\\xampp\\\\htdocs...')
#2 Command line code(1): getViews('C:\\\\xampp\\\\htdocs...', Object(Illuminate\\Filesystem\\Filesystem))
#3 {main}
  thrown at C:\\xampp\\htdocs\\laravel\\MTB_HMS_Booking_System\\vendor\\symfony\\finder\\Finder.php:646)
[stacktrace]
#0 {main}
"} 
[2025-04-21 12:37:22] local.ERROR: Uncaught Symfony\Component\Finder\Exception\DirectoryNotFoundException: The "C:\xampp\htdocs\laravel\MTB_HMS_Booking_System\MTB_Laravel\MTB_Booking_System\resources\views" directory does not exist. in C:\xampp\htdocs\laravel\MTB_HMS_Booking_System\vendor\symfony\finder\Finder.php:646
Stack trace:
#0 C:\xampp\htdocs\laravel\MTB_HMS_Booking_System\vendor\laravel\framework\src\Illuminate\Filesystem\Filesystem.php(584): Symfony\Component\Finder\Finder->in('C:\\xampp\\htdocs...')
#1 Command line code(1): Illuminate\Filesystem\Filesystem->files('C:\\xampp\\htdocs...')
#2 Command line code(1): getViews('C:\\xampp\\htdocs...', Object(Illuminate\Filesystem\Filesystem))
#3 {main}
  thrown {"exception":"[object] (Symfony\\Component\\ErrorHandler\\Error\\FatalError(code: 0): Uncaught Symfony\\Component\\Finder\\Exception\\DirectoryNotFoundException: The \"C:\\xampp\\htdocs\\laravel\\MTB_HMS_Booking_System\\MTB_Laravel\\MTB_Booking_System\\resources\\views\" directory does not exist. in C:\\xampp\\htdocs\\laravel\\MTB_HMS_Booking_System\\vendor\\symfony\\finder\\Finder.php:646
Stack trace:
#0 C:\\xampp\\htdocs\\laravel\\MTB_HMS_Booking_System\\vendor\\laravel\\framework\\src\\Illuminate\\Filesystem\\Filesystem.php(584): Symfony\\Component\\Finder\\Finder->in('C:\\\\xampp\\\\htdocs...')
#1 Command line code(1): Illuminate\\Filesystem\\Filesystem->files('C:\\\\xampp\\\\htdocs...')
#2 Command line code(1): getViews('C:\\\\xampp\\\\htdocs...', Object(Illuminate\\Filesystem\\Filesystem))
#3 {main}
  thrown at C:\\xampp\\htdocs\\laravel\\MTB_HMS_Booking_System\\vendor\\symfony\\finder\\Finder.php:646)
[stacktrace]
#0 {main}
"} 
[2025-04-21 12:37:22] local.ERROR: Uncaught Symfony\Component\Finder\Exception\DirectoryNotFoundException: The "C:\xampp\htdocs\laravel\MTB_HMS_Booking_System\MTB_Laravel\MTB_Booking_System\resources\views" directory does not exist. in C:\xampp\htdocs\laravel\MTB_HMS_Booking_System\vendor\symfony\finder\Finder.php:646
Stack trace:
#0 C:\xampp\htdocs\laravel\MTB_HMS_Booking_System\vendor\laravel\framework\src\Illuminate\Filesystem\Filesystem.php(584): Symfony\Component\Finder\Finder->in('C:\\xampp\\htdocs...')
#1 Command line code(1): Illuminate\Filesystem\Filesystem->files('C:\\xampp\\htdocs...')
#2 Command line code(1): getViews('C:\\xampp\\htdocs...', Object(Illuminate\Filesystem\Filesystem))
#3 {main}
  thrown {"exception":"[object] (Symfony\\Component\\ErrorHandler\\Error\\FatalError(code: 0): Uncaught Symfony\\Component\\Finder\\Exception\\DirectoryNotFoundException: The \"C:\\xampp\\htdocs\\laravel\\MTB_HMS_Booking_System\\MTB_Laravel\\MTB_Booking_System\\resources\\views\" directory does not exist. in C:\\xampp\\htdocs\\laravel\\MTB_HMS_Booking_System\\vendor\\symfony\\finder\\Finder.php:646
Stack trace:
#0 C:\\xampp\\htdocs\\laravel\\MTB_HMS_Booking_System\\vendor\\laravel\\framework\\src\\Illuminate\\Filesystem\\Filesystem.php(584): Symfony\\Component\\Finder\\Finder->in('C:\\\\xampp\\\\htdocs...')
#1 Command line code(1): Illuminate\\Filesystem\\Filesystem->files('C:\\\\xampp\\\\htdocs...')
#2 Command line code(1): getViews('C:\\\\xampp\\\\htdocs...', Object(Illuminate\\Filesystem\\Filesystem))
#3 {main}
  thrown at C:\\xampp\\htdocs\\laravel\\MTB_HMS_Booking_System\\vendor\\symfony\\finder\\Finder.php:646)
[stacktrace]
#0 {main}
"} 
[2025-04-21 12:37:23] local.ERROR: Uncaught Symfony\Component\Finder\Exception\DirectoryNotFoundException: The "C:\xampp\htdocs\laravel\MTB_HMS_Booking_System\MTB_Laravel\MTB_Booking_System\resources\views" directory does not exist. in C:\xampp\htdocs\laravel\MTB_HMS_Booking_System\vendor\symfony\finder\Finder.php:646
Stack trace:
#0 C:\xampp\htdocs\laravel\MTB_HMS_Booking_System\vendor\laravel\framework\src\Illuminate\Filesystem\Filesystem.php(584): Symfony\Component\Finder\Finder->in('C:\\xampp\\htdocs...')
#1 Command line code(1): Illuminate\Filesystem\Filesystem->files('C:\\xampp\\htdocs...')
#2 Command line code(1): getViews('C:\\xampp\\htdocs...', Object(Illuminate\Filesystem\Filesystem))
#3 {main}
  thrown {"exception":"[object] (Symfony\\Component\\ErrorHandler\\Error\\FatalError(code: 0): Uncaught Symfony\\Component\\Finder\\Exception\\DirectoryNotFoundException: The \"C:\\xampp\\htdocs\\laravel\\MTB_HMS_Booking_System\\MTB_Laravel\\MTB_Booking_System\\resources\\views\" directory does not exist. in C:\\xampp\\htdocs\\laravel\\MTB_HMS_Booking_System\\vendor\\symfony\\finder\\Finder.php:646
Stack trace:
#0 C:\\xampp\\htdocs\\laravel\\MTB_HMS_Booking_System\\vendor\\laravel\\framework\\src\\Illuminate\\Filesystem\\Filesystem.php(584): Symfony\\Component\\Finder\\Finder->in('C:\\\\xampp\\\\htdocs...')
#1 Command line code(1): Illuminate\\Filesystem\\Filesystem->files('C:\\\\xampp\\\\htdocs...')
#2 Command line code(1): getViews('C:\\\\xampp\\\\htdocs...', Object(Illuminate\\Filesystem\\Filesystem))
#3 {main}
  thrown at C:\\xampp\\htdocs\\laravel\\MTB_HMS_Booking_System\\vendor\\symfony\\finder\\Finder.php:646)
[stacktrace]
#0 {main}
"} 
[2025-04-21 12:37:24] local.ERROR: Uncaught Symfony\Component\Finder\Exception\DirectoryNotFoundException: The "C:\xampp\htdocs\laravel\MTB_HMS_Booking_System\MTB_Laravel\MTB_Booking_System\resources\views" directory does not exist. in C:\xampp\htdocs\laravel\MTB_HMS_Booking_System\vendor\symfony\finder\Finder.php:646
Stack trace:
#0 C:\xampp\htdocs\laravel\MTB_HMS_Booking_System\vendor\laravel\framework\src\Illuminate\Filesystem\Filesystem.php(584): Symfony\Component\Finder\Finder->in('C:\\xampp\\htdocs...')
#1 Command line code(1): Illuminate\Filesystem\Filesystem->files('C:\\xampp\\htdocs...')
#2 Command line code(1): getViews('C:\\xampp\\htdocs...', Object(Illuminate\Filesystem\Filesystem))
#3 {main}
  thrown {"exception":"[object] (Symfony\\Component\\ErrorHandler\\Error\\FatalError(code: 0): Uncaught Symfony\\Component\\Finder\\Exception\\DirectoryNotFoundException: The \"C:\\xampp\\htdocs\\laravel\\MTB_HMS_Booking_System\\MTB_Laravel\\MTB_Booking_System\\resources\\views\" directory does not exist. in C:\\xampp\\htdocs\\laravel\\MTB_HMS_Booking_System\\vendor\\symfony\\finder\\Finder.php:646
Stack trace:
#0 C:\\xampp\\htdocs\\laravel\\MTB_HMS_Booking_System\\vendor\\laravel\\framework\\src\\Illuminate\\Filesystem\\Filesystem.php(584): Symfony\\Component\\Finder\\Finder->in('C:\\\\xampp\\\\htdocs...')
#1 Command line code(1): Illuminate\\Filesystem\\Filesystem->files('C:\\\\xampp\\\\htdocs...')
#2 Command line code(1): getViews('C:\\\\xampp\\\\htdocs...', Object(Illuminate\\Filesystem\\Filesystem))
#3 {main}
  thrown at C:\\xampp\\htdocs\\laravel\\MTB_HMS_Booking_System\\vendor\\symfony\\finder\\Finder.php:646)
[stacktrace]
#0 {main}
"} 
[2025-04-21 12:37:25] local.ERROR: Uncaught Symfony\Component\Finder\Exception\DirectoryNotFoundException: The "C:\xampp\htdocs\laravel\MTB_HMS_Booking_System\MTB_Laravel\MTB_Booking_System\resources\views" directory does not exist. in C:\xampp\htdocs\laravel\MTB_HMS_Booking_System\vendor\symfony\finder\Finder.php:646
Stack trace:
#0 C:\xampp\htdocs\laravel\MTB_HMS_Booking_System\vendor\laravel\framework\src\Illuminate\Filesystem\Filesystem.php(584): Symfony\Component\Finder\Finder->in('C:\\xampp\\htdocs...')
#1 Command line code(1): Illuminate\Filesystem\Filesystem->files('C:\\xampp\\htdocs...')
#2 Command line code(1): getViews('C:\\xampp\\htdocs...', Object(Illuminate\Filesystem\Filesystem))
#3 {main}
  thrown {"exception":"[object] (Symfony\\Component\\ErrorHandler\\Error\\FatalError(code: 0): Uncaught Symfony\\Component\\Finder\\Exception\\DirectoryNotFoundException: The \"C:\\xampp\\htdocs\\laravel\\MTB_HMS_Booking_System\\MTB_Laravel\\MTB_Booking_System\\resources\\views\" directory does not exist. in C:\\xampp\\htdocs\\laravel\\MTB_HMS_Booking_System\\vendor\\symfony\\finder\\Finder.php:646
Stack trace:
#0 C:\\xampp\\htdocs\\laravel\\MTB_HMS_Booking_System\\vendor\\laravel\\framework\\src\\Illuminate\\Filesystem\\Filesystem.php(584): Symfony\\Component\\Finder\\Finder->in('C:\\\\xampp\\\\htdocs...')
#1 Command line code(1): Illuminate\\Filesystem\\Filesystem->files('C:\\\\xampp\\\\htdocs...')
#2 Command line code(1): getViews('C:\\\\xampp\\\\htdocs...', Object(Illuminate\\Filesystem\\Filesystem))
#3 {main}
  thrown at C:\\xampp\\htdocs\\laravel\\MTB_HMS_Booking_System\\vendor\\symfony\\finder\\Finder.php:646)
[stacktrace]
#0 {main}
"} 
[2025-04-21 12:37:27] local.ERROR: Uncaught Symfony\Component\Finder\Exception\DirectoryNotFoundException: The "C:\xampp\htdocs\laravel\MTB_HMS_Booking_System\MTB_Laravel\MTB_Booking_System\resources\views" directory does not exist. in C:\xampp\htdocs\laravel\MTB_HMS_Booking_System\vendor\symfony\finder\Finder.php:646
Stack trace:
#0 C:\xampp\htdocs\laravel\MTB_HMS_Booking_System\vendor\laravel\framework\src\Illuminate\Filesystem\Filesystem.php(584): Symfony\Component\Finder\Finder->in('C:\\xampp\\htdocs...')
#1 Command line code(1): Illuminate\Filesystem\Filesystem->files('C:\\xampp\\htdocs...')
#2 Command line code(1): getViews('C:\\xampp\\htdocs...', Object(Illuminate\Filesystem\Filesystem))
#3 {main}
  thrown {"exception":"[object] (Symfony\\Component\\ErrorHandler\\Error\\FatalError(code: 0): Uncaught Symfony\\Component\\Finder\\Exception\\DirectoryNotFoundException: The \"C:\\xampp\\htdocs\\laravel\\MTB_HMS_Booking_System\\MTB_Laravel\\MTB_Booking_System\\resources\\views\" directory does not exist. in C:\\xampp\\htdocs\\laravel\\MTB_HMS_Booking_System\\vendor\\symfony\\finder\\Finder.php:646
Stack trace:
#0 C:\\xampp\\htdocs\\laravel\\MTB_HMS_Booking_System\\vendor\\laravel\\framework\\src\\Illuminate\\Filesystem\\Filesystem.php(584): Symfony\\Component\\Finder\\Finder->in('C:\\\\xampp\\\\htdocs...')
#1 Command line code(1): Illuminate\\Filesystem\\Filesystem->files('C:\\\\xampp\\\\htdocs...')
#2 Command line code(1): getViews('C:\\\\xampp\\\\htdocs...', Object(Illuminate\\Filesystem\\Filesystem))
#3 {main}
  thrown at C:\\xampp\\htdocs\\laravel\\MTB_HMS_Booking_System\\vendor\\symfony\\finder\\Finder.php:646)
[stacktrace]
#0 {main}
"} 
[2025-04-21 12:37:29] local.ERROR: Uncaught Symfony\Component\Finder\Exception\DirectoryNotFoundException: The "C:\xampp\htdocs\laravel\MTB_HMS_Booking_System\MTB_Laravel\MTB_Booking_System\resources\views" directory does not exist. in C:\xampp\htdocs\laravel\MTB_HMS_Booking_System\vendor\symfony\finder\Finder.php:646
Stack trace:
#0 C:\xampp\htdocs\laravel\MTB_HMS_Booking_System\vendor\laravel\framework\src\Illuminate\Filesystem\Filesystem.php(584): Symfony\Component\Finder\Finder->in('C:\\xampp\\htdocs...')
#1 Command line code(1): Illuminate\Filesystem\Filesystem->files('C:\\xampp\\htdocs...')
#2 Command line code(1): getViews('C:\\xampp\\htdocs...', Object(Illuminate\Filesystem\Filesystem))
#3 {main}
  thrown {"exception":"[object] (Symfony\\Component\\ErrorHandler\\Error\\FatalError(code: 0): Uncaught Symfony\\Component\\Finder\\Exception\\DirectoryNotFoundException: The \"C:\\xampp\\htdocs\\laravel\\MTB_HMS_Booking_System\\MTB_Laravel\\MTB_Booking_System\\resources\\views\" directory does not exist. in C:\\xampp\\htdocs\\laravel\\MTB_HMS_Booking_System\\vendor\\symfony\\finder\\Finder.php:646
Stack trace:
#0 C:\\xampp\\htdocs\\laravel\\MTB_HMS_Booking_System\\vendor\\laravel\\framework\\src\\Illuminate\\Filesystem\\Filesystem.php(584): Symfony\\Component\\Finder\\Finder->in('C:\\\\xampp\\\\htdocs...')
#1 Command line code(1): Illuminate\\Filesystem\\Filesystem->files('C:\\\\xampp\\\\htdocs...')
#2 Command line code(1): getViews('C:\\\\xampp\\\\htdocs...', Object(Illuminate\\Filesystem\\Filesystem))
#3 {main}
  thrown at C:\\xampp\\htdocs\\laravel\\MTB_HMS_Booking_System\\vendor\\symfony\\finder\\Finder.php:646)
[stacktrace]
#0 {main}
"} 
[2025-04-21 12:37:29] local.ERROR: Uncaught Symfony\Component\Finder\Exception\DirectoryNotFoundException: The "C:\xampp\htdocs\laravel\MTB_HMS_Booking_System\MTB_Laravel\MTB_Booking_System\resources\views" directory does not exist. in C:\xampp\htdocs\laravel\MTB_HMS_Booking_System\vendor\symfony\finder\Finder.php:646
Stack trace:
#0 C:\xampp\htdocs\laravel\MTB_HMS_Booking_System\vendor\laravel\framework\src\Illuminate\Filesystem\Filesystem.php(584): Symfony\Component\Finder\Finder->in('C:\\xampp\\htdocs...')
#1 Command line code(1): Illuminate\Filesystem\Filesystem->files('C:\\xampp\\htdocs...')
#2 Command line code(1): getViews('C:\\xampp\\htdocs...', Object(Illuminate\Filesystem\Filesystem))
#3 {main}
  thrown {"exception":"[object] (Symfony\\Component\\ErrorHandler\\Error\\FatalError(code: 0): Uncaught Symfony\\Component\\Finder\\Exception\\DirectoryNotFoundException: The \"C:\\xampp\\htdocs\\laravel\\MTB_HMS_Booking_System\\MTB_Laravel\\MTB_Booking_System\\resources\\views\" directory does not exist. in C:\\xampp\\htdocs\\laravel\\MTB_HMS_Booking_System\\vendor\\symfony\\finder\\Finder.php:646
Stack trace:
#0 C:\\xampp\\htdocs\\laravel\\MTB_HMS_Booking_System\\vendor\\laravel\\framework\\src\\Illuminate\\Filesystem\\Filesystem.php(584): Symfony\\Component\\Finder\\Finder->in('C:\\\\xampp\\\\htdocs...')
#1 Command line code(1): Illuminate\\Filesystem\\Filesystem->files('C:\\\\xampp\\\\htdocs...')
#2 Command line code(1): getViews('C:\\\\xampp\\\\htdocs...', Object(Illuminate\\Filesystem\\Filesystem))
#3 {main}
  thrown at C:\\xampp\\htdocs\\laravel\\MTB_HMS_Booking_System\\vendor\\symfony\\finder\\Finder.php:646)
[stacktrace]
#0 {main}
"} 
[2025-04-21 12:37:32] local.ERROR: Uncaught Symfony\Component\Finder\Exception\DirectoryNotFoundException: The "C:\xampp\htdocs\laravel\MTB_HMS_Booking_System\MTB_Laravel\MTB_Booking_System\resources\views" directory does not exist. in C:\xampp\htdocs\laravel\MTB_HMS_Booking_System\vendor\symfony\finder\Finder.php:646
Stack trace:
#0 C:\xampp\htdocs\laravel\MTB_HMS_Booking_System\vendor\laravel\framework\src\Illuminate\Filesystem\Filesystem.php(584): Symfony\Component\Finder\Finder->in('C:\\xampp\\htdocs...')
#1 Command line code(1): Illuminate\Filesystem\Filesystem->files('C:\\xampp\\htdocs...')
#2 Command line code(1): getViews('C:\\xampp\\htdocs...', Object(Illuminate\Filesystem\Filesystem))
#3 {main}
  thrown {"exception":"[object] (Symfony\\Component\\ErrorHandler\\Error\\FatalError(code: 0): Uncaught Symfony\\Component\\Finder\\Exception\\DirectoryNotFoundException: The \"C:\\xampp\\htdocs\\laravel\\MTB_HMS_Booking_System\\MTB_Laravel\\MTB_Booking_System\\resources\\views\" directory does not exist. in C:\\xampp\\htdocs\\laravel\\MTB_HMS_Booking_System\\vendor\\symfony\\finder\\Finder.php:646
Stack trace:
#0 C:\\xampp\\htdocs\\laravel\\MTB_HMS_Booking_System\\vendor\\laravel\\framework\\src\\Illuminate\\Filesystem\\Filesystem.php(584): Symfony\\Component\\Finder\\Finder->in('C:\\\\xampp\\\\htdocs...')
#1 Command line code(1): Illuminate\\Filesystem\\Filesystem->files('C:\\\\xampp\\\\htdocs...')
#2 Command line code(1): getViews('C:\\\\xampp\\\\htdocs...', Object(Illuminate\\Filesystem\\Filesystem))
#3 {main}
  thrown at C:\\xampp\\htdocs\\laravel\\MTB_HMS_Booking_System\\vendor\\symfony\\finder\\Finder.php:646)
[stacktrace]
#0 {main}
"} 
[2025-04-21 12:37:33] local.ERROR: Uncaught Symfony\Component\Finder\Exception\DirectoryNotFoundException: The "C:\xampp\htdocs\laravel\MTB_HMS_Booking_System\MTB_Laravel\MTB_Booking_System\resources\views" directory does not exist. in C:\xampp\htdocs\laravel\MTB_HMS_Booking_System\vendor\symfony\finder\Finder.php:646
Stack trace:
#0 C:\xampp\htdocs\laravel\MTB_HMS_Booking_System\vendor\laravel\framework\src\Illuminate\Filesystem\Filesystem.php(584): Symfony\Component\Finder\Finder->in('C:\\xampp\\htdocs...')
#1 Command line code(1): Illuminate\Filesystem\Filesystem->files('C:\\xampp\\htdocs...')
#2 Command line code(1): getViews('C:\\xampp\\htdocs...', Object(Illuminate\Filesystem\Filesystem))
#3 {main}
  thrown {"exception":"[object] (Symfony\\Component\\ErrorHandler\\Error\\FatalError(code: 0): Uncaught Symfony\\Component\\Finder\\Exception\\DirectoryNotFoundException: The \"C:\\xampp\\htdocs\\laravel\\MTB_HMS_Booking_System\\MTB_Laravel\\MTB_Booking_System\\resources\\views\" directory does not exist. in C:\\xampp\\htdocs\\laravel\\MTB_HMS_Booking_System\\vendor\\symfony\\finder\\Finder.php:646
Stack trace:
#0 C:\\xampp\\htdocs\\laravel\\MTB_HMS_Booking_System\\vendor\\laravel\\framework\\src\\Illuminate\\Filesystem\\Filesystem.php(584): Symfony\\Component\\Finder\\Finder->in('C:\\\\xampp\\\\htdocs...')
#1 Command line code(1): Illuminate\\Filesystem\\Filesystem->files('C:\\\\xampp\\\\htdocs...')
#2 Command line code(1): getViews('C:\\\\xampp\\\\htdocs...', Object(Illuminate\\Filesystem\\Filesystem))
#3 {main}
  thrown at C:\\xampp\\htdocs\\laravel\\MTB_HMS_Booking_System\\vendor\\symfony\\finder\\Finder.php:646)
[stacktrace]
#0 {main}
"} 
[2025-04-21 12:37:34] local.ERROR: Uncaught Symfony\Component\Finder\Exception\DirectoryNotFoundException: The "C:\xampp\htdocs\laravel\MTB_HMS_Booking_System\MTB_Laravel\MTB_Booking_System\resources\views" directory does not exist. in C:\xampp\htdocs\laravel\MTB_HMS_Booking_System\vendor\symfony\finder\Finder.php:646
Stack trace:
#0 C:\xampp\htdocs\laravel\MTB_HMS_Booking_System\vendor\laravel\framework\src\Illuminate\Filesystem\Filesystem.php(584): Symfony\Component\Finder\Finder->in('C:\\xampp\\htdocs...')
#1 Command line code(1): Illuminate\Filesystem\Filesystem->files('C:\\xampp\\htdocs...')
#2 Command line code(1): getViews('C:\\xampp\\htdocs...', Object(Illuminate\Filesystem\Filesystem))
#3 {main}
  thrown {"exception":"[object] (Symfony\\Component\\ErrorHandler\\Error\\FatalError(code: 0): Uncaught Symfony\\Component\\Finder\\Exception\\DirectoryNotFoundException: The \"C:\\xampp\\htdocs\\laravel\\MTB_HMS_Booking_System\\MTB_Laravel\\MTB_Booking_System\\resources\\views\" directory does not exist. in C:\\xampp\\htdocs\\laravel\\MTB_HMS_Booking_System\\vendor\\symfony\\finder\\Finder.php:646
Stack trace:
#0 C:\\xampp\\htdocs\\laravel\\MTB_HMS_Booking_System\\vendor\\laravel\\framework\\src\\Illuminate\\Filesystem\\Filesystem.php(584): Symfony\\Component\\Finder\\Finder->in('C:\\\\xampp\\\\htdocs...')
#1 Command line code(1): Illuminate\\Filesystem\\Filesystem->files('C:\\\\xampp\\\\htdocs...')
#2 Command line code(1): getViews('C:\\\\xampp\\\\htdocs...', Object(Illuminate\\Filesystem\\Filesystem))
#3 {main}
  thrown at C:\\xampp\\htdocs\\laravel\\MTB_HMS_Booking_System\\vendor\\symfony\\finder\\Finder.php:646)
[stacktrace]
#0 {main}
"} 
[2025-04-21 12:37:35] local.ERROR: Uncaught Symfony\Component\Finder\Exception\DirectoryNotFoundException: The "C:\xampp\htdocs\laravel\MTB_HMS_Booking_System\MTB_Laravel\MTB_Booking_System\resources\views" directory does not exist. in C:\xampp\htdocs\laravel\MTB_HMS_Booking_System\vendor\symfony\finder\Finder.php:646
Stack trace:
#0 C:\xampp\htdocs\laravel\MTB_HMS_Booking_System\vendor\laravel\framework\src\Illuminate\Filesystem\Filesystem.php(584): Symfony\Component\Finder\Finder->in('C:\\xampp\\htdocs...')
#1 Command line code(1): Illuminate\Filesystem\Filesystem->files('C:\\xampp\\htdocs...')
#2 Command line code(1): getViews('C:\\xampp\\htdocs...', Object(Illuminate\Filesystem\Filesystem))
#3 {main}
  thrown {"exception":"[object] (Symfony\\Component\\ErrorHandler\\Error\\FatalError(code: 0): Uncaught Symfony\\Component\\Finder\\Exception\\DirectoryNotFoundException: The \"C:\\xampp\\htdocs\\laravel\\MTB_HMS_Booking_System\\MTB_Laravel\\MTB_Booking_System\\resources\\views\" directory does not exist. in C:\\xampp\\htdocs\\laravel\\MTB_HMS_Booking_System\\vendor\\symfony\\finder\\Finder.php:646
Stack trace:
#0 C:\\xampp\\htdocs\\laravel\\MTB_HMS_Booking_System\\vendor\\laravel\\framework\\src\\Illuminate\\Filesystem\\Filesystem.php(584): Symfony\\Component\\Finder\\Finder->in('C:\\\\xampp\\\\htdocs...')
#1 Command line code(1): Illuminate\\Filesystem\\Filesystem->files('C:\\\\xampp\\\\htdocs...')
#2 Command line code(1): getViews('C:\\\\xampp\\\\htdocs...', Object(Illuminate\\Filesystem\\Filesystem))
#3 {main}
  thrown at C:\\xampp\\htdocs\\laravel\\MTB_HMS_Booking_System\\vendor\\symfony\\finder\\Finder.php:646)
[stacktrace]
#0 {main}
"} 
[2025-04-21 12:37:37] local.ERROR: Uncaught Symfony\Component\Finder\Exception\DirectoryNotFoundException: The "C:\xampp\htdocs\laravel\MTB_HMS_Booking_System\MTB_Laravel\MTB_Booking_System\resources\views" directory does not exist. in C:\xampp\htdocs\laravel\MTB_HMS_Booking_System\vendor\symfony\finder\Finder.php:646
Stack trace:
#0 C:\xampp\htdocs\laravel\MTB_HMS_Booking_System\vendor\laravel\framework\src\Illuminate\Filesystem\Filesystem.php(584): Symfony\Component\Finder\Finder->in('C:\\xampp\\htdocs...')
#1 Command line code(1): Illuminate\Filesystem\Filesystem->files('C:\\xampp\\htdocs...')
#2 Command line code(1): getViews('C:\\xampp\\htdocs...', Object(Illuminate\Filesystem\Filesystem))
#3 {main}
  thrown {"exception":"[object] (Symfony\\Component\\ErrorHandler\\Error\\FatalError(code: 0): Uncaught Symfony\\Component\\Finder\\Exception\\DirectoryNotFoundException: The \"C:\\xampp\\htdocs\\laravel\\MTB_HMS_Booking_System\\MTB_Laravel\\MTB_Booking_System\\resources\\views\" directory does not exist. in C:\\xampp\\htdocs\\laravel\\MTB_HMS_Booking_System\\vendor\\symfony\\finder\\Finder.php:646
Stack trace:
#0 C:\\xampp\\htdocs\\laravel\\MTB_HMS_Booking_System\\vendor\\laravel\\framework\\src\\Illuminate\\Filesystem\\Filesystem.php(584): Symfony\\Component\\Finder\\Finder->in('C:\\\\xampp\\\\htdocs...')
#1 Command line code(1): Illuminate\\Filesystem\\Filesystem->files('C:\\\\xampp\\\\htdocs...')
#2 Command line code(1): getViews('C:\\\\xampp\\\\htdocs...', Object(Illuminate\\Filesystem\\Filesystem))
#3 {main}
  thrown at C:\\xampp\\htdocs\\laravel\\MTB_HMS_Booking_System\\vendor\\symfony\\finder\\Finder.php:646)
[stacktrace]
#0 {main}
"} 
[2025-04-21 12:37:38] local.ERROR: Uncaught Symfony\Component\Finder\Exception\DirectoryNotFoundException: The "C:\xampp\htdocs\laravel\MTB_HMS_Booking_System\MTB_Laravel\MTB_Booking_System\resources\views" directory does not exist. in C:\xampp\htdocs\laravel\MTB_HMS_Booking_System\vendor\symfony\finder\Finder.php:646
Stack trace:
#0 C:\xampp\htdocs\laravel\MTB_HMS_Booking_System\vendor\laravel\framework\src\Illuminate\Filesystem\Filesystem.php(584): Symfony\Component\Finder\Finder->in('C:\\xampp\\htdocs...')
#1 Command line code(1): Illuminate\Filesystem\Filesystem->files('C:\\xampp\\htdocs...')
#2 Command line code(1): getViews('C:\\xampp\\htdocs...', Object(Illuminate\Filesystem\Filesystem))
#3 {main}
  thrown {"exception":"[object] (Symfony\\Component\\ErrorHandler\\Error\\FatalError(code: 0): Uncaught Symfony\\Component\\Finder\\Exception\\DirectoryNotFoundException: The \"C:\\xampp\\htdocs\\laravel\\MTB_HMS_Booking_System\\MTB_Laravel\\MTB_Booking_System\\resources\\views\" directory does not exist. in C:\\xampp\\htdocs\\laravel\\MTB_HMS_Booking_System\\vendor\\symfony\\finder\\Finder.php:646
Stack trace:
#0 C:\\xampp\\htdocs\\laravel\\MTB_HMS_Booking_System\\vendor\\laravel\\framework\\src\\Illuminate\\Filesystem\\Filesystem.php(584): Symfony\\Component\\Finder\\Finder->in('C:\\\\xampp\\\\htdocs...')
#1 Command line code(1): Illuminate\\Filesystem\\Filesystem->files('C:\\\\xampp\\\\htdocs...')
#2 Command line code(1): getViews('C:\\\\xampp\\\\htdocs...', Object(Illuminate\\Filesystem\\Filesystem))
#3 {main}
  thrown at C:\\xampp\\htdocs\\laravel\\MTB_HMS_Booking_System\\vendor\\symfony\\finder\\Finder.php:646)
[stacktrace]
#0 {main}
"} 
[2025-04-21 12:37:39] local.ERROR: Uncaught Symfony\Component\Finder\Exception\DirectoryNotFoundException: The "C:\xampp\htdocs\laravel\MTB_HMS_Booking_System\MTB_Laravel\MTB_Booking_System\resources\views" directory does not exist. in C:\xampp\htdocs\laravel\MTB_HMS_Booking_System\vendor\symfony\finder\Finder.php:646
Stack trace:
#0 C:\xampp\htdocs\laravel\MTB_HMS_Booking_System\vendor\laravel\framework\src\Illuminate\Filesystem\Filesystem.php(584): Symfony\Component\Finder\Finder->in('C:\\xampp\\htdocs...')
#1 Command line code(1): Illuminate\Filesystem\Filesystem->files('C:\\xampp\\htdocs...')
#2 Command line code(1): getViews('C:\\xampp\\htdocs...', Object(Illuminate\Filesystem\Filesystem))
#3 {main}
  thrown {"exception":"[object] (Symfony\\Component\\ErrorHandler\\Error\\FatalError(code: 0): Uncaught Symfony\\Component\\Finder\\Exception\\DirectoryNotFoundException: The \"C:\\xampp\\htdocs\\laravel\\MTB_HMS_Booking_System\\MTB_Laravel\\MTB_Booking_System\\resources\\views\" directory does not exist. in C:\\xampp\\htdocs\\laravel\\MTB_HMS_Booking_System\\vendor\\symfony\\finder\\Finder.php:646
Stack trace:
#0 C:\\xampp\\htdocs\\laravel\\MTB_HMS_Booking_System\\vendor\\laravel\\framework\\src\\Illuminate\\Filesystem\\Filesystem.php(584): Symfony\\Component\\Finder\\Finder->in('C:\\\\xampp\\\\htdocs...')
#1 Command line code(1): Illuminate\\Filesystem\\Filesystem->files('C:\\\\xampp\\\\htdocs...')
#2 Command line code(1): getViews('C:\\\\xampp\\\\htdocs...', Object(Illuminate\\Filesystem\\Filesystem))
#3 {main}
  thrown at C:\\xampp\\htdocs\\laravel\\MTB_HMS_Booking_System\\vendor\\symfony\\finder\\Finder.php:646)
[stacktrace]
#0 {main}
"} 
[2025-04-21 12:37:40] local.ERROR: Uncaught Symfony\Component\Finder\Exception\DirectoryNotFoundException: The "C:\xampp\htdocs\laravel\MTB_HMS_Booking_System\MTB_Laravel\MTB_Booking_System\resources\views" directory does not exist. in C:\xampp\htdocs\laravel\MTB_HMS_Booking_System\vendor\symfony\finder\Finder.php:646
Stack trace:
#0 C:\xampp\htdocs\laravel\MTB_HMS_Booking_System\vendor\laravel\framework\src\Illuminate\Filesystem\Filesystem.php(584): Symfony\Component\Finder\Finder->in('C:\\xampp\\htdocs...')
#1 Command line code(1): Illuminate\Filesystem\Filesystem->files('C:\\xampp\\htdocs...')
#2 Command line code(1): getViews('C:\\xampp\\htdocs...', Object(Illuminate\Filesystem\Filesystem))
#3 {main}
  thrown {"exception":"[object] (Symfony\\Component\\ErrorHandler\\Error\\FatalError(code: 0): Uncaught Symfony\\Component\\Finder\\Exception\\DirectoryNotFoundException: The \"C:\\xampp\\htdocs\\laravel\\MTB_HMS_Booking_System\\MTB_Laravel\\MTB_Booking_System\\resources\\views\" directory does not exist. in C:\\xampp\\htdocs\\laravel\\MTB_HMS_Booking_System\\vendor\\symfony\\finder\\Finder.php:646
Stack trace:
#0 C:\\xampp\\htdocs\\laravel\\MTB_HMS_Booking_System\\vendor\\laravel\\framework\\src\\Illuminate\\Filesystem\\Filesystem.php(584): Symfony\\Component\\Finder\\Finder->in('C:\\\\xampp\\\\htdocs...')
#1 Command line code(1): Illuminate\\Filesystem\\Filesystem->files('C:\\\\xampp\\\\htdocs...')
#2 Command line code(1): getViews('C:\\\\xampp\\\\htdocs...', Object(Illuminate\\Filesystem\\Filesystem))
#3 {main}
  thrown at C:\\xampp\\htdocs\\laravel\\MTB_HMS_Booking_System\\vendor\\symfony\\finder\\Finder.php:646)
[stacktrace]
#0 {main}
"} 
[2025-04-21 12:37:42] local.ERROR: Uncaught Symfony\Component\Finder\Exception\DirectoryNotFoundException: The "C:\xampp\htdocs\laravel\MTB_HMS_Booking_System\MTB_Laravel\MTB_Booking_System\resources\views" directory does not exist. in C:\xampp\htdocs\laravel\MTB_HMS_Booking_System\vendor\symfony\finder\Finder.php:646
Stack trace:
#0 C:\xampp\htdocs\laravel\MTB_HMS_Booking_System\vendor\laravel\framework\src\Illuminate\Filesystem\Filesystem.php(584): Symfony\Component\Finder\Finder->in('C:\\xampp\\htdocs...')
#1 Command line code(1): Illuminate\Filesystem\Filesystem->files('C:\\xampp\\htdocs...')
#2 Command line code(1): getViews('C:\\xampp\\htdocs...', Object(Illuminate\Filesystem\Filesystem))
#3 {main}
  thrown {"exception":"[object] (Symfony\\Component\\ErrorHandler\\Error\\FatalError(code: 0): Uncaught Symfony\\Component\\Finder\\Exception\\DirectoryNotFoundException: The \"C:\\xampp\\htdocs\\laravel\\MTB_HMS_Booking_System\\MTB_Laravel\\MTB_Booking_System\\resources\\views\" directory does not exist. in C:\\xampp\\htdocs\\laravel\\MTB_HMS_Booking_System\\vendor\\symfony\\finder\\Finder.php:646
Stack trace:
#0 C:\\xampp\\htdocs\\laravel\\MTB_HMS_Booking_System\\vendor\\laravel\\framework\\src\\Illuminate\\Filesystem\\Filesystem.php(584): Symfony\\Component\\Finder\\Finder->in('C:\\\\xampp\\\\htdocs...')
#1 Command line code(1): Illuminate\\Filesystem\\Filesystem->files('C:\\\\xampp\\\\htdocs...')
#2 Command line code(1): getViews('C:\\\\xampp\\\\htdocs...', Object(Illuminate\\Filesystem\\Filesystem))
#3 {main}
  thrown at C:\\xampp\\htdocs\\laravel\\MTB_HMS_Booking_System\\vendor\\symfony\\finder\\Finder.php:646)
[stacktrace]
#0 {main}
"} 
[2025-04-21 12:37:43] local.ERROR: Uncaught Symfony\Component\Finder\Exception\DirectoryNotFoundException: The "C:\xampp\htdocs\laravel\MTB_HMS_Booking_System\MTB_Laravel\MTB_Booking_System\resources\views" directory does not exist. in C:\xampp\htdocs\laravel\MTB_HMS_Booking_System\vendor\symfony\finder\Finder.php:646
Stack trace:
#0 C:\xampp\htdocs\laravel\MTB_HMS_Booking_System\vendor\laravel\framework\src\Illuminate\Filesystem\Filesystem.php(584): Symfony\Component\Finder\Finder->in('C:\\xampp\\htdocs...')
#1 Command line code(1): Illuminate\Filesystem\Filesystem->files('C:\\xampp\\htdocs...')
#2 Command line code(1): getViews('C:\\xampp\\htdocs...', Object(Illuminate\Filesystem\Filesystem))
#3 {main}
  thrown {"exception":"[object] (Symfony\\Component\\ErrorHandler\\Error\\FatalError(code: 0): Uncaught Symfony\\Component\\Finder\\Exception\\DirectoryNotFoundException: The \"C:\\xampp\\htdocs\\laravel\\MTB_HMS_Booking_System\\MTB_Laravel\\MTB_Booking_System\\resources\\views\" directory does not exist. in C:\\xampp\\htdocs\\laravel\\MTB_HMS_Booking_System\\vendor\\symfony\\finder\\Finder.php:646
Stack trace:
#0 C:\\xampp\\htdocs\\laravel\\MTB_HMS_Booking_System\\vendor\\laravel\\framework\\src\\Illuminate\\Filesystem\\Filesystem.php(584): Symfony\\Component\\Finder\\Finder->in('C:\\\\xampp\\\\htdocs...')
#1 Command line code(1): Illuminate\\Filesystem\\Filesystem->files('C:\\\\xampp\\\\htdocs...')
#2 Command line code(1): getViews('C:\\\\xampp\\\\htdocs...', Object(Illuminate\\Filesystem\\Filesystem))
#3 {main}
  thrown at C:\\xampp\\htdocs\\laravel\\MTB_HMS_Booking_System\\vendor\\symfony\\finder\\Finder.php:646)
[stacktrace]
#0 {main}
"} 
[2025-04-21 12:37:44] local.ERROR: Uncaught Symfony\Component\Finder\Exception\DirectoryNotFoundException: The "C:\xampp\htdocs\laravel\MTB_HMS_Booking_System\MTB_Laravel\MTB_Booking_System\resources\views" directory does not exist. in C:\xampp\htdocs\laravel\MTB_HMS_Booking_System\vendor\symfony\finder\Finder.php:646
Stack trace:
#0 C:\xampp\htdocs\laravel\MTB_HMS_Booking_System\vendor\laravel\framework\src\Illuminate\Filesystem\Filesystem.php(584): Symfony\Component\Finder\Finder->in('C:\\xampp\\htdocs...')
#1 Command line code(1): Illuminate\Filesystem\Filesystem->files('C:\\xampp\\htdocs...')
#2 Command line code(1): getViews('C:\\xampp\\htdocs...', Object(Illuminate\Filesystem\Filesystem))
#3 {main}
  thrown {"exception":"[object] (Symfony\\Component\\ErrorHandler\\Error\\FatalError(code: 0): Uncaught Symfony\\Component\\Finder\\Exception\\DirectoryNotFoundException: The \"C:\\xampp\\htdocs\\laravel\\MTB_HMS_Booking_System\\MTB_Laravel\\MTB_Booking_System\\resources\\views\" directory does not exist. in C:\\xampp\\htdocs\\laravel\\MTB_HMS_Booking_System\\vendor\\symfony\\finder\\Finder.php:646
Stack trace:
#0 C:\\xampp\\htdocs\\laravel\\MTB_HMS_Booking_System\\vendor\\laravel\\framework\\src\\Illuminate\\Filesystem\\Filesystem.php(584): Symfony\\Component\\Finder\\Finder->in('C:\\\\xampp\\\\htdocs...')
#1 Command line code(1): Illuminate\\Filesystem\\Filesystem->files('C:\\\\xampp\\\\htdocs...')
#2 Command line code(1): getViews('C:\\\\xampp\\\\htdocs...', Object(Illuminate\\Filesystem\\Filesystem))
#3 {main}
  thrown at C:\\xampp\\htdocs\\laravel\\MTB_HMS_Booking_System\\vendor\\symfony\\finder\\Finder.php:646)
[stacktrace]
#0 {main}
"} 
[2025-04-21 12:37:47] local.ERROR: Uncaught Symfony\Component\Finder\Exception\DirectoryNotFoundException: The "C:\xampp\htdocs\laravel\MTB_HMS_Booking_System\MTB_Laravel\MTB_Booking_System\resources\views" directory does not exist. in C:\xampp\htdocs\laravel\MTB_HMS_Booking_System\vendor\symfony\finder\Finder.php:646
Stack trace:
#0 C:\xampp\htdocs\laravel\MTB_HMS_Booking_System\vendor\laravel\framework\src\Illuminate\Filesystem\Filesystem.php(584): Symfony\Component\Finder\Finder->in('C:\\xampp\\htdocs...')
#1 Command line code(1): Illuminate\Filesystem\Filesystem->files('C:\\xampp\\htdocs...')
#2 Command line code(1): getViews('C:\\xampp\\htdocs...', Object(Illuminate\Filesystem\Filesystem))
#3 {main}
  thrown {"exception":"[object] (Symfony\\Component\\ErrorHandler\\Error\\FatalError(code: 0): Uncaught Symfony\\Component\\Finder\\Exception\\DirectoryNotFoundException: The \"C:\\xampp\\htdocs\\laravel\\MTB_HMS_Booking_System\\MTB_Laravel\\MTB_Booking_System\\resources\\views\" directory does not exist. in C:\\xampp\\htdocs\\laravel\\MTB_HMS_Booking_System\\vendor\\symfony\\finder\\Finder.php:646
Stack trace:
#0 C:\\xampp\\htdocs\\laravel\\MTB_HMS_Booking_System\\vendor\\laravel\\framework\\src\\Illuminate\\Filesystem\\Filesystem.php(584): Symfony\\Component\\Finder\\Finder->in('C:\\\\xampp\\\\htdocs...')
#1 Command line code(1): Illuminate\\Filesystem\\Filesystem->files('C:\\\\xampp\\\\htdocs...')
#2 Command line code(1): getViews('C:\\\\xampp\\\\htdocs...', Object(Illuminate\\Filesystem\\Filesystem))
#3 {main}
  thrown at C:\\xampp\\htdocs\\laravel\\MTB_HMS_Booking_System\\vendor\\symfony\\finder\\Finder.php:646)
[stacktrace]
#0 {main}
"} 
[2025-04-21 12:37:48] local.ERROR: Uncaught Symfony\Component\Finder\Exception\DirectoryNotFoundException: The "C:\xampp\htdocs\laravel\MTB_HMS_Booking_System\MTB_Laravel\MTB_Booking_System\resources\views" directory does not exist. in C:\xampp\htdocs\laravel\MTB_HMS_Booking_System\vendor\symfony\finder\Finder.php:646
Stack trace:
#0 C:\xampp\htdocs\laravel\MTB_HMS_Booking_System\vendor\laravel\framework\src\Illuminate\Filesystem\Filesystem.php(584): Symfony\Component\Finder\Finder->in('C:\\xampp\\htdocs...')
#1 Command line code(1): Illuminate\Filesystem\Filesystem->files('C:\\xampp\\htdocs...')
#2 Command line code(1): getViews('C:\\xampp\\htdocs...', Object(Illuminate\Filesystem\Filesystem))
#3 {main}
  thrown {"exception":"[object] (Symfony\\Component\\ErrorHandler\\Error\\FatalError(code: 0): Uncaught Symfony\\Component\\Finder\\Exception\\DirectoryNotFoundException: The \"C:\\xampp\\htdocs\\laravel\\MTB_HMS_Booking_System\\MTB_Laravel\\MTB_Booking_System\\resources\\views\" directory does not exist. in C:\\xampp\\htdocs\\laravel\\MTB_HMS_Booking_System\\vendor\\symfony\\finder\\Finder.php:646
Stack trace:
#0 C:\\xampp\\htdocs\\laravel\\MTB_HMS_Booking_System\\vendor\\laravel\\framework\\src\\Illuminate\\Filesystem\\Filesystem.php(584): Symfony\\Component\\Finder\\Finder->in('C:\\\\xampp\\\\htdocs...')
#1 Command line code(1): Illuminate\\Filesystem\\Filesystem->files('C:\\\\xampp\\\\htdocs...')
#2 Command line code(1): getViews('C:\\\\xampp\\\\htdocs...', Object(Illuminate\\Filesystem\\Filesystem))
#3 {main}
  thrown at C:\\xampp\\htdocs\\laravel\\MTB_HMS_Booking_System\\vendor\\symfony\\finder\\Finder.php:646)
[stacktrace]
#0 {main}
"} 
[2025-04-21 12:37:49] local.ERROR: Uncaught Symfony\Component\Finder\Exception\DirectoryNotFoundException: The "C:\xampp\htdocs\laravel\MTB_HMS_Booking_System\MTB_Laravel\MTB_Booking_System\resources\views" directory does not exist. in C:\xampp\htdocs\laravel\MTB_HMS_Booking_System\vendor\symfony\finder\Finder.php:646
Stack trace:
#0 C:\xampp\htdocs\laravel\MTB_HMS_Booking_System\vendor\laravel\framework\src\Illuminate\Filesystem\Filesystem.php(584): Symfony\Component\Finder\Finder->in('C:\\xampp\\htdocs...')
#1 Command line code(1): Illuminate\Filesystem\Filesystem->files('C:\\xampp\\htdocs...')
#2 Command line code(1): getViews('C:\\xampp\\htdocs...', Object(Illuminate\Filesystem\Filesystem))
#3 {main}
  thrown {"exception":"[object] (Symfony\\Component\\ErrorHandler\\Error\\FatalError(code: 0): Uncaught Symfony\\Component\\Finder\\Exception\\DirectoryNotFoundException: The \"C:\\xampp\\htdocs\\laravel\\MTB_HMS_Booking_System\\MTB_Laravel\\MTB_Booking_System\\resources\\views\" directory does not exist. in C:\\xampp\\htdocs\\laravel\\MTB_HMS_Booking_System\\vendor\\symfony\\finder\\Finder.php:646
Stack trace:
#0 C:\\xampp\\htdocs\\laravel\\MTB_HMS_Booking_System\\vendor\\laravel\\framework\\src\\Illuminate\\Filesystem\\Filesystem.php(584): Symfony\\Component\\Finder\\Finder->in('C:\\\\xampp\\\\htdocs...')
#1 Command line code(1): Illuminate\\Filesystem\\Filesystem->files('C:\\\\xampp\\\\htdocs...')
#2 Command line code(1): getViews('C:\\\\xampp\\\\htdocs...', Object(Illuminate\\Filesystem\\Filesystem))
#3 {main}
  thrown at C:\\xampp\\htdocs\\laravel\\MTB_HMS_Booking_System\\vendor\\symfony\\finder\\Finder.php:646)
[stacktrace]
#0 {main}
"} 
[2025-04-21 12:37:52] local.ERROR: Uncaught Symfony\Component\Finder\Exception\DirectoryNotFoundException: The "C:\xampp\htdocs\laravel\MTB_HMS_Booking_System\MTB_Laravel\MTB_Booking_System\resources\views" directory does not exist. in C:\xampp\htdocs\laravel\MTB_HMS_Booking_System\vendor\symfony\finder\Finder.php:646
Stack trace:
#0 C:\xampp\htdocs\laravel\MTB_HMS_Booking_System\vendor\laravel\framework\src\Illuminate\Filesystem\Filesystem.php(584): Symfony\Component\Finder\Finder->in('C:\\xampp\\htdocs...')
#1 Command line code(1): Illuminate\Filesystem\Filesystem->files('C:\\xampp\\htdocs...')
#2 Command line code(1): getViews('C:\\xampp\\htdocs...', Object(Illuminate\Filesystem\Filesystem))
#3 {main}
  thrown {"exception":"[object] (Symfony\\Component\\ErrorHandler\\Error\\FatalError(code: 0): Uncaught Symfony\\Component\\Finder\\Exception\\DirectoryNotFoundException: The \"C:\\xampp\\htdocs\\laravel\\MTB_HMS_Booking_System\\MTB_Laravel\\MTB_Booking_System\\resources\\views\" directory does not exist. in C:\\xampp\\htdocs\\laravel\\MTB_HMS_Booking_System\\vendor\\symfony\\finder\\Finder.php:646
Stack trace:
#0 C:\\xampp\\htdocs\\laravel\\MTB_HMS_Booking_System\\vendor\\laravel\\framework\\src\\Illuminate\\Filesystem\\Filesystem.php(584): Symfony\\Component\\Finder\\Finder->in('C:\\\\xampp\\\\htdocs...')
#1 Command line code(1): Illuminate\\Filesystem\\Filesystem->files('C:\\\\xampp\\\\htdocs...')
#2 Command line code(1): getViews('C:\\\\xampp\\\\htdocs...', Object(Illuminate\\Filesystem\\Filesystem))
#3 {main}
  thrown at C:\\xampp\\htdocs\\laravel\\MTB_HMS_Booking_System\\vendor\\symfony\\finder\\Finder.php:646)
[stacktrace]
#0 {main}
"} 
[2025-04-21 12:37:52] local.ERROR: Uncaught Symfony\Component\Finder\Exception\DirectoryNotFoundException: The "C:\xampp\htdocs\laravel\MTB_HMS_Booking_System\MTB_Laravel\MTB_Booking_System\resources\views" directory does not exist. in C:\xampp\htdocs\laravel\MTB_HMS_Booking_System\vendor\symfony\finder\Finder.php:646
Stack trace:
#0 C:\xampp\htdocs\laravel\MTB_HMS_Booking_System\vendor\laravel\framework\src\Illuminate\Filesystem\Filesystem.php(584): Symfony\Component\Finder\Finder->in('C:\\xampp\\htdocs...')
#1 Command line code(1): Illuminate\Filesystem\Filesystem->files('C:\\xampp\\htdocs...')
#2 Command line code(1): getViews('C:\\xampp\\htdocs...', Object(Illuminate\Filesystem\Filesystem))
#3 {main}
  thrown {"exception":"[object] (Symfony\\Component\\ErrorHandler\\Error\\FatalError(code: 0): Uncaught Symfony\\Component\\Finder\\Exception\\DirectoryNotFoundException: The \"C:\\xampp\\htdocs\\laravel\\MTB_HMS_Booking_System\\MTB_Laravel\\MTB_Booking_System\\resources\\views\" directory does not exist. in C:\\xampp\\htdocs\\laravel\\MTB_HMS_Booking_System\\vendor\\symfony\\finder\\Finder.php:646
Stack trace:
#0 C:\\xampp\\htdocs\\laravel\\MTB_HMS_Booking_System\\vendor\\laravel\\framework\\src\\Illuminate\\Filesystem\\Filesystem.php(584): Symfony\\Component\\Finder\\Finder->in('C:\\\\xampp\\\\htdocs...')
#1 Command line code(1): Illuminate\\Filesystem\\Filesystem->files('C:\\\\xampp\\\\htdocs...')
#2 Command line code(1): getViews('C:\\\\xampp\\\\htdocs...', Object(Illuminate\\Filesystem\\Filesystem))
#3 {main}
  thrown at C:\\xampp\\htdocs\\laravel\\MTB_HMS_Booking_System\\vendor\\symfony\\finder\\Finder.php:646)
[stacktrace]
#0 {main}
"} 
[2025-04-21 12:37:53] local.ERROR: Uncaught Symfony\Component\Finder\Exception\DirectoryNotFoundException: The "C:\xampp\htdocs\laravel\MTB_HMS_Booking_System\MTB_Laravel\MTB_Booking_System\resources\views" directory does not exist. in C:\xampp\htdocs\laravel\MTB_HMS_Booking_System\vendor\symfony\finder\Finder.php:646
Stack trace:
#0 C:\xampp\htdocs\laravel\MTB_HMS_Booking_System\vendor\laravel\framework\src\Illuminate\Filesystem\Filesystem.php(584): Symfony\Component\Finder\Finder->in('C:\\xampp\\htdocs...')
#1 Command line code(1): Illuminate\Filesystem\Filesystem->files('C:\\xampp\\htdocs...')
#2 Command line code(1): getViews('C:\\xampp\\htdocs...', Object(Illuminate\Filesystem\Filesystem))
#3 {main}
  thrown {"exception":"[object] (Symfony\\Component\\ErrorHandler\\Error\\FatalError(code: 0): Uncaught Symfony\\Component\\Finder\\Exception\\DirectoryNotFoundException: The \"C:\\xampp\\htdocs\\laravel\\MTB_HMS_Booking_System\\MTB_Laravel\\MTB_Booking_System\\resources\\views\" directory does not exist. in C:\\xampp\\htdocs\\laravel\\MTB_HMS_Booking_System\\vendor\\symfony\\finder\\Finder.php:646
Stack trace:
#0 C:\\xampp\\htdocs\\laravel\\MTB_HMS_Booking_System\\vendor\\laravel\\framework\\src\\Illuminate\\Filesystem\\Filesystem.php(584): Symfony\\Component\\Finder\\Finder->in('C:\\\\xampp\\\\htdocs...')
#1 Command line code(1): Illuminate\\Filesystem\\Filesystem->files('C:\\\\xampp\\\\htdocs...')
#2 Command line code(1): getViews('C:\\\\xampp\\\\htdocs...', Object(Illuminate\\Filesystem\\Filesystem))
#3 {main}
  thrown at C:\\xampp\\htdocs\\laravel\\MTB_HMS_Booking_System\\vendor\\symfony\\finder\\Finder.php:646)
[stacktrace]
#0 {main}
"} 
[2025-04-21 12:37:54] local.ERROR: Uncaught Symfony\Component\Finder\Exception\DirectoryNotFoundException: The "C:\xampp\htdocs\laravel\MTB_HMS_Booking_System\MTB_Laravel\MTB_Booking_System\resources\views" directory does not exist. in C:\xampp\htdocs\laravel\MTB_HMS_Booking_System\vendor\symfony\finder\Finder.php:646
Stack trace:
#0 C:\xampp\htdocs\laravel\MTB_HMS_Booking_System\vendor\laravel\framework\src\Illuminate\Filesystem\Filesystem.php(584): Symfony\Component\Finder\Finder->in('C:\\xampp\\htdocs...')
#1 Command line code(1): Illuminate\Filesystem\Filesystem->files('C:\\xampp\\htdocs...')
#2 Command line code(1): getViews('C:\\xampp\\htdocs...', Object(Illuminate\Filesystem\Filesystem))
#3 {main}
  thrown {"exception":"[object] (Symfony\\Component\\ErrorHandler\\Error\\FatalError(code: 0): Uncaught Symfony\\Component\\Finder\\Exception\\DirectoryNotFoundException: The \"C:\\xampp\\htdocs\\laravel\\MTB_HMS_Booking_System\\MTB_Laravel\\MTB_Booking_System\\resources\\views\" directory does not exist. in C:\\xampp\\htdocs\\laravel\\MTB_HMS_Booking_System\\vendor\\symfony\\finder\\Finder.php:646
Stack trace:
#0 C:\\xampp\\htdocs\\laravel\\MTB_HMS_Booking_System\\vendor\\laravel\\framework\\src\\Illuminate\\Filesystem\\Filesystem.php(584): Symfony\\Component\\Finder\\Finder->in('C:\\\\xampp\\\\htdocs...')
#1 Command line code(1): Illuminate\\Filesystem\\Filesystem->files('C:\\\\xampp\\\\htdocs...')
#2 Command line code(1): getViews('C:\\\\xampp\\\\htdocs...', Object(Illuminate\\Filesystem\\Filesystem))
#3 {main}
  thrown at C:\\xampp\\htdocs\\laravel\\MTB_HMS_Booking_System\\vendor\\symfony\\finder\\Finder.php:646)
[stacktrace]
#0 {main}
"} 
[2025-04-21 12:37:54] local.ERROR: Uncaught Symfony\Component\Finder\Exception\DirectoryNotFoundException: The "C:\xampp\htdocs\laravel\MTB_HMS_Booking_System\MTB_Laravel\MTB_Booking_System\resources\views" directory does not exist. in C:\xampp\htdocs\laravel\MTB_HMS_Booking_System\vendor\symfony\finder\Finder.php:646
Stack trace:
#0 C:\xampp\htdocs\laravel\MTB_HMS_Booking_System\vendor\laravel\framework\src\Illuminate\Filesystem\Filesystem.php(584): Symfony\Component\Finder\Finder->in('C:\\xampp\\htdocs...')
#1 Command line code(1): Illuminate\Filesystem\Filesystem->files('C:\\xampp\\htdocs...')
#2 Command line code(1): getViews('C:\\xampp\\htdocs...', Object(Illuminate\Filesystem\Filesystem))
#3 {main}
  thrown {"exception":"[object] (Symfony\\Component\\ErrorHandler\\Error\\FatalError(code: 0): Uncaught Symfony\\Component\\Finder\\Exception\\DirectoryNotFoundException: The \"C:\\xampp\\htdocs\\laravel\\MTB_HMS_Booking_System\\MTB_Laravel\\MTB_Booking_System\\resources\\views\" directory does not exist. in C:\\xampp\\htdocs\\laravel\\MTB_HMS_Booking_System\\vendor\\symfony\\finder\\Finder.php:646
Stack trace:
#0 C:\\xampp\\htdocs\\laravel\\MTB_HMS_Booking_System\\vendor\\laravel\\framework\\src\\Illuminate\\Filesystem\\Filesystem.php(584): Symfony\\Component\\Finder\\Finder->in('C:\\\\xampp\\\\htdocs...')
#1 Command line code(1): Illuminate\\Filesystem\\Filesystem->files('C:\\\\xampp\\\\htdocs...')
#2 Command line code(1): getViews('C:\\\\xampp\\\\htdocs...', Object(Illuminate\\Filesystem\\Filesystem))
#3 {main}
  thrown at C:\\xampp\\htdocs\\laravel\\MTB_HMS_Booking_System\\vendor\\symfony\\finder\\Finder.php:646)
[stacktrace]
#0 {main}
"} 
[2025-04-21 12:37:57] local.ERROR: Uncaught Symfony\Component\Finder\Exception\DirectoryNotFoundException: The "C:\xampp\htdocs\laravel\MTB_HMS_Booking_System\MTB_Laravel\MTB_Booking_System\resources\views" directory does not exist. in C:\xampp\htdocs\laravel\MTB_HMS_Booking_System\vendor\symfony\finder\Finder.php:646
Stack trace:
#0 C:\xampp\htdocs\laravel\MTB_HMS_Booking_System\vendor\laravel\framework\src\Illuminate\Filesystem\Filesystem.php(584): Symfony\Component\Finder\Finder->in('C:\\xampp\\htdocs...')
#1 Command line code(1): Illuminate\Filesystem\Filesystem->files('C:\\xampp\\htdocs...')
#2 Command line code(1): getViews('C:\\xampp\\htdocs...', Object(Illuminate\Filesystem\Filesystem))
#3 {main}
  thrown {"exception":"[object] (Symfony\\Component\\ErrorHandler\\Error\\FatalError(code: 0): Uncaught Symfony\\Component\\Finder\\Exception\\DirectoryNotFoundException: The \"C:\\xampp\\htdocs\\laravel\\MTB_HMS_Booking_System\\MTB_Laravel\\MTB_Booking_System\\resources\\views\" directory does not exist. in C:\\xampp\\htdocs\\laravel\\MTB_HMS_Booking_System\\vendor\\symfony\\finder\\Finder.php:646
Stack trace:
#0 C:\\xampp\\htdocs\\laravel\\MTB_HMS_Booking_System\\vendor\\laravel\\framework\\src\\Illuminate\\Filesystem\\Filesystem.php(584): Symfony\\Component\\Finder\\Finder->in('C:\\\\xampp\\\\htdocs...')
#1 Command line code(1): Illuminate\\Filesystem\\Filesystem->files('C:\\\\xampp\\\\htdocs...')
#2 Command line code(1): getViews('C:\\\\xampp\\\\htdocs...', Object(Illuminate\\Filesystem\\Filesystem))
#3 {main}
  thrown at C:\\xampp\\htdocs\\laravel\\MTB_HMS_Booking_System\\vendor\\symfony\\finder\\Finder.php:646)
[stacktrace]
#0 {main}
"} 
[2025-04-21 12:37:57] local.ERROR: Uncaught Symfony\Component\Finder\Exception\DirectoryNotFoundException: The "C:\xampp\htdocs\laravel\MTB_HMS_Booking_System\MTB_Laravel\MTB_Booking_System\resources\views" directory does not exist. in C:\xampp\htdocs\laravel\MTB_HMS_Booking_System\vendor\symfony\finder\Finder.php:646
Stack trace:
#0 C:\xampp\htdocs\laravel\MTB_HMS_Booking_System\vendor\laravel\framework\src\Illuminate\Filesystem\Filesystem.php(584): Symfony\Component\Finder\Finder->in('C:\\xampp\\htdocs...')
#1 Command line code(1): Illuminate\Filesystem\Filesystem->files('C:\\xampp\\htdocs...')
#2 Command line code(1): getViews('C:\\xampp\\htdocs...', Object(Illuminate\Filesystem\Filesystem))
#3 {main}
  thrown {"exception":"[object] (Symfony\\Component\\ErrorHandler\\Error\\FatalError(code: 0): Uncaught Symfony\\Component\\Finder\\Exception\\DirectoryNotFoundException: The \"C:\\xampp\\htdocs\\laravel\\MTB_HMS_Booking_System\\MTB_Laravel\\MTB_Booking_System\\resources\\views\" directory does not exist. in C:\\xampp\\htdocs\\laravel\\MTB_HMS_Booking_System\\vendor\\symfony\\finder\\Finder.php:646
Stack trace:
#0 C:\\xampp\\htdocs\\laravel\\MTB_HMS_Booking_System\\vendor\\laravel\\framework\\src\\Illuminate\\Filesystem\\Filesystem.php(584): Symfony\\Component\\Finder\\Finder->in('C:\\\\xampp\\\\htdocs...')
#1 Command line code(1): Illuminate\\Filesystem\\Filesystem->files('C:\\\\xampp\\\\htdocs...')
#2 Command line code(1): getViews('C:\\\\xampp\\\\htdocs...', Object(Illuminate\\Filesystem\\Filesystem))
#3 {main}
  thrown at C:\\xampp\\htdocs\\laravel\\MTB_HMS_Booking_System\\vendor\\symfony\\finder\\Finder.php:646)
[stacktrace]
#0 {main}
"} 
[2025-04-21 12:37:58] local.ERROR: Uncaught Symfony\Component\Finder\Exception\DirectoryNotFoundException: The "C:\xampp\htdocs\laravel\MTB_HMS_Booking_System\MTB_Laravel\MTB_Booking_System\resources\views" directory does not exist. in C:\xampp\htdocs\laravel\MTB_HMS_Booking_System\vendor\symfony\finder\Finder.php:646
Stack trace:
#0 C:\xampp\htdocs\laravel\MTB_HMS_Booking_System\vendor\laravel\framework\src\Illuminate\Filesystem\Filesystem.php(584): Symfony\Component\Finder\Finder->in('C:\\xampp\\htdocs...')
#1 Command line code(1): Illuminate\Filesystem\Filesystem->files('C:\\xampp\\htdocs...')
#2 Command line code(1): getViews('C:\\xampp\\htdocs...', Object(Illuminate\Filesystem\Filesystem))
#3 {main}
  thrown {"exception":"[object] (Symfony\\Component\\ErrorHandler\\Error\\FatalError(code: 0): Uncaught Symfony\\Component\\Finder\\Exception\\DirectoryNotFoundException: The \"C:\\xampp\\htdocs\\laravel\\MTB_HMS_Booking_System\\MTB_Laravel\\MTB_Booking_System\\resources\\views\" directory does not exist. in C:\\xampp\\htdocs\\laravel\\MTB_HMS_Booking_System\\vendor\\symfony\\finder\\Finder.php:646
Stack trace:
#0 C:\\xampp\\htdocs\\laravel\\MTB_HMS_Booking_System\\vendor\\laravel\\framework\\src\\Illuminate\\Filesystem\\Filesystem.php(584): Symfony\\Component\\Finder\\Finder->in('C:\\\\xampp\\\\htdocs...')
#1 Command line code(1): Illuminate\\Filesystem\\Filesystem->files('C:\\\\xampp\\\\htdocs...')
#2 Command line code(1): getViews('C:\\\\xampp\\\\htdocs...', Object(Illuminate\\Filesystem\\Filesystem))
#3 {main}
  thrown at C:\\xampp\\htdocs\\laravel\\MTB_HMS_Booking_System\\vendor\\symfony\\finder\\Finder.php:646)
[stacktrace]
#0 {main}
"} 
[2025-04-21 12:37:59] local.ERROR: Uncaught Symfony\Component\Finder\Exception\DirectoryNotFoundException: The "C:\xampp\htdocs\laravel\MTB_HMS_Booking_System\MTB_Laravel\MTB_Booking_System\resources\views" directory does not exist. in C:\xampp\htdocs\laravel\MTB_HMS_Booking_System\vendor\symfony\finder\Finder.php:646
Stack trace:
#0 C:\xampp\htdocs\laravel\MTB_HMS_Booking_System\vendor\laravel\framework\src\Illuminate\Filesystem\Filesystem.php(584): Symfony\Component\Finder\Finder->in('C:\\xampp\\htdocs...')
#1 Command line code(1): Illuminate\Filesystem\Filesystem->files('C:\\xampp\\htdocs...')
#2 Command line code(1): getViews('C:\\xampp\\htdocs...', Object(Illuminate\Filesystem\Filesystem))
#3 {main}
  thrown {"exception":"[object] (Symfony\\Component\\ErrorHandler\\Error\\FatalError(code: 0): Uncaught Symfony\\Component\\Finder\\Exception\\DirectoryNotFoundException: The \"C:\\xampp\\htdocs\\laravel\\MTB_HMS_Booking_System\\MTB_Laravel\\MTB_Booking_System\\resources\\views\" directory does not exist. in C:\\xampp\\htdocs\\laravel\\MTB_HMS_Booking_System\\vendor\\symfony\\finder\\Finder.php:646
Stack trace:
#0 C:\\xampp\\htdocs\\laravel\\MTB_HMS_Booking_System\\vendor\\laravel\\framework\\src\\Illuminate\\Filesystem\\Filesystem.php(584): Symfony\\Component\\Finder\\Finder->in('C:\\\\xampp\\\\htdocs...')
#1 Command line code(1): Illuminate\\Filesystem\\Filesystem->files('C:\\\\xampp\\\\htdocs...')
#2 Command line code(1): getViews('C:\\\\xampp\\\\htdocs...', Object(Illuminate\\Filesystem\\Filesystem))
#3 {main}
  thrown at C:\\xampp\\htdocs\\laravel\\MTB_HMS_Booking_System\\vendor\\symfony\\finder\\Finder.php:646)
[stacktrace]
#0 {main}
"} 
[2025-04-21 12:38:00] local.ERROR: Uncaught Symfony\Component\Finder\Exception\DirectoryNotFoundException: The "C:\xampp\htdocs\laravel\MTB_HMS_Booking_System\MTB_Laravel\MTB_Booking_System\resources\views" directory does not exist. in C:\xampp\htdocs\laravel\MTB_HMS_Booking_System\vendor\symfony\finder\Finder.php:646
Stack trace:
#0 C:\xampp\htdocs\laravel\MTB_HMS_Booking_System\vendor\laravel\framework\src\Illuminate\Filesystem\Filesystem.php(584): Symfony\Component\Finder\Finder->in('C:\\xampp\\htdocs...')
#1 Command line code(1): Illuminate\Filesystem\Filesystem->files('C:\\xampp\\htdocs...')
#2 Command line code(1): getViews('C:\\xampp\\htdocs...', Object(Illuminate\Filesystem\Filesystem))
#3 {main}
  thrown {"exception":"[object] (Symfony\\Component\\ErrorHandler\\Error\\FatalError(code: 0): Uncaught Symfony\\Component\\Finder\\Exception\\DirectoryNotFoundException: The \"C:\\xampp\\htdocs\\laravel\\MTB_HMS_Booking_System\\MTB_Laravel\\MTB_Booking_System\\resources\\views\" directory does not exist. in C:\\xampp\\htdocs\\laravel\\MTB_HMS_Booking_System\\vendor\\symfony\\finder\\Finder.php:646
Stack trace:
#0 C:\\xampp\\htdocs\\laravel\\MTB_HMS_Booking_System\\vendor\\laravel\\framework\\src\\Illuminate\\Filesystem\\Filesystem.php(584): Symfony\\Component\\Finder\\Finder->in('C:\\\\xampp\\\\htdocs...')
#1 Command line code(1): Illuminate\\Filesystem\\Filesystem->files('C:\\\\xampp\\\\htdocs...')
#2 Command line code(1): getViews('C:\\\\xampp\\\\htdocs...', Object(Illuminate\\Filesystem\\Filesystem))
#3 {main}
  thrown at C:\\xampp\\htdocs\\laravel\\MTB_HMS_Booking_System\\vendor\\symfony\\finder\\Finder.php:646)
[stacktrace]
#0 {main}
"} 
[2025-04-21 12:38:02] local.ERROR: Uncaught Symfony\Component\Finder\Exception\DirectoryNotFoundException: The "C:\xampp\htdocs\laravel\MTB_HMS_Booking_System\MTB_Laravel\MTB_Booking_System\resources\views" directory does not exist. in C:\xampp\htdocs\laravel\MTB_HMS_Booking_System\vendor\symfony\finder\Finder.php:646
Stack trace:
#0 C:\xampp\htdocs\laravel\MTB_HMS_Booking_System\vendor\laravel\framework\src\Illuminate\Filesystem\Filesystem.php(584): Symfony\Component\Finder\Finder->in('C:\\xampp\\htdocs...')
#1 Command line code(1): Illuminate\Filesystem\Filesystem->files('C:\\xampp\\htdocs...')
#2 Command line code(1): getViews('C:\\xampp\\htdocs...', Object(Illuminate\Filesystem\Filesystem))
#3 {main}
  thrown {"exception":"[object] (Symfony\\Component\\ErrorHandler\\Error\\FatalError(code: 0): Uncaught Symfony\\Component\\Finder\\Exception\\DirectoryNotFoundException: The \"C:\\xampp\\htdocs\\laravel\\MTB_HMS_Booking_System\\MTB_Laravel\\MTB_Booking_System\\resources\\views\" directory does not exist. in C:\\xampp\\htdocs\\laravel\\MTB_HMS_Booking_System\\vendor\\symfony\\finder\\Finder.php:646
Stack trace:
#0 C:\\xampp\\htdocs\\laravel\\MTB_HMS_Booking_System\\vendor\\laravel\\framework\\src\\Illuminate\\Filesystem\\Filesystem.php(584): Symfony\\Component\\Finder\\Finder->in('C:\\\\xampp\\\\htdocs...')
#1 Command line code(1): Illuminate\\Filesystem\\Filesystem->files('C:\\\\xampp\\\\htdocs...')
#2 Command line code(1): getViews('C:\\\\xampp\\\\htdocs...', Object(Illuminate\\Filesystem\\Filesystem))
#3 {main}
  thrown at C:\\xampp\\htdocs\\laravel\\MTB_HMS_Booking_System\\vendor\\symfony\\finder\\Finder.php:646)
[stacktrace]
#0 {main}
"} 
[2025-04-21 12:38:03] local.ERROR: Uncaught Symfony\Component\Finder\Exception\DirectoryNotFoundException: The "C:\xampp\htdocs\laravel\MTB_HMS_Booking_System\MTB_Laravel\MTB_Booking_System\resources\views" directory does not exist. in C:\xampp\htdocs\laravel\MTB_HMS_Booking_System\vendor\symfony\finder\Finder.php:646
Stack trace:
#0 C:\xampp\htdocs\laravel\MTB_HMS_Booking_System\vendor\laravel\framework\src\Illuminate\Filesystem\Filesystem.php(584): Symfony\Component\Finder\Finder->in('C:\\xampp\\htdocs...')
#1 Command line code(1): Illuminate\Filesystem\Filesystem->files('C:\\xampp\\htdocs...')
#2 Command line code(1): getViews('C:\\xampp\\htdocs...', Object(Illuminate\Filesystem\Filesystem))
#3 {main}
  thrown {"exception":"[object] (Symfony\\Component\\ErrorHandler\\Error\\FatalError(code: 0): Uncaught Symfony\\Component\\Finder\\Exception\\DirectoryNotFoundException: The \"C:\\xampp\\htdocs\\laravel\\MTB_HMS_Booking_System\\MTB_Laravel\\MTB_Booking_System\\resources\\views\" directory does not exist. in C:\\xampp\\htdocs\\laravel\\MTB_HMS_Booking_System\\vendor\\symfony\\finder\\Finder.php:646
Stack trace:
#0 C:\\xampp\\htdocs\\laravel\\MTB_HMS_Booking_System\\vendor\\laravel\\framework\\src\\Illuminate\\Filesystem\\Filesystem.php(584): Symfony\\Component\\Finder\\Finder->in('C:\\\\xampp\\\\htdocs...')
#1 Command line code(1): Illuminate\\Filesystem\\Filesystem->files('C:\\\\xampp\\\\htdocs...')
#2 Command line code(1): getViews('C:\\\\xampp\\\\htdocs...', Object(Illuminate\\Filesystem\\Filesystem))
#3 {main}
  thrown at C:\\xampp\\htdocs\\laravel\\MTB_HMS_Booking_System\\vendor\\symfony\\finder\\Finder.php:646)
[stacktrace]
#0 {main}
"} 
[2025-04-21 12:38:04] local.ERROR: Uncaught Symfony\Component\Finder\Exception\DirectoryNotFoundException: The "C:\xampp\htdocs\laravel\MTB_HMS_Booking_System\MTB_Laravel\MTB_Booking_System\resources\views" directory does not exist. in C:\xampp\htdocs\laravel\MTB_HMS_Booking_System\vendor\symfony\finder\Finder.php:646
Stack trace:
#0 C:\xampp\htdocs\laravel\MTB_HMS_Booking_System\vendor\laravel\framework\src\Illuminate\Filesystem\Filesystem.php(584): Symfony\Component\Finder\Finder->in('C:\\xampp\\htdocs...')
#1 Command line code(1): Illuminate\Filesystem\Filesystem->files('C:\\xampp\\htdocs...')
#2 Command line code(1): getViews('C:\\xampp\\htdocs...', Object(Illuminate\Filesystem\Filesystem))
#3 {main}
  thrown {"exception":"[object] (Symfony\\Component\\ErrorHandler\\Error\\FatalError(code: 0): Uncaught Symfony\\Component\\Finder\\Exception\\DirectoryNotFoundException: The \"C:\\xampp\\htdocs\\laravel\\MTB_HMS_Booking_System\\MTB_Laravel\\MTB_Booking_System\\resources\\views\" directory does not exist. in C:\\xampp\\htdocs\\laravel\\MTB_HMS_Booking_System\\vendor\\symfony\\finder\\Finder.php:646
Stack trace:
#0 C:\\xampp\\htdocs\\laravel\\MTB_HMS_Booking_System\\vendor\\laravel\\framework\\src\\Illuminate\\Filesystem\\Filesystem.php(584): Symfony\\Component\\Finder\\Finder->in('C:\\\\xampp\\\\htdocs...')
#1 Command line code(1): Illuminate\\Filesystem\\Filesystem->files('C:\\\\xampp\\\\htdocs...')
#2 Command line code(1): getViews('C:\\\\xampp\\\\htdocs...', Object(Illuminate\\Filesystem\\Filesystem))
#3 {main}
  thrown at C:\\xampp\\htdocs\\laravel\\MTB_HMS_Booking_System\\vendor\\symfony\\finder\\Finder.php:646)
[stacktrace]
#0 {main}
"} 
[2025-04-21 12:38:05] local.ERROR: Uncaught Symfony\Component\Finder\Exception\DirectoryNotFoundException: The "C:\xampp\htdocs\laravel\MTB_HMS_Booking_System\MTB_Laravel\MTB_Booking_System\resources\views" directory does not exist. in C:\xampp\htdocs\laravel\MTB_HMS_Booking_System\vendor\symfony\finder\Finder.php:646
Stack trace:
#0 C:\xampp\htdocs\laravel\MTB_HMS_Booking_System\vendor\laravel\framework\src\Illuminate\Filesystem\Filesystem.php(584): Symfony\Component\Finder\Finder->in('C:\\xampp\\htdocs...')
#1 Command line code(1): Illuminate\Filesystem\Filesystem->files('C:\\xampp\\htdocs...')
#2 Command line code(1): getViews('C:\\xampp\\htdocs...', Object(Illuminate\Filesystem\Filesystem))
#3 {main}
  thrown {"exception":"[object] (Symfony\\Component\\ErrorHandler\\Error\\FatalError(code: 0): Uncaught Symfony\\Component\\Finder\\Exception\\DirectoryNotFoundException: The \"C:\\xampp\\htdocs\\laravel\\MTB_HMS_Booking_System\\MTB_Laravel\\MTB_Booking_System\\resources\\views\" directory does not exist. in C:\\xampp\\htdocs\\laravel\\MTB_HMS_Booking_System\\vendor\\symfony\\finder\\Finder.php:646
Stack trace:
#0 C:\\xampp\\htdocs\\laravel\\MTB_HMS_Booking_System\\vendor\\laravel\\framework\\src\\Illuminate\\Filesystem\\Filesystem.php(584): Symfony\\Component\\Finder\\Finder->in('C:\\\\xampp\\\\htdocs...')
#1 Command line code(1): Illuminate\\Filesystem\\Filesystem->files('C:\\\\xampp\\\\htdocs...')
#2 Command line code(1): getViews('C:\\\\xampp\\\\htdocs...', Object(Illuminate\\Filesystem\\Filesystem))
#3 {main}
  thrown at C:\\xampp\\htdocs\\laravel\\MTB_HMS_Booking_System\\vendor\\symfony\\finder\\Finder.php:646)
[stacktrace]
#0 {main}
"} 
[2025-04-21 12:38:07] local.ERROR: Uncaught Symfony\Component\Finder\Exception\DirectoryNotFoundException: The "C:\xampp\htdocs\laravel\MTB_HMS_Booking_System\MTB_Laravel\MTB_Booking_System\resources\views" directory does not exist. in C:\xampp\htdocs\laravel\MTB_HMS_Booking_System\vendor\symfony\finder\Finder.php:646
Stack trace:
#0 C:\xampp\htdocs\laravel\MTB_HMS_Booking_System\vendor\laravel\framework\src\Illuminate\Filesystem\Filesystem.php(584): Symfony\Component\Finder\Finder->in('C:\\xampp\\htdocs...')
#1 Command line code(1): Illuminate\Filesystem\Filesystem->files('C:\\xampp\\htdocs...')
#2 Command line code(1): getViews('C:\\xampp\\htdocs...', Object(Illuminate\Filesystem\Filesystem))
#3 {main}
  thrown {"exception":"[object] (Symfony\\Component\\ErrorHandler\\Error\\FatalError(code: 0): Uncaught Symfony\\Component\\Finder\\Exception\\DirectoryNotFoundException: The \"C:\\xampp\\htdocs\\laravel\\MTB_HMS_Booking_System\\MTB_Laravel\\MTB_Booking_System\\resources\\views\" directory does not exist. in C:\\xampp\\htdocs\\laravel\\MTB_HMS_Booking_System\\vendor\\symfony\\finder\\Finder.php:646
Stack trace:
#0 C:\\xampp\\htdocs\\laravel\\MTB_HMS_Booking_System\\vendor\\laravel\\framework\\src\\Illuminate\\Filesystem\\Filesystem.php(584): Symfony\\Component\\Finder\\Finder->in('C:\\\\xampp\\\\htdocs...')
#1 Command line code(1): Illuminate\\Filesystem\\Filesystem->files('C:\\\\xampp\\\\htdocs...')
#2 Command line code(1): getViews('C:\\\\xampp\\\\htdocs...', Object(Illuminate\\Filesystem\\Filesystem))
#3 {main}
  thrown at C:\\xampp\\htdocs\\laravel\\MTB_HMS_Booking_System\\vendor\\symfony\\finder\\Finder.php:646)
[stacktrace]
#0 {main}
"} 
[2025-04-21 12:38:08] local.ERROR: Uncaught Symfony\Component\Finder\Exception\DirectoryNotFoundException: The "C:\xampp\htdocs\laravel\MTB_HMS_Booking_System\MTB_Laravel\MTB_Booking_System\resources\views" directory does not exist. in C:\xampp\htdocs\laravel\MTB_HMS_Booking_System\vendor\symfony\finder\Finder.php:646
Stack trace:
#0 C:\xampp\htdocs\laravel\MTB_HMS_Booking_System\vendor\laravel\framework\src\Illuminate\Filesystem\Filesystem.php(584): Symfony\Component\Finder\Finder->in('C:\\xampp\\htdocs...')
#1 Command line code(1): Illuminate\Filesystem\Filesystem->files('C:\\xampp\\htdocs...')
#2 Command line code(1): getViews('C:\\xampp\\htdocs...', Object(Illuminate\Filesystem\Filesystem))
#3 {main}
  thrown {"exception":"[object] (Symfony\\Component\\ErrorHandler\\Error\\FatalError(code: 0): Uncaught Symfony\\Component\\Finder\\Exception\\DirectoryNotFoundException: The \"C:\\xampp\\htdocs\\laravel\\MTB_HMS_Booking_System\\MTB_Laravel\\MTB_Booking_System\\resources\\views\" directory does not exist. in C:\\xampp\\htdocs\\laravel\\MTB_HMS_Booking_System\\vendor\\symfony\\finder\\Finder.php:646
Stack trace:
#0 C:\\xampp\\htdocs\\laravel\\MTB_HMS_Booking_System\\vendor\\laravel\\framework\\src\\Illuminate\\Filesystem\\Filesystem.php(584): Symfony\\Component\\Finder\\Finder->in('C:\\\\xampp\\\\htdocs...')
#1 Command line code(1): Illuminate\\Filesystem\\Filesystem->files('C:\\\\xampp\\\\htdocs...')
#2 Command line code(1): getViews('C:\\\\xampp\\\\htdocs...', Object(Illuminate\\Filesystem\\Filesystem))
#3 {main}
  thrown at C:\\xampp\\htdocs\\laravel\\MTB_HMS_Booking_System\\vendor\\symfony\\finder\\Finder.php:646)
[stacktrace]
#0 {main}
"} 
[2025-04-21 12:38:09] local.ERROR: Uncaught Symfony\Component\Finder\Exception\DirectoryNotFoundException: The "C:\xampp\htdocs\laravel\MTB_HMS_Booking_System\MTB_Laravel\MTB_Booking_System\resources\views" directory does not exist. in C:\xampp\htdocs\laravel\MTB_HMS_Booking_System\vendor\symfony\finder\Finder.php:646
Stack trace:
#0 C:\xampp\htdocs\laravel\MTB_HMS_Booking_System\vendor\laravel\framework\src\Illuminate\Filesystem\Filesystem.php(584): Symfony\Component\Finder\Finder->in('C:\\xampp\\htdocs...')
#1 Command line code(1): Illuminate\Filesystem\Filesystem->files('C:\\xampp\\htdocs...')
#2 Command line code(1): getViews('C:\\xampp\\htdocs...', Object(Illuminate\Filesystem\Filesystem))
#3 {main}
  thrown {"exception":"[object] (Symfony\\Component\\ErrorHandler\\Error\\FatalError(code: 0): Uncaught Symfony\\Component\\Finder\\Exception\\DirectoryNotFoundException: The \"C:\\xampp\\htdocs\\laravel\\MTB_HMS_Booking_System\\MTB_Laravel\\MTB_Booking_System\\resources\\views\" directory does not exist. in C:\\xampp\\htdocs\\laravel\\MTB_HMS_Booking_System\\vendor\\symfony\\finder\\Finder.php:646
Stack trace:
#0 C:\\xampp\\htdocs\\laravel\\MTB_HMS_Booking_System\\vendor\\laravel\\framework\\src\\Illuminate\\Filesystem\\Filesystem.php(584): Symfony\\Component\\Finder\\Finder->in('C:\\\\xampp\\\\htdocs...')
#1 Command line code(1): Illuminate\\Filesystem\\Filesystem->files('C:\\\\xampp\\\\htdocs...')
#2 Command line code(1): getViews('C:\\\\xampp\\\\htdocs...', Object(Illuminate\\Filesystem\\Filesystem))
#3 {main}
  thrown at C:\\xampp\\htdocs\\laravel\\MTB_HMS_Booking_System\\vendor\\symfony\\finder\\Finder.php:646)
[stacktrace]
#0 {main}
"} 
[2025-04-21 12:38:12] local.ERROR: Uncaught Symfony\Component\Finder\Exception\DirectoryNotFoundException: The "C:\xampp\htdocs\laravel\MTB_HMS_Booking_System\MTB_Laravel\MTB_Booking_System\resources\views" directory does not exist. in C:\xampp\htdocs\laravel\MTB_HMS_Booking_System\vendor\symfony\finder\Finder.php:646
Stack trace:
#0 C:\xampp\htdocs\laravel\MTB_HMS_Booking_System\vendor\laravel\framework\src\Illuminate\Filesystem\Filesystem.php(584): Symfony\Component\Finder\Finder->in('C:\\xampp\\htdocs...')
#1 Command line code(1): Illuminate\Filesystem\Filesystem->files('C:\\xampp\\htdocs...')
#2 Command line code(1): getViews('C:\\xampp\\htdocs...', Object(Illuminate\Filesystem\Filesystem))
#3 {main}
  thrown {"exception":"[object] (Symfony\\Component\\ErrorHandler\\Error\\FatalError(code: 0): Uncaught Symfony\\Component\\Finder\\Exception\\DirectoryNotFoundException: The \"C:\\xampp\\htdocs\\laravel\\MTB_HMS_Booking_System\\MTB_Laravel\\MTB_Booking_System\\resources\\views\" directory does not exist. in C:\\xampp\\htdocs\\laravel\\MTB_HMS_Booking_System\\vendor\\symfony\\finder\\Finder.php:646
Stack trace:
#0 C:\\xampp\\htdocs\\laravel\\MTB_HMS_Booking_System\\vendor\\laravel\\framework\\src\\Illuminate\\Filesystem\\Filesystem.php(584): Symfony\\Component\\Finder\\Finder->in('C:\\\\xampp\\\\htdocs...')
#1 Command line code(1): Illuminate\\Filesystem\\Filesystem->files('C:\\\\xampp\\\\htdocs...')
#2 Command line code(1): getViews('C:\\\\xampp\\\\htdocs...', Object(Illuminate\\Filesystem\\Filesystem))
#3 {main}
  thrown at C:\\xampp\\htdocs\\laravel\\MTB_HMS_Booking_System\\vendor\\symfony\\finder\\Finder.php:646)
[stacktrace]
#0 {main}
"} 
[2025-04-21 12:38:13] local.ERROR: Uncaught Symfony\Component\Finder\Exception\DirectoryNotFoundException: The "C:\xampp\htdocs\laravel\MTB_HMS_Booking_System\MTB_Laravel\MTB_Booking_System\resources\views" directory does not exist. in C:\xampp\htdocs\laravel\MTB_HMS_Booking_System\vendor\symfony\finder\Finder.php:646
Stack trace:
#0 C:\xampp\htdocs\laravel\MTB_HMS_Booking_System\vendor\laravel\framework\src\Illuminate\Filesystem\Filesystem.php(584): Symfony\Component\Finder\Finder->in('C:\\xampp\\htdocs...')
#1 Command line code(1): Illuminate\Filesystem\Filesystem->files('C:\\xampp\\htdocs...')
#2 Command line code(1): getViews('C:\\xampp\\htdocs...', Object(Illuminate\Filesystem\Filesystem))
#3 {main}
  thrown {"exception":"[object] (Symfony\\Component\\ErrorHandler\\Error\\FatalError(code: 0): Uncaught Symfony\\Component\\Finder\\Exception\\DirectoryNotFoundException: The \"C:\\xampp\\htdocs\\laravel\\MTB_HMS_Booking_System\\MTB_Laravel\\MTB_Booking_System\\resources\\views\" directory does not exist. in C:\\xampp\\htdocs\\laravel\\MTB_HMS_Booking_System\\vendor\\symfony\\finder\\Finder.php:646
Stack trace:
#0 C:\\xampp\\htdocs\\laravel\\MTB_HMS_Booking_System\\vendor\\laravel\\framework\\src\\Illuminate\\Filesystem\\Filesystem.php(584): Symfony\\Component\\Finder\\Finder->in('C:\\\\xampp\\\\htdocs...')
#1 Command line code(1): Illuminate\\Filesystem\\Filesystem->files('C:\\\\xampp\\\\htdocs...')
#2 Command line code(1): getViews('C:\\\\xampp\\\\htdocs...', Object(Illuminate\\Filesystem\\Filesystem))
#3 {main}
  thrown at C:\\xampp\\htdocs\\laravel\\MTB_HMS_Booking_System\\vendor\\symfony\\finder\\Finder.php:646)
[stacktrace]
#0 {main}
"} 
[2025-04-21 12:38:14] local.ERROR: Uncaught Symfony\Component\Finder\Exception\DirectoryNotFoundException: The "C:\xampp\htdocs\laravel\MTB_HMS_Booking_System\MTB_Laravel\MTB_Booking_System\resources\views" directory does not exist. in C:\xampp\htdocs\laravel\MTB_HMS_Booking_System\vendor\symfony\finder\Finder.php:646
Stack trace:
#0 C:\xampp\htdocs\laravel\MTB_HMS_Booking_System\vendor\laravel\framework\src\Illuminate\Filesystem\Filesystem.php(584): Symfony\Component\Finder\Finder->in('C:\\xampp\\htdocs...')
#1 Command line code(1): Illuminate\Filesystem\Filesystem->files('C:\\xampp\\htdocs...')
#2 Command line code(1): getViews('C:\\xampp\\htdocs...', Object(Illuminate\Filesystem\Filesystem))
#3 {main}
  thrown {"exception":"[object] (Symfony\\Component\\ErrorHandler\\Error\\FatalError(code: 0): Uncaught Symfony\\Component\\Finder\\Exception\\DirectoryNotFoundException: The \"C:\\xampp\\htdocs\\laravel\\MTB_HMS_Booking_System\\MTB_Laravel\\MTB_Booking_System\\resources\\views\" directory does not exist. in C:\\xampp\\htdocs\\laravel\\MTB_HMS_Booking_System\\vendor\\symfony\\finder\\Finder.php:646
Stack trace:
#0 C:\\xampp\\htdocs\\laravel\\MTB_HMS_Booking_System\\vendor\\laravel\\framework\\src\\Illuminate\\Filesystem\\Filesystem.php(584): Symfony\\Component\\Finder\\Finder->in('C:\\\\xampp\\\\htdocs...')
#1 Command line code(1): Illuminate\\Filesystem\\Filesystem->files('C:\\\\xampp\\\\htdocs...')
#2 Command line code(1): getViews('C:\\\\xampp\\\\htdocs...', Object(Illuminate\\Filesystem\\Filesystem))
#3 {main}
  thrown at C:\\xampp\\htdocs\\laravel\\MTB_HMS_Booking_System\\vendor\\symfony\\finder\\Finder.php:646)
[stacktrace]
#0 {main}
"} 
[2025-04-21 12:38:17] local.ERROR: Uncaught Symfony\Component\Finder\Exception\DirectoryNotFoundException: The "C:\xampp\htdocs\laravel\MTB_HMS_Booking_System\MTB_Laravel\MTB_Booking_System\resources\views" directory does not exist. in C:\xampp\htdocs\laravel\MTB_HMS_Booking_System\vendor\symfony\finder\Finder.php:646
Stack trace:
#0 C:\xampp\htdocs\laravel\MTB_HMS_Booking_System\vendor\laravel\framework\src\Illuminate\Filesystem\Filesystem.php(584): Symfony\Component\Finder\Finder->in('C:\\xampp\\htdocs...')
#1 Command line code(1): Illuminate\Filesystem\Filesystem->files('C:\\xampp\\htdocs...')
#2 Command line code(1): getViews('C:\\xampp\\htdocs...', Object(Illuminate\Filesystem\Filesystem))
#3 {main}
  thrown {"exception":"[object] (Symfony\\Component\\ErrorHandler\\Error\\FatalError(code: 0): Uncaught Symfony\\Component\\Finder\\Exception\\DirectoryNotFoundException: The \"C:\\xampp\\htdocs\\laravel\\MTB_HMS_Booking_System\\MTB_Laravel\\MTB_Booking_System\\resources\\views\" directory does not exist. in C:\\xampp\\htdocs\\laravel\\MTB_HMS_Booking_System\\vendor\\symfony\\finder\\Finder.php:646
Stack trace:
#0 C:\\xampp\\htdocs\\laravel\\MTB_HMS_Booking_System\\vendor\\laravel\\framework\\src\\Illuminate\\Filesystem\\Filesystem.php(584): Symfony\\Component\\Finder\\Finder->in('C:\\\\xampp\\\\htdocs...')
#1 Command line code(1): Illuminate\\Filesystem\\Filesystem->files('C:\\\\xampp\\\\htdocs...')
#2 Command line code(1): getViews('C:\\\\xampp\\\\htdocs...', Object(Illuminate\\Filesystem\\Filesystem))
#3 {main}
  thrown at C:\\xampp\\htdocs\\laravel\\MTB_HMS_Booking_System\\vendor\\symfony\\finder\\Finder.php:646)
[stacktrace]
#0 {main}
"} 
[2025-04-21 12:38:18] local.ERROR: Uncaught Symfony\Component\Finder\Exception\DirectoryNotFoundException: The "C:\xampp\htdocs\laravel\MTB_HMS_Booking_System\MTB_Laravel\MTB_Booking_System\resources\views" directory does not exist. in C:\xampp\htdocs\laravel\MTB_HMS_Booking_System\vendor\symfony\finder\Finder.php:646
Stack trace:
#0 C:\xampp\htdocs\laravel\MTB_HMS_Booking_System\vendor\laravel\framework\src\Illuminate\Filesystem\Filesystem.php(584): Symfony\Component\Finder\Finder->in('C:\\xampp\\htdocs...')
#1 Command line code(1): Illuminate\Filesystem\Filesystem->files('C:\\xampp\\htdocs...')
#2 Command line code(1): getViews('C:\\xampp\\htdocs...', Object(Illuminate\Filesystem\Filesystem))
#3 {main}
  thrown {"exception":"[object] (Symfony\\Component\\ErrorHandler\\Error\\FatalError(code: 0): Uncaught Symfony\\Component\\Finder\\Exception\\DirectoryNotFoundException: The \"C:\\xampp\\htdocs\\laravel\\MTB_HMS_Booking_System\\MTB_Laravel\\MTB_Booking_System\\resources\\views\" directory does not exist. in C:\\xampp\\htdocs\\laravel\\MTB_HMS_Booking_System\\vendor\\symfony\\finder\\Finder.php:646
Stack trace:
#0 C:\\xampp\\htdocs\\laravel\\MTB_HMS_Booking_System\\vendor\\laravel\\framework\\src\\Illuminate\\Filesystem\\Filesystem.php(584): Symfony\\Component\\Finder\\Finder->in('C:\\\\xampp\\\\htdocs...')
#1 Command line code(1): Illuminate\\Filesystem\\Filesystem->files('C:\\\\xampp\\\\htdocs...')
#2 Command line code(1): getViews('C:\\\\xampp\\\\htdocs...', Object(Illuminate\\Filesystem\\Filesystem))
#3 {main}
  thrown at C:\\xampp\\htdocs\\laravel\\MTB_HMS_Booking_System\\vendor\\symfony\\finder\\Finder.php:646)
[stacktrace]
#0 {main}
"} 
[2025-04-21 12:38:19] local.ERROR: Uncaught Symfony\Component\Finder\Exception\DirectoryNotFoundException: The "C:\xampp\htdocs\laravel\MTB_HMS_Booking_System\MTB_Laravel\MTB_Booking_System\resources\views" directory does not exist. in C:\xampp\htdocs\laravel\MTB_HMS_Booking_System\vendor\symfony\finder\Finder.php:646
Stack trace:
#0 C:\xampp\htdocs\laravel\MTB_HMS_Booking_System\vendor\laravel\framework\src\Illuminate\Filesystem\Filesystem.php(584): Symfony\Component\Finder\Finder->in('C:\\xampp\\htdocs...')
#1 Command line code(1): Illuminate\Filesystem\Filesystem->files('C:\\xampp\\htdocs...')
#2 Command line code(1): getViews('C:\\xampp\\htdocs...', Object(Illuminate\Filesystem\Filesystem))
#3 {main}
  thrown {"exception":"[object] (Symfony\\Component\\ErrorHandler\\Error\\FatalError(code: 0): Uncaught Symfony\\Component\\Finder\\Exception\\DirectoryNotFoundException: The \"C:\\xampp\\htdocs\\laravel\\MTB_HMS_Booking_System\\MTB_Laravel\\MTB_Booking_System\\resources\\views\" directory does not exist. in C:\\xampp\\htdocs\\laravel\\MTB_HMS_Booking_System\\vendor\\symfony\\finder\\Finder.php:646
Stack trace:
#0 C:\\xampp\\htdocs\\laravel\\MTB_HMS_Booking_System\\vendor\\laravel\\framework\\src\\Illuminate\\Filesystem\\Filesystem.php(584): Symfony\\Component\\Finder\\Finder->in('C:\\\\xampp\\\\htdocs...')
#1 Command line code(1): Illuminate\\Filesystem\\Filesystem->files('C:\\\\xampp\\\\htdocs...')
#2 Command line code(1): getViews('C:\\\\xampp\\\\htdocs...', Object(Illuminate\\Filesystem\\Filesystem))
#3 {main}
  thrown at C:\\xampp\\htdocs\\laravel\\MTB_HMS_Booking_System\\vendor\\symfony\\finder\\Finder.php:646)
[stacktrace]
#0 {main}
"} 
[2025-04-21 12:38:22] local.ERROR: Uncaught Symfony\Component\Finder\Exception\DirectoryNotFoundException: The "C:\xampp\htdocs\laravel\MTB_HMS_Booking_System\MTB_Laravel\MTB_Booking_System\resources\views" directory does not exist. in C:\xampp\htdocs\laravel\MTB_HMS_Booking_System\vendor\symfony\finder\Finder.php:646
Stack trace:
#0 C:\xampp\htdocs\laravel\MTB_HMS_Booking_System\vendor\laravel\framework\src\Illuminate\Filesystem\Filesystem.php(584): Symfony\Component\Finder\Finder->in('C:\\xampp\\htdocs...')
#1 Command line code(1): Illuminate\Filesystem\Filesystem->files('C:\\xampp\\htdocs...')
#2 Command line code(1): getViews('C:\\xampp\\htdocs...', Object(Illuminate\Filesystem\Filesystem))
#3 {main}
  thrown {"exception":"[object] (Symfony\\Component\\ErrorHandler\\Error\\FatalError(code: 0): Uncaught Symfony\\Component\\Finder\\Exception\\DirectoryNotFoundException: The \"C:\\xampp\\htdocs\\laravel\\MTB_HMS_Booking_System\\MTB_Laravel\\MTB_Booking_System\\resources\\views\" directory does not exist. in C:\\xampp\\htdocs\\laravel\\MTB_HMS_Booking_System\\vendor\\symfony\\finder\\Finder.php:646
Stack trace:
#0 C:\\xampp\\htdocs\\laravel\\MTB_HMS_Booking_System\\vendor\\laravel\\framework\\src\\Illuminate\\Filesystem\\Filesystem.php(584): Symfony\\Component\\Finder\\Finder->in('C:\\\\xampp\\\\htdocs...')
#1 Command line code(1): Illuminate\\Filesystem\\Filesystem->files('C:\\\\xampp\\\\htdocs...')
#2 Command line code(1): getViews('C:\\\\xampp\\\\htdocs...', Object(Illuminate\\Filesystem\\Filesystem))
#3 {main}
  thrown at C:\\xampp\\htdocs\\laravel\\MTB_HMS_Booking_System\\vendor\\symfony\\finder\\Finder.php:646)
[stacktrace]
#0 {main}
"} 
[2025-04-21 12:38:23] local.ERROR: Uncaught Symfony\Component\Finder\Exception\DirectoryNotFoundException: The "C:\xampp\htdocs\laravel\MTB_HMS_Booking_System\MTB_Laravel\MTB_Booking_System\resources\views" directory does not exist. in C:\xampp\htdocs\laravel\MTB_HMS_Booking_System\vendor\symfony\finder\Finder.php:646
Stack trace:
#0 C:\xampp\htdocs\laravel\MTB_HMS_Booking_System\vendor\laravel\framework\src\Illuminate\Filesystem\Filesystem.php(584): Symfony\Component\Finder\Finder->in('C:\\xampp\\htdocs...')
#1 Command line code(1): Illuminate\Filesystem\Filesystem->files('C:\\xampp\\htdocs...')
#2 Command line code(1): getViews('C:\\xampp\\htdocs...', Object(Illuminate\Filesystem\Filesystem))
#3 {main}
  thrown {"exception":"[object] (Symfony\\Component\\ErrorHandler\\Error\\FatalError(code: 0): Uncaught Symfony\\Component\\Finder\\Exception\\DirectoryNotFoundException: The \"C:\\xampp\\htdocs\\laravel\\MTB_HMS_Booking_System\\MTB_Laravel\\MTB_Booking_System\\resources\\views\" directory does not exist. in C:\\xampp\\htdocs\\laravel\\MTB_HMS_Booking_System\\vendor\\symfony\\finder\\Finder.php:646
Stack trace:
#0 C:\\xampp\\htdocs\\laravel\\MTB_HMS_Booking_System\\vendor\\laravel\\framework\\src\\Illuminate\\Filesystem\\Filesystem.php(584): Symfony\\Component\\Finder\\Finder->in('C:\\\\xampp\\\\htdocs...')
#1 Command line code(1): Illuminate\\Filesystem\\Filesystem->files('C:\\\\xampp\\\\htdocs...')
#2 Command line code(1): getViews('C:\\\\xampp\\\\htdocs...', Object(Illuminate\\Filesystem\\Filesystem))
#3 {main}
  thrown at C:\\xampp\\htdocs\\laravel\\MTB_HMS_Booking_System\\vendor\\symfony\\finder\\Finder.php:646)
[stacktrace]
#0 {main}
"} 
[2025-04-21 12:38:24] local.ERROR: Uncaught Symfony\Component\Finder\Exception\DirectoryNotFoundException: The "C:\xampp\htdocs\laravel\MTB_HMS_Booking_System\MTB_Laravel\MTB_Booking_System\resources\views" directory does not exist. in C:\xampp\htdocs\laravel\MTB_HMS_Booking_System\vendor\symfony\finder\Finder.php:646
Stack trace:
#0 C:\xampp\htdocs\laravel\MTB_HMS_Booking_System\vendor\laravel\framework\src\Illuminate\Filesystem\Filesystem.php(584): Symfony\Component\Finder\Finder->in('C:\\xampp\\htdocs...')
#1 Command line code(1): Illuminate\Filesystem\Filesystem->files('C:\\xampp\\htdocs...')
#2 Command line code(1): getViews('C:\\xampp\\htdocs...', Object(Illuminate\Filesystem\Filesystem))
#3 {main}
  thrown {"exception":"[object] (Symfony\\Component\\ErrorHandler\\Error\\FatalError(code: 0): Uncaught Symfony\\Component\\Finder\\Exception\\DirectoryNotFoundException: The \"C:\\xampp\\htdocs\\laravel\\MTB_HMS_Booking_System\\MTB_Laravel\\MTB_Booking_System\\resources\\views\" directory does not exist. in C:\\xampp\\htdocs\\laravel\\MTB_HMS_Booking_System\\vendor\\symfony\\finder\\Finder.php:646
Stack trace:
#0 C:\\xampp\\htdocs\\laravel\\MTB_HMS_Booking_System\\vendor\\laravel\\framework\\src\\Illuminate\\Filesystem\\Filesystem.php(584): Symfony\\Component\\Finder\\Finder->in('C:\\\\xampp\\\\htdocs...')
#1 Command line code(1): Illuminate\\Filesystem\\Filesystem->files('C:\\\\xampp\\\\htdocs...')
#2 Command line code(1): getViews('C:\\\\xampp\\\\htdocs...', Object(Illuminate\\Filesystem\\Filesystem))
#3 {main}
  thrown at C:\\xampp\\htdocs\\laravel\\MTB_HMS_Booking_System\\vendor\\symfony\\finder\\Finder.php:646)
[stacktrace]
#0 {main}
"} 
[2025-04-21 12:38:27] local.ERROR: Uncaught Symfony\Component\Finder\Exception\DirectoryNotFoundException: The "C:\xampp\htdocs\laravel\MTB_HMS_Booking_System\MTB_Laravel\MTB_Booking_System\resources\views" directory does not exist. in C:\xampp\htdocs\laravel\MTB_HMS_Booking_System\vendor\symfony\finder\Finder.php:646
Stack trace:
#0 C:\xampp\htdocs\laravel\MTB_HMS_Booking_System\vendor\laravel\framework\src\Illuminate\Filesystem\Filesystem.php(584): Symfony\Component\Finder\Finder->in('C:\\xampp\\htdocs...')
#1 Command line code(1): Illuminate\Filesystem\Filesystem->files('C:\\xampp\\htdocs...')
#2 Command line code(1): getViews('C:\\xampp\\htdocs...', Object(Illuminate\Filesystem\Filesystem))
#3 {main}
  thrown {"exception":"[object] (Symfony\\Component\\ErrorHandler\\Error\\FatalError(code: 0): Uncaught Symfony\\Component\\Finder\\Exception\\DirectoryNotFoundException: The \"C:\\xampp\\htdocs\\laravel\\MTB_HMS_Booking_System\\MTB_Laravel\\MTB_Booking_System\\resources\\views\" directory does not exist. in C:\\xampp\\htdocs\\laravel\\MTB_HMS_Booking_System\\vendor\\symfony\\finder\\Finder.php:646
Stack trace:
#0 C:\\xampp\\htdocs\\laravel\\MTB_HMS_Booking_System\\vendor\\laravel\\framework\\src\\Illuminate\\Filesystem\\Filesystem.php(584): Symfony\\Component\\Finder\\Finder->in('C:\\\\xampp\\\\htdocs...')
#1 Command line code(1): Illuminate\\Filesystem\\Filesystem->files('C:\\\\xampp\\\\htdocs...')
#2 Command line code(1): getViews('C:\\\\xampp\\\\htdocs...', Object(Illuminate\\Filesystem\\Filesystem))
#3 {main}
  thrown at C:\\xampp\\htdocs\\laravel\\MTB_HMS_Booking_System\\vendor\\symfony\\finder\\Finder.php:646)
[stacktrace]
#0 {main}
"} 
[2025-04-21 12:38:27] local.ERROR: Uncaught Symfony\Component\Finder\Exception\DirectoryNotFoundException: The "C:\xampp\htdocs\laravel\MTB_HMS_Booking_System\MTB_Laravel\MTB_Booking_System\resources\views" directory does not exist. in C:\xampp\htdocs\laravel\MTB_HMS_Booking_System\vendor\symfony\finder\Finder.php:646
Stack trace:
#0 C:\xampp\htdocs\laravel\MTB_HMS_Booking_System\vendor\laravel\framework\src\Illuminate\Filesystem\Filesystem.php(584): Symfony\Component\Finder\Finder->in('C:\\xampp\\htdocs...')
#1 Command line code(1): Illuminate\Filesystem\Filesystem->files('C:\\xampp\\htdocs...')
#2 Command line code(1): getViews('C:\\xampp\\htdocs...', Object(Illuminate\Filesystem\Filesystem))
#3 {main}
  thrown {"exception":"[object] (Symfony\\Component\\ErrorHandler\\Error\\FatalError(code: 0): Uncaught Symfony\\Component\\Finder\\Exception\\DirectoryNotFoundException: The \"C:\\xampp\\htdocs\\laravel\\MTB_HMS_Booking_System\\MTB_Laravel\\MTB_Booking_System\\resources\\views\" directory does not exist. in C:\\xampp\\htdocs\\laravel\\MTB_HMS_Booking_System\\vendor\\symfony\\finder\\Finder.php:646
Stack trace:
#0 C:\\xampp\\htdocs\\laravel\\MTB_HMS_Booking_System\\vendor\\laravel\\framework\\src\\Illuminate\\Filesystem\\Filesystem.php(584): Symfony\\Component\\Finder\\Finder->in('C:\\\\xampp\\\\htdocs...')
#1 Command line code(1): Illuminate\\Filesystem\\Filesystem->files('C:\\\\xampp\\\\htdocs...')
#2 Command line code(1): getViews('C:\\\\xampp\\\\htdocs...', Object(Illuminate\\Filesystem\\Filesystem))
#3 {main}
  thrown at C:\\xampp\\htdocs\\laravel\\MTB_HMS_Booking_System\\vendor\\symfony\\finder\\Finder.php:646)
[stacktrace]
#0 {main}
"} 
[2025-04-21 12:38:28] local.ERROR: Uncaught Symfony\Component\Finder\Exception\DirectoryNotFoundException: The "C:\xampp\htdocs\laravel\MTB_HMS_Booking_System\MTB_Laravel\MTB_Booking_System\resources\views" directory does not exist. in C:\xampp\htdocs\laravel\MTB_HMS_Booking_System\vendor\symfony\finder\Finder.php:646
Stack trace:
#0 C:\xampp\htdocs\laravel\MTB_HMS_Booking_System\vendor\laravel\framework\src\Illuminate\Filesystem\Filesystem.php(584): Symfony\Component\Finder\Finder->in('C:\\xampp\\htdocs...')
#1 Command line code(1): Illuminate\Filesystem\Filesystem->files('C:\\xampp\\htdocs...')
#2 Command line code(1): getViews('C:\\xampp\\htdocs...', Object(Illuminate\Filesystem\Filesystem))
#3 {main}
  thrown {"exception":"[object] (Symfony\\Component\\ErrorHandler\\Error\\FatalError(code: 0): Uncaught Symfony\\Component\\Finder\\Exception\\DirectoryNotFoundException: The \"C:\\xampp\\htdocs\\laravel\\MTB_HMS_Booking_System\\MTB_Laravel\\MTB_Booking_System\\resources\\views\" directory does not exist. in C:\\xampp\\htdocs\\laravel\\MTB_HMS_Booking_System\\vendor\\symfony\\finder\\Finder.php:646
Stack trace:
#0 C:\\xampp\\htdocs\\laravel\\MTB_HMS_Booking_System\\vendor\\laravel\\framework\\src\\Illuminate\\Filesystem\\Filesystem.php(584): Symfony\\Component\\Finder\\Finder->in('C:\\\\xampp\\\\htdocs...')
#1 Command line code(1): Illuminate\\Filesystem\\Filesystem->files('C:\\\\xampp\\\\htdocs...')
#2 Command line code(1): getViews('C:\\\\xampp\\\\htdocs...', Object(Illuminate\\Filesystem\\Filesystem))
#3 {main}
  thrown at C:\\xampp\\htdocs\\laravel\\MTB_HMS_Booking_System\\vendor\\symfony\\finder\\Finder.php:646)
[stacktrace]
#0 {main}
"} 
[2025-04-21 12:38:29] local.ERROR: Uncaught Symfony\Component\Finder\Exception\DirectoryNotFoundException: The "C:\xampp\htdocs\laravel\MTB_HMS_Booking_System\MTB_Laravel\MTB_Booking_System\resources\views" directory does not exist. in C:\xampp\htdocs\laravel\MTB_HMS_Booking_System\vendor\symfony\finder\Finder.php:646
Stack trace:
#0 C:\xampp\htdocs\laravel\MTB_HMS_Booking_System\vendor\laravel\framework\src\Illuminate\Filesystem\Filesystem.php(584): Symfony\Component\Finder\Finder->in('C:\\xampp\\htdocs...')
#1 Command line code(1): Illuminate\Filesystem\Filesystem->files('C:\\xampp\\htdocs...')
#2 Command line code(1): getViews('C:\\xampp\\htdocs...', Object(Illuminate\Filesystem\Filesystem))
#3 {main}
  thrown {"exception":"[object] (Symfony\\Component\\ErrorHandler\\Error\\FatalError(code: 0): Uncaught Symfony\\Component\\Finder\\Exception\\DirectoryNotFoundException: The \"C:\\xampp\\htdocs\\laravel\\MTB_HMS_Booking_System\\MTB_Laravel\\MTB_Booking_System\\resources\\views\" directory does not exist. in C:\\xampp\\htdocs\\laravel\\MTB_HMS_Booking_System\\vendor\\symfony\\finder\\Finder.php:646
Stack trace:
#0 C:\\xampp\\htdocs\\laravel\\MTB_HMS_Booking_System\\vendor\\laravel\\framework\\src\\Illuminate\\Filesystem\\Filesystem.php(584): Symfony\\Component\\Finder\\Finder->in('C:\\\\xampp\\\\htdocs...')
#1 Command line code(1): Illuminate\\Filesystem\\Filesystem->files('C:\\\\xampp\\\\htdocs...')
#2 Command line code(1): getViews('C:\\\\xampp\\\\htdocs...', Object(Illuminate\\Filesystem\\Filesystem))
#3 {main}
  thrown at C:\\xampp\\htdocs\\laravel\\MTB_HMS_Booking_System\\vendor\\symfony\\finder\\Finder.php:646)
[stacktrace]
#0 {main}
"} 
[2025-04-21 12:38:30] local.ERROR: Uncaught Symfony\Component\Finder\Exception\DirectoryNotFoundException: The "C:\xampp\htdocs\laravel\MTB_HMS_Booking_System\MTB_Laravel\MTB_Booking_System\resources\views" directory does not exist. in C:\xampp\htdocs\laravel\MTB_HMS_Booking_System\vendor\symfony\finder\Finder.php:646
Stack trace:
#0 C:\xampp\htdocs\laravel\MTB_HMS_Booking_System\vendor\laravel\framework\src\Illuminate\Filesystem\Filesystem.php(584): Symfony\Component\Finder\Finder->in('C:\\xampp\\htdocs...')
#1 Command line code(1): Illuminate\Filesystem\Filesystem->files('C:\\xampp\\htdocs...')
#2 Command line code(1): getViews('C:\\xampp\\htdocs...', Object(Illuminate\Filesystem\Filesystem))
#3 {main}
  thrown {"exception":"[object] (Symfony\\Component\\ErrorHandler\\Error\\FatalError(code: 0): Uncaught Symfony\\Component\\Finder\\Exception\\DirectoryNotFoundException: The \"C:\\xampp\\htdocs\\laravel\\MTB_HMS_Booking_System\\MTB_Laravel\\MTB_Booking_System\\resources\\views\" directory does not exist. in C:\\xampp\\htdocs\\laravel\\MTB_HMS_Booking_System\\vendor\\symfony\\finder\\Finder.php:646
Stack trace:
#0 C:\\xampp\\htdocs\\laravel\\MTB_HMS_Booking_System\\vendor\\laravel\\framework\\src\\Illuminate\\Filesystem\\Filesystem.php(584): Symfony\\Component\\Finder\\Finder->in('C:\\\\xampp\\\\htdocs...')
#1 Command line code(1): Illuminate\\Filesystem\\Filesystem->files('C:\\\\xampp\\\\htdocs...')
#2 Command line code(1): getViews('C:\\\\xampp\\\\htdocs...', Object(Illuminate\\Filesystem\\Filesystem))
#3 {main}
  thrown at C:\\xampp\\htdocs\\laravel\\MTB_HMS_Booking_System\\vendor\\symfony\\finder\\Finder.php:646)
[stacktrace]
#0 {main}
"} 
[2025-04-21 12:38:32] local.ERROR: Uncaught Symfony\Component\Finder\Exception\DirectoryNotFoundException: The "C:\xampp\htdocs\laravel\MTB_HMS_Booking_System\MTB_Laravel\MTB_Booking_System\resources\views" directory does not exist. in C:\xampp\htdocs\laravel\MTB_HMS_Booking_System\vendor\symfony\finder\Finder.php:646
Stack trace:
#0 C:\xampp\htdocs\laravel\MTB_HMS_Booking_System\vendor\laravel\framework\src\Illuminate\Filesystem\Filesystem.php(584): Symfony\Component\Finder\Finder->in('C:\\xampp\\htdocs...')
#1 Command line code(1): Illuminate\Filesystem\Filesystem->files('C:\\xampp\\htdocs...')
#2 Command line code(1): getViews('C:\\xampp\\htdocs...', Object(Illuminate\Filesystem\Filesystem))
#3 {main}
  thrown {"exception":"[object] (Symfony\\Component\\ErrorHandler\\Error\\FatalError(code: 0): Uncaught Symfony\\Component\\Finder\\Exception\\DirectoryNotFoundException: The \"C:\\xampp\\htdocs\\laravel\\MTB_HMS_Booking_System\\MTB_Laravel\\MTB_Booking_System\\resources\\views\" directory does not exist. in C:\\xampp\\htdocs\\laravel\\MTB_HMS_Booking_System\\vendor\\symfony\\finder\\Finder.php:646
Stack trace:
#0 C:\\xampp\\htdocs\\laravel\\MTB_HMS_Booking_System\\vendor\\laravel\\framework\\src\\Illuminate\\Filesystem\\Filesystem.php(584): Symfony\\Component\\Finder\\Finder->in('C:\\\\xampp\\\\htdocs...')
#1 Command line code(1): Illuminate\\Filesystem\\Filesystem->files('C:\\\\xampp\\\\htdocs...')
#2 Command line code(1): getViews('C:\\\\xampp\\\\htdocs...', Object(Illuminate\\Filesystem\\Filesystem))
#3 {main}
  thrown at C:\\xampp\\htdocs\\laravel\\MTB_HMS_Booking_System\\vendor\\symfony\\finder\\Finder.php:646)
[stacktrace]
#0 {main}
"} 
[2025-04-21 12:38:33] local.ERROR: Uncaught Symfony\Component\Finder\Exception\DirectoryNotFoundException: The "C:\xampp\htdocs\laravel\MTB_HMS_Booking_System\MTB_Laravel\MTB_Booking_System\resources\views" directory does not exist. in C:\xampp\htdocs\laravel\MTB_HMS_Booking_System\vendor\symfony\finder\Finder.php:646
Stack trace:
#0 C:\xampp\htdocs\laravel\MTB_HMS_Booking_System\vendor\laravel\framework\src\Illuminate\Filesystem\Filesystem.php(584): Symfony\Component\Finder\Finder->in('C:\\xampp\\htdocs...')
#1 Command line code(1): Illuminate\Filesystem\Filesystem->files('C:\\xampp\\htdocs...')
#2 Command line code(1): getViews('C:\\xampp\\htdocs...', Object(Illuminate\Filesystem\Filesystem))
#3 {main}
  thrown {"exception":"[object] (Symfony\\Component\\ErrorHandler\\Error\\FatalError(code: 0): Uncaught Symfony\\Component\\Finder\\Exception\\DirectoryNotFoundException: The \"C:\\xampp\\htdocs\\laravel\\MTB_HMS_Booking_System\\MTB_Laravel\\MTB_Booking_System\\resources\\views\" directory does not exist. in C:\\xampp\\htdocs\\laravel\\MTB_HMS_Booking_System\\vendor\\symfony\\finder\\Finder.php:646
Stack trace:
#0 C:\\xampp\\htdocs\\laravel\\MTB_HMS_Booking_System\\vendor\\laravel\\framework\\src\\Illuminate\\Filesystem\\Filesystem.php(584): Symfony\\Component\\Finder\\Finder->in('C:\\\\xampp\\\\htdocs...')
#1 Command line code(1): Illuminate\\Filesystem\\Filesystem->files('C:\\\\xampp\\\\htdocs...')
#2 Command line code(1): getViews('C:\\\\xampp\\\\htdocs...', Object(Illuminate\\Filesystem\\Filesystem))
#3 {main}
  thrown at C:\\xampp\\htdocs\\laravel\\MTB_HMS_Booking_System\\vendor\\symfony\\finder\\Finder.php:646)
[stacktrace]
#0 {main}
"} 
[2025-04-21 12:38:33] local.ERROR: View [welcome] not found. {"exception":"[object] (InvalidArgumentException(code: 0): View [welcome] not found. at C:\\xampp\\htdocs\\laravel\\MTB_HMS_Booking_System\\vendor\\laravel\\framework\\src\\Illuminate\\View\\FileViewFinder.php:139)
[stacktrace]
#0 C:\\xampp\\htdocs\\laravel\\MTB_HMS_Booking_System\\vendor\\laravel\\framework\\src\\Illuminate\\View\\FileViewFinder.php(79): Illuminate\\View\\FileViewFinder->findInPaths('welcome', Array)
#1 C:\\xampp\\htdocs\\laravel\\MTB_HMS_Booking_System\\vendor\\laravel\\framework\\src\\Illuminate\\View\\Factory.php(151): Illuminate\\View\\FileViewFinder->find('welcome')
#2 C:\\xampp\\htdocs\\laravel\\MTB_HMS_Booking_System\\vendor\\laravel\\framework\\src\\Illuminate\\Foundation\\helpers.php(1071): Illuminate\\View\\Factory->make('welcome', Array, Array)
#3 laravel-serializable-closure://function () {
    return \\view('welcome');
}(3): view('welcome')
#4 C:\\xampp\\htdocs\\laravel\\MTB_HMS_Booking_System\\vendor\\laravel\\framework\\src\\Illuminate\\Routing\\CallableDispatcher.php(40): Illuminate\\Routing\\RouteFileRegistrar::{closure}()
#5 C:\\xampp\\htdocs\\laravel\\MTB_HMS_Booking_System\\vendor\\laravel\\framework\\src\\Illuminate\\Routing\\Route.php(240): Illuminate\\Routing\\CallableDispatcher->dispatch(Object(Illuminate\\Routing\\Route), Object(Closure))
#6 C:\\xampp\\htdocs\\laravel\\MTB_HMS_Booking_System\\vendor\\laravel\\framework\\src\\Illuminate\\Routing\\Route.php(211): Illuminate\\Routing\\Route->runCallable()
#7 C:\\xampp\\htdocs\\laravel\\MTB_HMS_Booking_System\\vendor\\laravel\\framework\\src\\Illuminate\\Routing\\Router.php(808): Illuminate\\Routing\\Route->run()
#8 C:\\xampp\\htdocs\\laravel\\MTB_HMS_Booking_System\\vendor\\laravel\\framework\\src\\Illuminate\\Pipeline\\Pipeline.php(144): Illuminate\\Routing\\Router->Illuminate\\Routing\\{closure}(Object(Illuminate\\Http\\Request))
#9 C:\\xampp\\htdocs\\laravel\\MTB_HMS_Booking_System\\vendor\\laravel\\framework\\src\\Illuminate\\Routing\\Middleware\\SubstituteBindings.php(51): Illuminate\\Pipeline\\Pipeline->Illuminate\\Pipeline\\{closure}(Object(Illuminate\\Http\\Request))
#10 C:\\xampp\\htdocs\\laravel\\MTB_HMS_Booking_System\\vendor\\laravel\\framework\\src\\Illuminate\\Pipeline\\Pipeline.php(183): Illuminate\\Routing\\Middleware\\SubstituteBindings->handle(Object(Illuminate\\Http\\Request), Object(Closure))
#11 C:\\xampp\\htdocs\\laravel\\MTB_HMS_Booking_System\\vendor\\laravel\\framework\\src\\Illuminate\\Foundation\\Http\\Middleware\\VerifyCsrfToken.php(88): Illuminate\\Pipeline\\Pipeline->Illuminate\\Pipeline\\{closure}(Object(Illuminate\\Http\\Request))
#12 C:\\xampp\\htdocs\\laravel\\MTB_HMS_Booking_System\\vendor\\laravel\\framework\\src\\Illuminate\\Pipeline\\Pipeline.php(183): Illuminate\\Foundation\\Http\\Middleware\\VerifyCsrfToken->handle(Object(Illuminate\\Http\\Request), Object(Closure))
#13 C:\\xampp\\htdocs\\laravel\\MTB_HMS_Booking_System\\vendor\\laravel\\framework\\src\\Illuminate\\View\\Middleware\\ShareErrorsFromSession.php(49): Illuminate\\Pipeline\\Pipeline->Illuminate\\Pipeline\\{closure}(Object(Illuminate\\Http\\Request))
#14 C:\\xampp\\htdocs\\laravel\\MTB_HMS_Booking_System\\vendor\\laravel\\framework\\src\\Illuminate\\Pipeline\\Pipeline.php(183): Illuminate\\View\\Middleware\\ShareErrorsFromSession->handle(Object(Illuminate\\Http\\Request), Object(Closure))
#15 C:\\xampp\\htdocs\\laravel\\MTB_HMS_Booking_System\\vendor\\laravel\\framework\\src\\Illuminate\\Session\\Middleware\\StartSession.php(121): Illuminate\\Pipeline\\Pipeline->Illuminate\\Pipeline\\{closure}(Object(Illuminate\\Http\\Request))
#16 C:\\xampp\\htdocs\\laravel\\MTB_HMS_Booking_System\\vendor\\laravel\\framework\\src\\Illuminate\\Session\\Middleware\\StartSession.php(64): Illuminate\\Session\\Middleware\\StartSession->handleStatefulRequest(Object(Illuminate\\Http\\Request), Object(Illuminate\\Session\\Store), Object(Closure))
#17 C:\\xampp\\htdocs\\laravel\\MTB_HMS_Booking_System\\vendor\\laravel\\framework\\src\\Illuminate\\Pipeline\\Pipeline.php(183): Illuminate\\Session\\Middleware\\StartSession->handle(Object(Illuminate\\Http\\Request), Object(Closure))
#18 C:\\xampp\\htdocs\\laravel\\MTB_HMS_Booking_System\\vendor\\laravel\\framework\\src\\Illuminate\\Cookie\\Middleware\\AddQueuedCookiesToResponse.php(37): Illuminate\\Pipeline\\Pipeline->Illuminate\\Pipeline\\{closure}(Object(Illuminate\\Http\\Request))
#19 C:\\xampp\\htdocs\\laravel\\MTB_HMS_Booking_System\\vendor\\laravel\\framework\\src\\Illuminate\\Pipeline\\Pipeline.php(183): Illuminate\\Cookie\\Middleware\\AddQueuedCookiesToResponse->handle(Object(Illuminate\\Http\\Request), Object(Closure))
#20 C:\\xampp\\htdocs\\laravel\\MTB_HMS_Booking_System\\vendor\\laravel\\framework\\src\\Illuminate\\Cookie\\Middleware\\EncryptCookies.php(75): Illuminate\\Pipeline\\Pipeline->Illuminate\\Pipeline\\{closure}(Object(Illuminate\\Http\\Request))
#21 C:\\xampp\\htdocs\\laravel\\MTB_HMS_Booking_System\\vendor\\laravel\\framework\\src\\Illuminate\\Pipeline\\Pipeline.php(183): Illuminate\\Cookie\\Middleware\\EncryptCookies->handle(Object(Illuminate\\Http\\Request), Object(Closure))
#22 C:\\xampp\\htdocs\\laravel\\MTB_HMS_Booking_System\\vendor\\laravel\\framework\\src\\Illuminate\\Pipeline\\Pipeline.php(119): Illuminate\\Pipeline\\Pipeline->Illuminate\\Pipeline\\{closure}(Object(Illuminate\\Http\\Request))
#23 C:\\xampp\\htdocs\\laravel\\MTB_HMS_Booking_System\\vendor\\laravel\\framework\\src\\Illuminate\\Routing\\Router.php(807): Illuminate\\Pipeline\\Pipeline->then(Object(Closure))
#24 C:\\xampp\\htdocs\\laravel\\MTB_HMS_Booking_System\\vendor\\laravel\\framework\\src\\Illuminate\\Routing\\Router.php(786): Illuminate\\Routing\\Router->runRouteWithinStack(Object(Illuminate\\Routing\\Route), Object(Illuminate\\Http\\Request))
#25 C:\\xampp\\htdocs\\laravel\\MTB_HMS_Booking_System\\vendor\\laravel\\framework\\src\\Illuminate\\Routing\\Router.php(750): Illuminate\\Routing\\Router->runRoute(Object(Illuminate\\Http\\Request), Object(Illuminate\\Routing\\Route))
#26 C:\\xampp\\htdocs\\laravel\\MTB_HMS_Booking_System\\vendor\\laravel\\framework\\src\\Illuminate\\Routing\\Router.php(739): Illuminate\\Routing\\Router->dispatchToRoute(Object(Illuminate\\Http\\Request))
#27 C:\\xampp\\htdocs\\laravel\\MTB_HMS_Booking_System\\vendor\\laravel\\framework\\src\\Illuminate\\Foundation\\Http\\Kernel.php(201): Illuminate\\Routing\\Router->dispatch(Object(Illuminate\\Http\\Request))
#28 C:\\xampp\\htdocs\\laravel\\MTB_HMS_Booking_System\\vendor\\laravel\\framework\\src\\Illuminate\\Pipeline\\Pipeline.php(144): Illuminate\\Foundation\\Http\\Kernel->Illuminate\\Foundation\\Http\\{closure}(Object(Illuminate\\Http\\Request))
#29 C:\\xampp\\htdocs\\laravel\\MTB_HMS_Booking_System\\vendor\\laravel\\framework\\src\\Illuminate\\Foundation\\Http\\Middleware\\TransformsRequest.php(21): Illuminate\\Pipeline\\Pipeline->Illuminate\\Pipeline\\{closure}(Object(Illuminate\\Http\\Request))
#30 C:\\xampp\\htdocs\\laravel\\MTB_HMS_Booking_System\\vendor\\laravel\\framework\\src\\Illuminate\\Foundation\\Http\\Middleware\\ConvertEmptyStringsToNull.php(31): Illuminate\\Foundation\\Http\\Middleware\\TransformsRequest->handle(Object(Illuminate\\Http\\Request), Object(Closure))
#31 C:\\xampp\\htdocs\\laravel\\MTB_HMS_Booking_System\\vendor\\laravel\\framework\\src\\Illuminate\\Pipeline\\Pipeline.php(183): Illuminate\\Foundation\\Http\\Middleware\\ConvertEmptyStringsToNull->handle(Object(Illuminate\\Http\\Request), Object(Closure))
#32 C:\\xampp\\htdocs\\laravel\\MTB_HMS_Booking_System\\vendor\\laravel\\framework\\src\\Illuminate\\Foundation\\Http\\Middleware\\TransformsRequest.php(21): Illuminate\\Pipeline\\Pipeline->Illuminate\\Pipeline\\{closure}(Object(Illuminate\\Http\\Request))
#33 C:\\xampp\\htdocs\\laravel\\MTB_HMS_Booking_System\\vendor\\laravel\\framework\\src\\Illuminate\\Foundation\\Http\\Middleware\\TrimStrings.php(51): Illuminate\\Foundation\\Http\\Middleware\\TransformsRequest->handle(Object(Illuminate\\Http\\Request), Object(Closure))
#34 C:\\xampp\\htdocs\\laravel\\MTB_HMS_Booking_System\\vendor\\laravel\\framework\\src\\Illuminate\\Pipeline\\Pipeline.php(183): Illuminate\\Foundation\\Http\\Middleware\\TrimStrings->handle(Object(Illuminate\\Http\\Request), Object(Closure))
#35 C:\\xampp\\htdocs\\laravel\\MTB_HMS_Booking_System\\vendor\\laravel\\framework\\src\\Illuminate\\Http\\Middleware\\ValidatePostSize.php(27): Illuminate\\Pipeline\\Pipeline->Illuminate\\Pipeline\\{closure}(Object(Illuminate\\Http\\Request))
#36 C:\\xampp\\htdocs\\laravel\\MTB_HMS_Booking_System\\vendor\\laravel\\framework\\src\\Illuminate\\Pipeline\\Pipeline.php(183): Illuminate\\Http\\Middleware\\ValidatePostSize->handle(Object(Illuminate\\Http\\Request), Object(Closure))
#37 C:\\xampp\\htdocs\\laravel\\MTB_HMS_Booking_System\\vendor\\laravel\\framework\\src\\Illuminate\\Foundation\\Http\\Middleware\\PreventRequestsDuringMaintenance.php(110): Illuminate\\Pipeline\\Pipeline->Illuminate\\Pipeline\\{closure}(Object(Illuminate\\Http\\Request))
#38 C:\\xampp\\htdocs\\laravel\\MTB_HMS_Booking_System\\vendor\\laravel\\framework\\src\\Illuminate\\Pipeline\\Pipeline.php(183): Illuminate\\Foundation\\Http\\Middleware\\PreventRequestsDuringMaintenance->handle(Object(Illuminate\\Http\\Request), Object(Closure))
#39 C:\\xampp\\htdocs\\laravel\\MTB_HMS_Booking_System\\vendor\\laravel\\framework\\src\\Illuminate\\Http\\Middleware\\HandleCors.php(49): Illuminate\\Pipeline\\Pipeline->Illuminate\\Pipeline\\{closure}(Object(Illuminate\\Http\\Request))
#40 C:\\xampp\\htdocs\\laravel\\MTB_HMS_Booking_System\\vendor\\laravel\\framework\\src\\Illuminate\\Pipeline\\Pipeline.php(183): Illuminate\\Http\\Middleware\\HandleCors->handle(Object(Illuminate\\Http\\Request), Object(Closure))
#41 C:\\xampp\\htdocs\\laravel\\MTB_HMS_Booking_System\\vendor\\laravel\\framework\\src\\Illuminate\\Http\\Middleware\\TrustProxies.php(58): Illuminate\\Pipeline\\Pipeline->Illuminate\\Pipeline\\{closure}(Object(Illuminate\\Http\\Request))
#42 C:\\xampp\\htdocs\\laravel\\MTB_HMS_Booking_System\\vendor\\laravel\\framework\\src\\Illuminate\\Pipeline\\Pipeline.php(183): Illuminate\\Http\\Middleware\\TrustProxies->handle(Object(Illuminate\\Http\\Request), Object(Closure))
#43 C:\\xampp\\htdocs\\laravel\\MTB_HMS_Booking_System\\vendor\\laravel\\framework\\src\\Illuminate\\Foundation\\Http\\Middleware\\InvokeDeferredCallbacks.php(22): Illuminate\\Pipeline\\Pipeline->Illuminate\\Pipeline\\{closure}(Object(Illuminate\\Http\\Request))
#44 C:\\xampp\\htdocs\\laravel\\MTB_HMS_Booking_System\\vendor\\laravel\\framework\\src\\Illuminate\\Pipeline\\Pipeline.php(183): Illuminate\\Foundation\\Http\\Middleware\\InvokeDeferredCallbacks->handle(Object(Illuminate\\Http\\Request), Object(Closure))
#45 C:\\xampp\\htdocs\\laravel\\MTB_HMS_Booking_System\\vendor\\laravel\\framework\\src\\Illuminate\\Pipeline\\Pipeline.php(119): Illuminate\\Pipeline\\Pipeline->Illuminate\\Pipeline\\{closure}(Object(Illuminate\\Http\\Request))
#46 C:\\xampp\\htdocs\\laravel\\MTB_HMS_Booking_System\\vendor\\laravel\\framework\\src\\Illuminate\\Foundation\\Http\\Kernel.php(176): Illuminate\\Pipeline\\Pipeline->then(Object(Closure))
#47 C:\\xampp\\htdocs\\laravel\\MTB_HMS_Booking_System\\vendor\\laravel\\framework\\src\\Illuminate\\Foundation\\Http\\Kernel.php(145): Illuminate\\Foundation\\Http\\Kernel->sendRequestThroughRouter(Object(Illuminate\\Http\\Request))
#48 C:\\xampp\\htdocs\\laravel\\MTB_HMS_Booking_System\\vendor\\laravel\\framework\\src\\Illuminate\\Foundation\\Application.php(1188): Illuminate\\Foundation\\Http\\Kernel->handle(Object(Illuminate\\Http\\Request))
#49 C:\\xampp\\htdocs\\laravel\\MTB_HMS_Booking_System\\public\\index.php(17): Illuminate\\Foundation\\Application->handleRequest(Object(Illuminate\\Http\\Request))
#50 C:\\xampp\\htdocs\\laravel\\MTB_HMS_Booking_System\\vendor\\laravel\\framework\\src\\Illuminate\\Foundation\\resources\\server.php(23): require_once('C:\\\\xampp\\\\htdocs...')
#51 {main}
"} 
[2025-04-21 12:38:34] local.ERROR: Uncaught Symfony\Component\Finder\Exception\DirectoryNotFoundException: The "C:\xampp\htdocs\laravel\MTB_HMS_Booking_System\MTB_Laravel\MTB_Booking_System\resources\views" directory does not exist. in C:\xampp\htdocs\laravel\MTB_HMS_Booking_System\vendor\symfony\finder\Finder.php:646
Stack trace:
#0 C:\xampp\htdocs\laravel\MTB_HMS_Booking_System\vendor\laravel\framework\src\Illuminate\Filesystem\Filesystem.php(584): Symfony\Component\Finder\Finder->in('C:\\xampp\\htdocs...')
#1 Command line code(1): Illuminate\Filesystem\Filesystem->files('C:\\xampp\\htdocs...')
#2 Command line code(1): getViews('C:\\xampp\\htdocs...', Object(Illuminate\Filesystem\Filesystem))
#3 {main}
  thrown {"exception":"[object] (Symfony\\Component\\ErrorHandler\\Error\\FatalError(code: 0): Uncaught Symfony\\Component\\Finder\\Exception\\DirectoryNotFoundException: The \"C:\\xampp\\htdocs\\laravel\\MTB_HMS_Booking_System\\MTB_Laravel\\MTB_Booking_System\\resources\\views\" directory does not exist. in C:\\xampp\\htdocs\\laravel\\MTB_HMS_Booking_System\\vendor\\symfony\\finder\\Finder.php:646
Stack trace:
#0 C:\\xampp\\htdocs\\laravel\\MTB_HMS_Booking_System\\vendor\\laravel\\framework\\src\\Illuminate\\Filesystem\\Filesystem.php(584): Symfony\\Component\\Finder\\Finder->in('C:\\\\xampp\\\\htdocs...')
#1 Command line code(1): Illuminate\\Filesystem\\Filesystem->files('C:\\\\xampp\\\\htdocs...')
#2 Command line code(1): getViews('C:\\\\xampp\\\\htdocs...', Object(Illuminate\\Filesystem\\Filesystem))
#3 {main}
  thrown at C:\\xampp\\htdocs\\laravel\\MTB_HMS_Booking_System\\vendor\\symfony\\finder\\Finder.php:646)
[stacktrace]
#0 {main}
"} 
[2025-04-21 12:38:35] local.ERROR: Uncaught Symfony\Component\Finder\Exception\DirectoryNotFoundException: The "C:\xampp\htdocs\laravel\MTB_HMS_Booking_System\MTB_Laravel\MTB_Booking_System\resources\views" directory does not exist. in C:\xampp\htdocs\laravel\MTB_HMS_Booking_System\vendor\symfony\finder\Finder.php:646
Stack trace:
#0 C:\xampp\htdocs\laravel\MTB_HMS_Booking_System\vendor\laravel\framework\src\Illuminate\Filesystem\Filesystem.php(584): Symfony\Component\Finder\Finder->in('C:\\xampp\\htdocs...')
#1 Command line code(1): Illuminate\Filesystem\Filesystem->files('C:\\xampp\\htdocs...')
#2 Command line code(1): getViews('C:\\xampp\\htdocs...', Object(Illuminate\Filesystem\Filesystem))
#3 {main}
  thrown {"exception":"[object] (Symfony\\Component\\ErrorHandler\\Error\\FatalError(code: 0): Uncaught Symfony\\Component\\Finder\\Exception\\DirectoryNotFoundException: The \"C:\\xampp\\htdocs\\laravel\\MTB_HMS_Booking_System\\MTB_Laravel\\MTB_Booking_System\\resources\\views\" directory does not exist. in C:\\xampp\\htdocs\\laravel\\MTB_HMS_Booking_System\\vendor\\symfony\\finder\\Finder.php:646
Stack trace:
#0 C:\\xampp\\htdocs\\laravel\\MTB_HMS_Booking_System\\vendor\\laravel\\framework\\src\\Illuminate\\Filesystem\\Filesystem.php(584): Symfony\\Component\\Finder\\Finder->in('C:\\\\xampp\\\\htdocs...')
#1 Command line code(1): Illuminate\\Filesystem\\Filesystem->files('C:\\\\xampp\\\\htdocs...')
#2 Command line code(1): getViews('C:\\\\xampp\\\\htdocs...', Object(Illuminate\\Filesystem\\Filesystem))
#3 {main}
  thrown at C:\\xampp\\htdocs\\laravel\\MTB_HMS_Booking_System\\vendor\\symfony\\finder\\Finder.php:646)
[stacktrace]
#0 {main}
"} 
[2025-04-21 12:38:37] local.ERROR: Uncaught Symfony\Component\Finder\Exception\DirectoryNotFoundException: The "C:\xampp\htdocs\laravel\MTB_HMS_Booking_System\MTB_Laravel\MTB_Booking_System\resources\views" directory does not exist. in C:\xampp\htdocs\laravel\MTB_HMS_Booking_System\vendor\symfony\finder\Finder.php:646
Stack trace:
#0 C:\xampp\htdocs\laravel\MTB_HMS_Booking_System\vendor\laravel\framework\src\Illuminate\Filesystem\Filesystem.php(584): Symfony\Component\Finder\Finder->in('C:\\xampp\\htdocs...')
#1 Command line code(1): Illuminate\Filesystem\Filesystem->files('C:\\xampp\\htdocs...')
#2 Command line code(1): getViews('C:\\xampp\\htdocs...', Object(Illuminate\Filesystem\Filesystem))
#3 {main}
  thrown {"exception":"[object] (Symfony\\Component\\ErrorHandler\\Error\\FatalError(code: 0): Uncaught Symfony\\Component\\Finder\\Exception\\DirectoryNotFoundException: The \"C:\\xampp\\htdocs\\laravel\\MTB_HMS_Booking_System\\MTB_Laravel\\MTB_Booking_System\\resources\\views\" directory does not exist. in C:\\xampp\\htdocs\\laravel\\MTB_HMS_Booking_System\\vendor\\symfony\\finder\\Finder.php:646
Stack trace:
#0 C:\\xampp\\htdocs\\laravel\\MTB_HMS_Booking_System\\vendor\\laravel\\framework\\src\\Illuminate\\Filesystem\\Filesystem.php(584): Symfony\\Component\\Finder\\Finder->in('C:\\\\xampp\\\\htdocs...')
#1 Command line code(1): Illuminate\\Filesystem\\Filesystem->files('C:\\\\xampp\\\\htdocs...')
#2 Command line code(1): getViews('C:\\\\xampp\\\\htdocs...', Object(Illuminate\\Filesystem\\Filesystem))
#3 {main}
  thrown at C:\\xampp\\htdocs\\laravel\\MTB_HMS_Booking_System\\vendor\\symfony\\finder\\Finder.php:646)
[stacktrace]
#0 {main}
"} 
[2025-04-21 12:38:38] local.ERROR: Uncaught Symfony\Component\Finder\Exception\DirectoryNotFoundException: The "C:\xampp\htdocs\laravel\MTB_HMS_Booking_System\MTB_Laravel\MTB_Booking_System\resources\views" directory does not exist. in C:\xampp\htdocs\laravel\MTB_HMS_Booking_System\vendor\symfony\finder\Finder.php:646
Stack trace:
#0 C:\xampp\htdocs\laravel\MTB_HMS_Booking_System\vendor\laravel\framework\src\Illuminate\Filesystem\Filesystem.php(584): Symfony\Component\Finder\Finder->in('C:\\xampp\\htdocs...')
#1 Command line code(1): Illuminate\Filesystem\Filesystem->files('C:\\xampp\\htdocs...')
#2 Command line code(1): getViews('C:\\xampp\\htdocs...', Object(Illuminate\Filesystem\Filesystem))
#3 {main}
  thrown {"exception":"[object] (Symfony\\Component\\ErrorHandler\\Error\\FatalError(code: 0): Uncaught Symfony\\Component\\Finder\\Exception\\DirectoryNotFoundException: The \"C:\\xampp\\htdocs\\laravel\\MTB_HMS_Booking_System\\MTB_Laravel\\MTB_Booking_System\\resources\\views\" directory does not exist. in C:\\xampp\\htdocs\\laravel\\MTB_HMS_Booking_System\\vendor\\symfony\\finder\\Finder.php:646
Stack trace:
#0 C:\\xampp\\htdocs\\laravel\\MTB_HMS_Booking_System\\vendor\\laravel\\framework\\src\\Illuminate\\Filesystem\\Filesystem.php(584): Symfony\\Component\\Finder\\Finder->in('C:\\\\xampp\\\\htdocs...')
#1 Command line code(1): Illuminate\\Filesystem\\Filesystem->files('C:\\\\xampp\\\\htdocs...')
#2 Command line code(1): getViews('C:\\\\xampp\\\\htdocs...', Object(Illuminate\\Filesystem\\Filesystem))
#3 {main}
  thrown at C:\\xampp\\htdocs\\laravel\\MTB_HMS_Booking_System\\vendor\\symfony\\finder\\Finder.php:646)
[stacktrace]
#0 {main}
"} 
[2025-04-21 12:38:39] local.ERROR: Uncaught Symfony\Component\Finder\Exception\DirectoryNotFoundException: The "C:\xampp\htdocs\laravel\MTB_HMS_Booking_System\MTB_Laravel\MTB_Booking_System\resources\views" directory does not exist. in C:\xampp\htdocs\laravel\MTB_HMS_Booking_System\vendor\symfony\finder\Finder.php:646
Stack trace:
#0 C:\xampp\htdocs\laravel\MTB_HMS_Booking_System\vendor\laravel\framework\src\Illuminate\Filesystem\Filesystem.php(584): Symfony\Component\Finder\Finder->in('C:\\xampp\\htdocs...')
#1 Command line code(1): Illuminate\Filesystem\Filesystem->files('C:\\xampp\\htdocs...')
#2 Command line code(1): getViews('C:\\xampp\\htdocs...', Object(Illuminate\Filesystem\Filesystem))
#3 {main}
  thrown {"exception":"[object] (Symfony\\Component\\ErrorHandler\\Error\\FatalError(code: 0): Uncaught Symfony\\Component\\Finder\\Exception\\DirectoryNotFoundException: The \"C:\\xampp\\htdocs\\laravel\\MTB_HMS_Booking_System\\MTB_Laravel\\MTB_Booking_System\\resources\\views\" directory does not exist. in C:\\xampp\\htdocs\\laravel\\MTB_HMS_Booking_System\\vendor\\symfony\\finder\\Finder.php:646
Stack trace:
#0 C:\\xampp\\htdocs\\laravel\\MTB_HMS_Booking_System\\vendor\\laravel\\framework\\src\\Illuminate\\Filesystem\\Filesystem.php(584): Symfony\\Component\\Finder\\Finder->in('C:\\\\xampp\\\\htdocs...')
#1 Command line code(1): Illuminate\\Filesystem\\Filesystem->files('C:\\\\xampp\\\\htdocs...')
#2 Command line code(1): getViews('C:\\\\xampp\\\\htdocs...', Object(Illuminate\\Filesystem\\Filesystem))
#3 {main}
  thrown at C:\\xampp\\htdocs\\laravel\\MTB_HMS_Booking_System\\vendor\\symfony\\finder\\Finder.php:646)
[stacktrace]
#0 {main}
"} 
[2025-04-21 12:38:40] local.ERROR: Uncaught Symfony\Component\Finder\Exception\DirectoryNotFoundException: The "C:\xampp\htdocs\laravel\MTB_HMS_Booking_System\MTB_Laravel\MTB_Booking_System\resources\views" directory does not exist. in C:\xampp\htdocs\laravel\MTB_HMS_Booking_System\vendor\symfony\finder\Finder.php:646
Stack trace:
#0 C:\xampp\htdocs\laravel\MTB_HMS_Booking_System\vendor\laravel\framework\src\Illuminate\Filesystem\Filesystem.php(584): Symfony\Component\Finder\Finder->in('C:\\xampp\\htdocs...')
#1 Command line code(1): Illuminate\Filesystem\Filesystem->files('C:\\xampp\\htdocs...')
#2 Command line code(1): getViews('C:\\xampp\\htdocs...', Object(Illuminate\Filesystem\Filesystem))
#3 {main}
  thrown {"exception":"[object] (Symfony\\Component\\ErrorHandler\\Error\\FatalError(code: 0): Uncaught Symfony\\Component\\Finder\\Exception\\DirectoryNotFoundException: The \"C:\\xampp\\htdocs\\laravel\\MTB_HMS_Booking_System\\MTB_Laravel\\MTB_Booking_System\\resources\\views\" directory does not exist. in C:\\xampp\\htdocs\\laravel\\MTB_HMS_Booking_System\\vendor\\symfony\\finder\\Finder.php:646
Stack trace:
#0 C:\\xampp\\htdocs\\laravel\\MTB_HMS_Booking_System\\vendor\\laravel\\framework\\src\\Illuminate\\Filesystem\\Filesystem.php(584): Symfony\\Component\\Finder\\Finder->in('C:\\\\xampp\\\\htdocs...')
#1 Command line code(1): Illuminate\\Filesystem\\Filesystem->files('C:\\\\xampp\\\\htdocs...')
#2 Command line code(1): getViews('C:\\\\xampp\\\\htdocs...', Object(Illuminate\\Filesystem\\Filesystem))
#3 {main}
  thrown at C:\\xampp\\htdocs\\laravel\\MTB_HMS_Booking_System\\vendor\\symfony\\finder\\Finder.php:646)
[stacktrace]
#0 {main}
"} 
[2025-04-21 12:38:42] local.ERROR: Uncaught Symfony\Component\Finder\Exception\DirectoryNotFoundException: The "C:\xampp\htdocs\laravel\MTB_HMS_Booking_System\MTB_Laravel\MTB_Booking_System\resources\views" directory does not exist. in C:\xampp\htdocs\laravel\MTB_HMS_Booking_System\vendor\symfony\finder\Finder.php:646
Stack trace:
#0 C:\xampp\htdocs\laravel\MTB_HMS_Booking_System\vendor\laravel\framework\src\Illuminate\Filesystem\Filesystem.php(584): Symfony\Component\Finder\Finder->in('C:\\xampp\\htdocs...')
#1 Command line code(1): Illuminate\Filesystem\Filesystem->files('C:\\xampp\\htdocs...')
#2 Command line code(1): getViews('C:\\xampp\\htdocs...', Object(Illuminate\Filesystem\Filesystem))
#3 {main}
  thrown {"exception":"[object] (Symfony\\Component\\ErrorHandler\\Error\\FatalError(code: 0): Uncaught Symfony\\Component\\Finder\\Exception\\DirectoryNotFoundException: The \"C:\\xampp\\htdocs\\laravel\\MTB_HMS_Booking_System\\MTB_Laravel\\MTB_Booking_System\\resources\\views\" directory does not exist. in C:\\xampp\\htdocs\\laravel\\MTB_HMS_Booking_System\\vendor\\symfony\\finder\\Finder.php:646
Stack trace:
#0 C:\\xampp\\htdocs\\laravel\\MTB_HMS_Booking_System\\vendor\\laravel\\framework\\src\\Illuminate\\Filesystem\\Filesystem.php(584): Symfony\\Component\\Finder\\Finder->in('C:\\\\xampp\\\\htdocs...')
#1 Command line code(1): Illuminate\\Filesystem\\Filesystem->files('C:\\\\xampp\\\\htdocs...')
#2 Command line code(1): getViews('C:\\\\xampp\\\\htdocs...', Object(Illuminate\\Filesystem\\Filesystem))
#3 {main}
  thrown at C:\\xampp\\htdocs\\laravel\\MTB_HMS_Booking_System\\vendor\\symfony\\finder\\Finder.php:646)
[stacktrace]
#0 {main}
"} 
[2025-04-21 12:38:42] local.ERROR: Uncaught Symfony\Component\Finder\Exception\DirectoryNotFoundException: The "C:\xampp\htdocs\laravel\MTB_HMS_Booking_System\MTB_Laravel\MTB_Booking_System\resources\views" directory does not exist. in C:\xampp\htdocs\laravel\MTB_HMS_Booking_System\vendor\symfony\finder\Finder.php:646
Stack trace:
#0 C:\xampp\htdocs\laravel\MTB_HMS_Booking_System\vendor\laravel\framework\src\Illuminate\Filesystem\Filesystem.php(584): Symfony\Component\Finder\Finder->in('C:\\xampp\\htdocs...')
#1 Command line code(1): Illuminate\Filesystem\Filesystem->files('C:\\xampp\\htdocs...')
#2 Command line code(1): getViews('C:\\xampp\\htdocs...', Object(Illuminate\Filesystem\Filesystem))
#3 {main}
  thrown {"exception":"[object] (Symfony\\Component\\ErrorHandler\\Error\\FatalError(code: 0): Uncaught Symfony\\Component\\Finder\\Exception\\DirectoryNotFoundException: The \"C:\\xampp\\htdocs\\laravel\\MTB_HMS_Booking_System\\MTB_Laravel\\MTB_Booking_System\\resources\\views\" directory does not exist. in C:\\xampp\\htdocs\\laravel\\MTB_HMS_Booking_System\\vendor\\symfony\\finder\\Finder.php:646
Stack trace:
#0 C:\\xampp\\htdocs\\laravel\\MTB_HMS_Booking_System\\vendor\\laravel\\framework\\src\\Illuminate\\Filesystem\\Filesystem.php(584): Symfony\\Component\\Finder\\Finder->in('C:\\\\xampp\\\\htdocs...')
#1 Command line code(1): Illuminate\\Filesystem\\Filesystem->files('C:\\\\xampp\\\\htdocs...')
#2 Command line code(1): getViews('C:\\\\xampp\\\\htdocs...', Object(Illuminate\\Filesystem\\Filesystem))
#3 {main}
  thrown at C:\\xampp\\htdocs\\laravel\\MTB_HMS_Booking_System\\vendor\\symfony\\finder\\Finder.php:646)
[stacktrace]
#0 {main}
"} 
[2025-04-21 12:38:43] local.ERROR: Uncaught Symfony\Component\Finder\Exception\DirectoryNotFoundException: The "C:\xampp\htdocs\laravel\MTB_HMS_Booking_System\MTB_Laravel\MTB_Booking_System\resources\views" directory does not exist. in C:\xampp\htdocs\laravel\MTB_HMS_Booking_System\vendor\symfony\finder\Finder.php:646
Stack trace:
#0 C:\xampp\htdocs\laravel\MTB_HMS_Booking_System\vendor\laravel\framework\src\Illuminate\Filesystem\Filesystem.php(584): Symfony\Component\Finder\Finder->in('C:\\xampp\\htdocs...')
#1 Command line code(1): Illuminate\Filesystem\Filesystem->files('C:\\xampp\\htdocs...')
#2 Command line code(1): getViews('C:\\xampp\\htdocs...', Object(Illuminate\Filesystem\Filesystem))
#3 {main}
  thrown {"exception":"[object] (Symfony\\Component\\ErrorHandler\\Error\\FatalError(code: 0): Uncaught Symfony\\Component\\Finder\\Exception\\DirectoryNotFoundException: The \"C:\\xampp\\htdocs\\laravel\\MTB_HMS_Booking_System\\MTB_Laravel\\MTB_Booking_System\\resources\\views\" directory does not exist. in C:\\xampp\\htdocs\\laravel\\MTB_HMS_Booking_System\\vendor\\symfony\\finder\\Finder.php:646
Stack trace:
#0 C:\\xampp\\htdocs\\laravel\\MTB_HMS_Booking_System\\vendor\\laravel\\framework\\src\\Illuminate\\Filesystem\\Filesystem.php(584): Symfony\\Component\\Finder\\Finder->in('C:\\\\xampp\\\\htdocs...')
#1 Command line code(1): Illuminate\\Filesystem\\Filesystem->files('C:\\\\xampp\\\\htdocs...')
#2 Command line code(1): getViews('C:\\\\xampp\\\\htdocs...', Object(Illuminate\\Filesystem\\Filesystem))
#3 {main}
  thrown at C:\\xampp\\htdocs\\laravel\\MTB_HMS_Booking_System\\vendor\\symfony\\finder\\Finder.php:646)
[stacktrace]
#0 {main}
"} 
[2025-04-21 12:38:44] local.ERROR: Uncaught Symfony\Component\Finder\Exception\DirectoryNotFoundException: The "C:\xampp\htdocs\laravel\MTB_HMS_Booking_System\MTB_Laravel\MTB_Booking_System\resources\views" directory does not exist. in C:\xampp\htdocs\laravel\MTB_HMS_Booking_System\vendor\symfony\finder\Finder.php:646
Stack trace:
#0 C:\xampp\htdocs\laravel\MTB_HMS_Booking_System\vendor\laravel\framework\src\Illuminate\Filesystem\Filesystem.php(584): Symfony\Component\Finder\Finder->in('C:\\xampp\\htdocs...')
#1 Command line code(1): Illuminate\Filesystem\Filesystem->files('C:\\xampp\\htdocs...')
#2 Command line code(1): getViews('C:\\xampp\\htdocs...', Object(Illuminate\Filesystem\Filesystem))
#3 {main}
  thrown {"exception":"[object] (Symfony\\Component\\ErrorHandler\\Error\\FatalError(code: 0): Uncaught Symfony\\Component\\Finder\\Exception\\DirectoryNotFoundException: The \"C:\\xampp\\htdocs\\laravel\\MTB_HMS_Booking_System\\MTB_Laravel\\MTB_Booking_System\\resources\\views\" directory does not exist. in C:\\xampp\\htdocs\\laravel\\MTB_HMS_Booking_System\\vendor\\symfony\\finder\\Finder.php:646
Stack trace:
#0 C:\\xampp\\htdocs\\laravel\\MTB_HMS_Booking_System\\vendor\\laravel\\framework\\src\\Illuminate\\Filesystem\\Filesystem.php(584): Symfony\\Component\\Finder\\Finder->in('C:\\\\xampp\\\\htdocs...')
#1 Command line code(1): Illuminate\\Filesystem\\Filesystem->files('C:\\\\xampp\\\\htdocs...')
#2 Command line code(1): getViews('C:\\\\xampp\\\\htdocs...', Object(Illuminate\\Filesystem\\Filesystem))
#3 {main}
  thrown at C:\\xampp\\htdocs\\laravel\\MTB_HMS_Booking_System\\vendor\\symfony\\finder\\Finder.php:646)
[stacktrace]
#0 {main}
"} 
[2025-04-21 12:38:47] local.ERROR: Uncaught Symfony\Component\Finder\Exception\DirectoryNotFoundException: The "C:\xampp\htdocs\laravel\MTB_HMS_Booking_System\MTB_Laravel\MTB_Booking_System\resources\views" directory does not exist. in C:\xampp\htdocs\laravel\MTB_HMS_Booking_System\vendor\symfony\finder\Finder.php:646
Stack trace:
#0 C:\xampp\htdocs\laravel\MTB_HMS_Booking_System\vendor\laravel\framework\src\Illuminate\Filesystem\Filesystem.php(584): Symfony\Component\Finder\Finder->in('C:\\xampp\\htdocs...')
#1 Command line code(1): Illuminate\Filesystem\Filesystem->files('C:\\xampp\\htdocs...')
#2 Command line code(1): getViews('C:\\xampp\\htdocs...', Object(Illuminate\Filesystem\Filesystem))
#3 {main}
  thrown {"exception":"[object] (Symfony\\Component\\ErrorHandler\\Error\\FatalError(code: 0): Uncaught Symfony\\Component\\Finder\\Exception\\DirectoryNotFoundException: The \"C:\\xampp\\htdocs\\laravel\\MTB_HMS_Booking_System\\MTB_Laravel\\MTB_Booking_System\\resources\\views\" directory does not exist. in C:\\xampp\\htdocs\\laravel\\MTB_HMS_Booking_System\\vendor\\symfony\\finder\\Finder.php:646
Stack trace:
#0 C:\\xampp\\htdocs\\laravel\\MTB_HMS_Booking_System\\vendor\\laravel\\framework\\src\\Illuminate\\Filesystem\\Filesystem.php(584): Symfony\\Component\\Finder\\Finder->in('C:\\\\xampp\\\\htdocs...')
#1 Command line code(1): Illuminate\\Filesystem\\Filesystem->files('C:\\\\xampp\\\\htdocs...')
#2 Command line code(1): getViews('C:\\\\xampp\\\\htdocs...', Object(Illuminate\\Filesystem\\Filesystem))
#3 {main}
  thrown at C:\\xampp\\htdocs\\laravel\\MTB_HMS_Booking_System\\vendor\\symfony\\finder\\Finder.php:646)
[stacktrace]
#0 {main}
"} 
[2025-04-21 12:38:47] local.ERROR: Uncaught Symfony\Component\Finder\Exception\DirectoryNotFoundException: The "C:\xampp\htdocs\laravel\MTB_HMS_Booking_System\MTB_Laravel\MTB_Booking_System\resources\views" directory does not exist. in C:\xampp\htdocs\laravel\MTB_HMS_Booking_System\vendor\symfony\finder\Finder.php:646
Stack trace:
#0 C:\xampp\htdocs\laravel\MTB_HMS_Booking_System\vendor\laravel\framework\src\Illuminate\Filesystem\Filesystem.php(584): Symfony\Component\Finder\Finder->in('C:\\xampp\\htdocs...')
#1 Command line code(1): Illuminate\Filesystem\Filesystem->files('C:\\xampp\\htdocs...')
#2 Command line code(1): getViews('C:\\xampp\\htdocs...', Object(Illuminate\Filesystem\Filesystem))
#3 {main}
  thrown {"exception":"[object] (Symfony\\Component\\ErrorHandler\\Error\\FatalError(code: 0): Uncaught Symfony\\Component\\Finder\\Exception\\DirectoryNotFoundException: The \"C:\\xampp\\htdocs\\laravel\\MTB_HMS_Booking_System\\MTB_Laravel\\MTB_Booking_System\\resources\\views\" directory does not exist. in C:\\xampp\\htdocs\\laravel\\MTB_HMS_Booking_System\\vendor\\symfony\\finder\\Finder.php:646
Stack trace:
#0 C:\\xampp\\htdocs\\laravel\\MTB_HMS_Booking_System\\vendor\\laravel\\framework\\src\\Illuminate\\Filesystem\\Filesystem.php(584): Symfony\\Component\\Finder\\Finder->in('C:\\\\xampp\\\\htdocs...')
#1 Command line code(1): Illuminate\\Filesystem\\Filesystem->files('C:\\\\xampp\\\\htdocs...')
#2 Command line code(1): getViews('C:\\\\xampp\\\\htdocs...', Object(Illuminate\\Filesystem\\Filesystem))
#3 {main}
  thrown at C:\\xampp\\htdocs\\laravel\\MTB_HMS_Booking_System\\vendor\\symfony\\finder\\Finder.php:646)
[stacktrace]
#0 {main}
"} 
[2025-04-21 12:38:48] local.ERROR: Uncaught Symfony\Component\Finder\Exception\DirectoryNotFoundException: The "C:\xampp\htdocs\laravel\MTB_HMS_Booking_System\MTB_Laravel\MTB_Booking_System\resources\views" directory does not exist. in C:\xampp\htdocs\laravel\MTB_HMS_Booking_System\vendor\symfony\finder\Finder.php:646
Stack trace:
#0 C:\xampp\htdocs\laravel\MTB_HMS_Booking_System\vendor\laravel\framework\src\Illuminate\Filesystem\Filesystem.php(584): Symfony\Component\Finder\Finder->in('C:\\xampp\\htdocs...')
#1 Command line code(1): Illuminate\Filesystem\Filesystem->files('C:\\xampp\\htdocs...')
#2 Command line code(1): getViews('C:\\xampp\\htdocs...', Object(Illuminate\Filesystem\Filesystem))
#3 {main}
  thrown {"exception":"[object] (Symfony\\Component\\ErrorHandler\\Error\\FatalError(code: 0): Uncaught Symfony\\Component\\Finder\\Exception\\DirectoryNotFoundException: The \"C:\\xampp\\htdocs\\laravel\\MTB_HMS_Booking_System\\MTB_Laravel\\MTB_Booking_System\\resources\\views\" directory does not exist. in C:\\xampp\\htdocs\\laravel\\MTB_HMS_Booking_System\\vendor\\symfony\\finder\\Finder.php:646
Stack trace:
#0 C:\\xampp\\htdocs\\laravel\\MTB_HMS_Booking_System\\vendor\\laravel\\framework\\src\\Illuminate\\Filesystem\\Filesystem.php(584): Symfony\\Component\\Finder\\Finder->in('C:\\\\xampp\\\\htdocs...')
#1 Command line code(1): Illuminate\\Filesystem\\Filesystem->files('C:\\\\xampp\\\\htdocs...')
#2 Command line code(1): getViews('C:\\\\xampp\\\\htdocs...', Object(Illuminate\\Filesystem\\Filesystem))
#3 {main}
  thrown at C:\\xampp\\htdocs\\laravel\\MTB_HMS_Booking_System\\vendor\\symfony\\finder\\Finder.php:646)
[stacktrace]
#0 {main}
"} 
[2025-04-21 12:38:49] local.ERROR: Uncaught Symfony\Component\Finder\Exception\DirectoryNotFoundException: The "C:\xampp\htdocs\laravel\MTB_HMS_Booking_System\MTB_Laravel\MTB_Booking_System\resources\views" directory does not exist. in C:\xampp\htdocs\laravel\MTB_HMS_Booking_System\vendor\symfony\finder\Finder.php:646
Stack trace:
#0 C:\xampp\htdocs\laravel\MTB_HMS_Booking_System\vendor\laravel\framework\src\Illuminate\Filesystem\Filesystem.php(584): Symfony\Component\Finder\Finder->in('C:\\xampp\\htdocs...')
#1 Command line code(1): Illuminate\Filesystem\Filesystem->files('C:\\xampp\\htdocs...')
#2 Command line code(1): getViews('C:\\xampp\\htdocs...', Object(Illuminate\Filesystem\Filesystem))
#3 {main}
  thrown {"exception":"[object] (Symfony\\Component\\ErrorHandler\\Error\\FatalError(code: 0): Uncaught Symfony\\Component\\Finder\\Exception\\DirectoryNotFoundException: The \"C:\\xampp\\htdocs\\laravel\\MTB_HMS_Booking_System\\MTB_Laravel\\MTB_Booking_System\\resources\\views\" directory does not exist. in C:\\xampp\\htdocs\\laravel\\MTB_HMS_Booking_System\\vendor\\symfony\\finder\\Finder.php:646
Stack trace:
#0 C:\\xampp\\htdocs\\laravel\\MTB_HMS_Booking_System\\vendor\\laravel\\framework\\src\\Illuminate\\Filesystem\\Filesystem.php(584): Symfony\\Component\\Finder\\Finder->in('C:\\\\xampp\\\\htdocs...')
#1 Command line code(1): Illuminate\\Filesystem\\Filesystem->files('C:\\\\xampp\\\\htdocs...')
#2 Command line code(1): getViews('C:\\\\xampp\\\\htdocs...', Object(Illuminate\\Filesystem\\Filesystem))
#3 {main}
  thrown at C:\\xampp\\htdocs\\laravel\\MTB_HMS_Booking_System\\vendor\\symfony\\finder\\Finder.php:646)
[stacktrace]
#0 {main}
"} 
[2025-04-21 12:38:50] local.ERROR: Uncaught Symfony\Component\Finder\Exception\DirectoryNotFoundException: The "C:\xampp\htdocs\laravel\MTB_HMS_Booking_System\MTB_Laravel\MTB_Booking_System\resources\views" directory does not exist. in C:\xampp\htdocs\laravel\MTB_HMS_Booking_System\vendor\symfony\finder\Finder.php:646
Stack trace:
#0 C:\xampp\htdocs\laravel\MTB_HMS_Booking_System\vendor\laravel\framework\src\Illuminate\Filesystem\Filesystem.php(584): Symfony\Component\Finder\Finder->in('C:\\xampp\\htdocs...')
#1 Command line code(1): Illuminate\Filesystem\Filesystem->files('C:\\xampp\\htdocs...')
#2 Command line code(1): getViews('C:\\xampp\\htdocs...', Object(Illuminate\Filesystem\Filesystem))
#3 {main}
  thrown {"exception":"[object] (Symfony\\Component\\ErrorHandler\\Error\\FatalError(code: 0): Uncaught Symfony\\Component\\Finder\\Exception\\DirectoryNotFoundException: The \"C:\\xampp\\htdocs\\laravel\\MTB_HMS_Booking_System\\MTB_Laravel\\MTB_Booking_System\\resources\\views\" directory does not exist. in C:\\xampp\\htdocs\\laravel\\MTB_HMS_Booking_System\\vendor\\symfony\\finder\\Finder.php:646
Stack trace:
#0 C:\\xampp\\htdocs\\laravel\\MTB_HMS_Booking_System\\vendor\\laravel\\framework\\src\\Illuminate\\Filesystem\\Filesystem.php(584): Symfony\\Component\\Finder\\Finder->in('C:\\\\xampp\\\\htdocs...')
#1 Command line code(1): Illuminate\\Filesystem\\Filesystem->files('C:\\\\xampp\\\\htdocs...')
#2 Command line code(1): getViews('C:\\\\xampp\\\\htdocs...', Object(Illuminate\\Filesystem\\Filesystem))
#3 {main}
  thrown at C:\\xampp\\htdocs\\laravel\\MTB_HMS_Booking_System\\vendor\\symfony\\finder\\Finder.php:646)
[stacktrace]
#0 {main}
"} 
[2025-04-21 12:38:52] local.ERROR: Uncaught Symfony\Component\Finder\Exception\DirectoryNotFoundException: The "C:\xampp\htdocs\laravel\MTB_HMS_Booking_System\MTB_Laravel\MTB_Booking_System\resources\views" directory does not exist. in C:\xampp\htdocs\laravel\MTB_HMS_Booking_System\vendor\symfony\finder\Finder.php:646
Stack trace:
#0 C:\xampp\htdocs\laravel\MTB_HMS_Booking_System\vendor\laravel\framework\src\Illuminate\Filesystem\Filesystem.php(584): Symfony\Component\Finder\Finder->in('C:\\xampp\\htdocs...')
#1 Command line code(1): Illuminate\Filesystem\Filesystem->files('C:\\xampp\\htdocs...')
#2 Command line code(1): getViews('C:\\xampp\\htdocs...', Object(Illuminate\Filesystem\Filesystem))
#3 {main}
  thrown {"exception":"[object] (Symfony\\Component\\ErrorHandler\\Error\\FatalError(code: 0): Uncaught Symfony\\Component\\Finder\\Exception\\DirectoryNotFoundException: The \"C:\\xampp\\htdocs\\laravel\\MTB_HMS_Booking_System\\MTB_Laravel\\MTB_Booking_System\\resources\\views\" directory does not exist. in C:\\xampp\\htdocs\\laravel\\MTB_HMS_Booking_System\\vendor\\symfony\\finder\\Finder.php:646
Stack trace:
#0 C:\\xampp\\htdocs\\laravel\\MTB_HMS_Booking_System\\vendor\\laravel\\framework\\src\\Illuminate\\Filesystem\\Filesystem.php(584): Symfony\\Component\\Finder\\Finder->in('C:\\\\xampp\\\\htdocs...')
#1 Command line code(1): Illuminate\\Filesystem\\Filesystem->files('C:\\\\xampp\\\\htdocs...')
#2 Command line code(1): getViews('C:\\\\xampp\\\\htdocs...', Object(Illuminate\\Filesystem\\Filesystem))
#3 {main}
  thrown at C:\\xampp\\htdocs\\laravel\\MTB_HMS_Booking_System\\vendor\\symfony\\finder\\Finder.php:646)
[stacktrace]
#0 {main}
"} 
[2025-04-21 12:38:53] local.ERROR: Uncaught Symfony\Component\Finder\Exception\DirectoryNotFoundException: The "C:\xampp\htdocs\laravel\MTB_HMS_Booking_System\MTB_Laravel\MTB_Booking_System\resources\views" directory does not exist. in C:\xampp\htdocs\laravel\MTB_HMS_Booking_System\vendor\symfony\finder\Finder.php:646
Stack trace:
#0 C:\xampp\htdocs\laravel\MTB_HMS_Booking_System\vendor\laravel\framework\src\Illuminate\Filesystem\Filesystem.php(584): Symfony\Component\Finder\Finder->in('C:\\xampp\\htdocs...')
#1 Command line code(1): Illuminate\Filesystem\Filesystem->files('C:\\xampp\\htdocs...')
#2 Command line code(1): getViews('C:\\xampp\\htdocs...', Object(Illuminate\Filesystem\Filesystem))
#3 {main}
  thrown {"exception":"[object] (Symfony\\Component\\ErrorHandler\\Error\\FatalError(code: 0): Uncaught Symfony\\Component\\Finder\\Exception\\DirectoryNotFoundException: The \"C:\\xampp\\htdocs\\laravel\\MTB_HMS_Booking_System\\MTB_Laravel\\MTB_Booking_System\\resources\\views\" directory does not exist. in C:\\xampp\\htdocs\\laravel\\MTB_HMS_Booking_System\\vendor\\symfony\\finder\\Finder.php:646
Stack trace:
#0 C:\\xampp\\htdocs\\laravel\\MTB_HMS_Booking_System\\vendor\\laravel\\framework\\src\\Illuminate\\Filesystem\\Filesystem.php(584): Symfony\\Component\\Finder\\Finder->in('C:\\\\xampp\\\\htdocs...')
#1 Command line code(1): Illuminate\\Filesystem\\Filesystem->files('C:\\\\xampp\\\\htdocs...')
#2 Command line code(1): getViews('C:\\\\xampp\\\\htdocs...', Object(Illuminate\\Filesystem\\Filesystem))
#3 {main}
  thrown at C:\\xampp\\htdocs\\laravel\\MTB_HMS_Booking_System\\vendor\\symfony\\finder\\Finder.php:646)
[stacktrace]
#0 {main}
"} 
[2025-04-21 12:38:54] local.ERROR: Uncaught Symfony\Component\Finder\Exception\DirectoryNotFoundException: The "C:\xampp\htdocs\laravel\MTB_HMS_Booking_System\MTB_Laravel\MTB_Booking_System\resources\views" directory does not exist. in C:\xampp\htdocs\laravel\MTB_HMS_Booking_System\vendor\symfony\finder\Finder.php:646
Stack trace:
#0 C:\xampp\htdocs\laravel\MTB_HMS_Booking_System\vendor\laravel\framework\src\Illuminate\Filesystem\Filesystem.php(584): Symfony\Component\Finder\Finder->in('C:\\xampp\\htdocs...')
#1 Command line code(1): Illuminate\Filesystem\Filesystem->files('C:\\xampp\\htdocs...')
#2 Command line code(1): getViews('C:\\xampp\\htdocs...', Object(Illuminate\Filesystem\Filesystem))
#3 {main}
  thrown {"exception":"[object] (Symfony\\Component\\ErrorHandler\\Error\\FatalError(code: 0): Uncaught Symfony\\Component\\Finder\\Exception\\DirectoryNotFoundException: The \"C:\\xampp\\htdocs\\laravel\\MTB_HMS_Booking_System\\MTB_Laravel\\MTB_Booking_System\\resources\\views\" directory does not exist. in C:\\xampp\\htdocs\\laravel\\MTB_HMS_Booking_System\\vendor\\symfony\\finder\\Finder.php:646
Stack trace:
#0 C:\\xampp\\htdocs\\laravel\\MTB_HMS_Booking_System\\vendor\\laravel\\framework\\src\\Illuminate\\Filesystem\\Filesystem.php(584): Symfony\\Component\\Finder\\Finder->in('C:\\\\xampp\\\\htdocs...')
#1 Command line code(1): Illuminate\\Filesystem\\Filesystem->files('C:\\\\xampp\\\\htdocs...')
#2 Command line code(1): getViews('C:\\\\xampp\\\\htdocs...', Object(Illuminate\\Filesystem\\Filesystem))
#3 {main}
  thrown at C:\\xampp\\htdocs\\laravel\\MTB_HMS_Booking_System\\vendor\\symfony\\finder\\Finder.php:646)
[stacktrace]
#0 {main}
"} 
[2025-04-21 12:38:54] local.ERROR: Uncaught Symfony\Component\Finder\Exception\DirectoryNotFoundException: The "C:\xampp\htdocs\laravel\MTB_HMS_Booking_System\MTB_Laravel\MTB_Booking_System\resources\views" directory does not exist. in C:\xampp\htdocs\laravel\MTB_HMS_Booking_System\vendor\symfony\finder\Finder.php:646
Stack trace:
#0 C:\xampp\htdocs\laravel\MTB_HMS_Booking_System\vendor\laravel\framework\src\Illuminate\Filesystem\Filesystem.php(584): Symfony\Component\Finder\Finder->in('C:\\xampp\\htdocs...')
#1 Command line code(1): Illuminate\Filesystem\Filesystem->files('C:\\xampp\\htdocs...')
#2 Command line code(1): getViews('C:\\xampp\\htdocs...', Object(Illuminate\Filesystem\Filesystem))
#3 {main}
  thrown {"exception":"[object] (Symfony\\Component\\ErrorHandler\\Error\\FatalError(code: 0): Uncaught Symfony\\Component\\Finder\\Exception\\DirectoryNotFoundException: The \"C:\\xampp\\htdocs\\laravel\\MTB_HMS_Booking_System\\MTB_Laravel\\MTB_Booking_System\\resources\\views\" directory does not exist. in C:\\xampp\\htdocs\\laravel\\MTB_HMS_Booking_System\\vendor\\symfony\\finder\\Finder.php:646
Stack trace:
#0 C:\\xampp\\htdocs\\laravel\\MTB_HMS_Booking_System\\vendor\\laravel\\framework\\src\\Illuminate\\Filesystem\\Filesystem.php(584): Symfony\\Component\\Finder\\Finder->in('C:\\\\xampp\\\\htdocs...')
#1 Command line code(1): Illuminate\\Filesystem\\Filesystem->files('C:\\\\xampp\\\\htdocs...')
#2 Command line code(1): getViews('C:\\\\xampp\\\\htdocs...', Object(Illuminate\\Filesystem\\Filesystem))
#3 {main}
  thrown at C:\\xampp\\htdocs\\laravel\\MTB_HMS_Booking_System\\vendor\\symfony\\finder\\Finder.php:646)
[stacktrace]
#0 {main}
"} 
[2025-04-21 12:38:57] local.ERROR: Uncaught Symfony\Component\Finder\Exception\DirectoryNotFoundException: The "C:\xampp\htdocs\laravel\MTB_HMS_Booking_System\MTB_Laravel\MTB_Booking_System\resources\views" directory does not exist. in C:\xampp\htdocs\laravel\MTB_HMS_Booking_System\vendor\symfony\finder\Finder.php:646
Stack trace:
#0 C:\xampp\htdocs\laravel\MTB_HMS_Booking_System\vendor\laravel\framework\src\Illuminate\Filesystem\Filesystem.php(584): Symfony\Component\Finder\Finder->in('C:\\xampp\\htdocs...')
#1 Command line code(1): Illuminate\Filesystem\Filesystem->files('C:\\xampp\\htdocs...')
#2 Command line code(1): getViews('C:\\xampp\\htdocs...', Object(Illuminate\Filesystem\Filesystem))
#3 {main}
  thrown {"exception":"[object] (Symfony\\Component\\ErrorHandler\\Error\\FatalError(code: 0): Uncaught Symfony\\Component\\Finder\\Exception\\DirectoryNotFoundException: The \"C:\\xampp\\htdocs\\laravel\\MTB_HMS_Booking_System\\MTB_Laravel\\MTB_Booking_System\\resources\\views\" directory does not exist. in C:\\xampp\\htdocs\\laravel\\MTB_HMS_Booking_System\\vendor\\symfony\\finder\\Finder.php:646
Stack trace:
#0 C:\\xampp\\htdocs\\laravel\\MTB_HMS_Booking_System\\vendor\\laravel\\framework\\src\\Illuminate\\Filesystem\\Filesystem.php(584): Symfony\\Component\\Finder\\Finder->in('C:\\\\xampp\\\\htdocs...')
#1 Command line code(1): Illuminate\\Filesystem\\Filesystem->files('C:\\\\xampp\\\\htdocs...')
#2 Command line code(1): getViews('C:\\\\xampp\\\\htdocs...', Object(Illuminate\\Filesystem\\Filesystem))
#3 {main}
  thrown at C:\\xampp\\htdocs\\laravel\\MTB_HMS_Booking_System\\vendor\\symfony\\finder\\Finder.php:646)
[stacktrace]
#0 {main}
"} 
[2025-04-21 12:38:58] local.ERROR: Uncaught Symfony\Component\Finder\Exception\DirectoryNotFoundException: The "C:\xampp\htdocs\laravel\MTB_HMS_Booking_System\MTB_Laravel\MTB_Booking_System\resources\views" directory does not exist. in C:\xampp\htdocs\laravel\MTB_HMS_Booking_System\vendor\symfony\finder\Finder.php:646
Stack trace:
#0 C:\xampp\htdocs\laravel\MTB_HMS_Booking_System\vendor\laravel\framework\src\Illuminate\Filesystem\Filesystem.php(584): Symfony\Component\Finder\Finder->in('C:\\xampp\\htdocs...')
#1 Command line code(1): Illuminate\Filesystem\Filesystem->files('C:\\xampp\\htdocs...')
#2 Command line code(1): getViews('C:\\xampp\\htdocs...', Object(Illuminate\Filesystem\Filesystem))
#3 {main}
  thrown {"exception":"[object] (Symfony\\Component\\ErrorHandler\\Error\\FatalError(code: 0): Uncaught Symfony\\Component\\Finder\\Exception\\DirectoryNotFoundException: The \"C:\\xampp\\htdocs\\laravel\\MTB_HMS_Booking_System\\MTB_Laravel\\MTB_Booking_System\\resources\\views\" directory does not exist. in C:\\xampp\\htdocs\\laravel\\MTB_HMS_Booking_System\\vendor\\symfony\\finder\\Finder.php:646
Stack trace:
#0 C:\\xampp\\htdocs\\laravel\\MTB_HMS_Booking_System\\vendor\\laravel\\framework\\src\\Illuminate\\Filesystem\\Filesystem.php(584): Symfony\\Component\\Finder\\Finder->in('C:\\\\xampp\\\\htdocs...')
#1 Command line code(1): Illuminate\\Filesystem\\Filesystem->files('C:\\\\xampp\\\\htdocs...')
#2 Command line code(1): getViews('C:\\\\xampp\\\\htdocs...', Object(Illuminate\\Filesystem\\Filesystem))
#3 {main}
  thrown at C:\\xampp\\htdocs\\laravel\\MTB_HMS_Booking_System\\vendor\\symfony\\finder\\Finder.php:646)
[stacktrace]
#0 {main}
"} 
[2025-04-21 12:38:59] local.ERROR: Uncaught Symfony\Component\Finder\Exception\DirectoryNotFoundException: The "C:\xampp\htdocs\laravel\MTB_HMS_Booking_System\MTB_Laravel\MTB_Booking_System\resources\views" directory does not exist. in C:\xampp\htdocs\laravel\MTB_HMS_Booking_System\vendor\symfony\finder\Finder.php:646
Stack trace:
#0 C:\xampp\htdocs\laravel\MTB_HMS_Booking_System\vendor\laravel\framework\src\Illuminate\Filesystem\Filesystem.php(584): Symfony\Component\Finder\Finder->in('C:\\xampp\\htdocs...')
#1 Command line code(1): Illuminate\Filesystem\Filesystem->files('C:\\xampp\\htdocs...')
#2 Command line code(1): getViews('C:\\xampp\\htdocs...', Object(Illuminate\Filesystem\Filesystem))
#3 {main}
  thrown {"exception":"[object] (Symfony\\Component\\ErrorHandler\\Error\\FatalError(code: 0): Uncaught Symfony\\Component\\Finder\\Exception\\DirectoryNotFoundException: The \"C:\\xampp\\htdocs\\laravel\\MTB_HMS_Booking_System\\MTB_Laravel\\MTB_Booking_System\\resources\\views\" directory does not exist. in C:\\xampp\\htdocs\\laravel\\MTB_HMS_Booking_System\\vendor\\symfony\\finder\\Finder.php:646
Stack trace:
#0 C:\\xampp\\htdocs\\laravel\\MTB_HMS_Booking_System\\vendor\\laravel\\framework\\src\\Illuminate\\Filesystem\\Filesystem.php(584): Symfony\\Component\\Finder\\Finder->in('C:\\\\xampp\\\\htdocs...')
#1 Command line code(1): Illuminate\\Filesystem\\Filesystem->files('C:\\\\xampp\\\\htdocs...')
#2 Command line code(1): getViews('C:\\\\xampp\\\\htdocs...', Object(Illuminate\\Filesystem\\Filesystem))
#3 {main}
  thrown at C:\\xampp\\htdocs\\laravel\\MTB_HMS_Booking_System\\vendor\\symfony\\finder\\Finder.php:646)
[stacktrace]
#0 {main}
"} 
[2025-04-21 12:39:00] local.ERROR: Uncaught Symfony\Component\Finder\Exception\DirectoryNotFoundException: The "C:\xampp\htdocs\laravel\MTB_HMS_Booking_System\MTB_Laravel\MTB_Booking_System\resources\views" directory does not exist. in C:\xampp\htdocs\laravel\MTB_HMS_Booking_System\vendor\symfony\finder\Finder.php:646
Stack trace:
#0 C:\xampp\htdocs\laravel\MTB_HMS_Booking_System\vendor\laravel\framework\src\Illuminate\Filesystem\Filesystem.php(584): Symfony\Component\Finder\Finder->in('C:\\xampp\\htdocs...')
#1 Command line code(1): Illuminate\Filesystem\Filesystem->files('C:\\xampp\\htdocs...')
#2 Command line code(1): getViews('C:\\xampp\\htdocs...', Object(Illuminate\Filesystem\Filesystem))
#3 {main}
  thrown {"exception":"[object] (Symfony\\Component\\ErrorHandler\\Error\\FatalError(code: 0): Uncaught Symfony\\Component\\Finder\\Exception\\DirectoryNotFoundException: The \"C:\\xampp\\htdocs\\laravel\\MTB_HMS_Booking_System\\MTB_Laravel\\MTB_Booking_System\\resources\\views\" directory does not exist. in C:\\xampp\\htdocs\\laravel\\MTB_HMS_Booking_System\\vendor\\symfony\\finder\\Finder.php:646
Stack trace:
#0 C:\\xampp\\htdocs\\laravel\\MTB_HMS_Booking_System\\vendor\\laravel\\framework\\src\\Illuminate\\Filesystem\\Filesystem.php(584): Symfony\\Component\\Finder\\Finder->in('C:\\\\xampp\\\\htdocs...')
#1 Command line code(1): Illuminate\\Filesystem\\Filesystem->files('C:\\\\xampp\\\\htdocs...')
#2 Command line code(1): getViews('C:\\\\xampp\\\\htdocs...', Object(Illuminate\\Filesystem\\Filesystem))
#3 {main}
  thrown at C:\\xampp\\htdocs\\laravel\\MTB_HMS_Booking_System\\vendor\\symfony\\finder\\Finder.php:646)
[stacktrace]
#0 {main}
"} 
[2025-04-21 12:39:02] local.ERROR: Uncaught Symfony\Component\Finder\Exception\DirectoryNotFoundException: The "C:\xampp\htdocs\laravel\MTB_HMS_Booking_System\MTB_Laravel\MTB_Booking_System\resources\views" directory does not exist. in C:\xampp\htdocs\laravel\MTB_HMS_Booking_System\vendor\symfony\finder\Finder.php:646
Stack trace:
#0 C:\xampp\htdocs\laravel\MTB_HMS_Booking_System\vendor\laravel\framework\src\Illuminate\Filesystem\Filesystem.php(584): Symfony\Component\Finder\Finder->in('C:\\xampp\\htdocs...')
#1 Command line code(1): Illuminate\Filesystem\Filesystem->files('C:\\xampp\\htdocs...')
#2 Command line code(1): getViews('C:\\xampp\\htdocs...', Object(Illuminate\Filesystem\Filesystem))
#3 {main}
  thrown {"exception":"[object] (Symfony\\Component\\ErrorHandler\\Error\\FatalError(code: 0): Uncaught Symfony\\Component\\Finder\\Exception\\DirectoryNotFoundException: The \"C:\\xampp\\htdocs\\laravel\\MTB_HMS_Booking_System\\MTB_Laravel\\MTB_Booking_System\\resources\\views\" directory does not exist. in C:\\xampp\\htdocs\\laravel\\MTB_HMS_Booking_System\\vendor\\symfony\\finder\\Finder.php:646
Stack trace:
#0 C:\\xampp\\htdocs\\laravel\\MTB_HMS_Booking_System\\vendor\\laravel\\framework\\src\\Illuminate\\Filesystem\\Filesystem.php(584): Symfony\\Component\\Finder\\Finder->in('C:\\\\xampp\\\\htdocs...')
#1 Command line code(1): Illuminate\\Filesystem\\Filesystem->files('C:\\\\xampp\\\\htdocs...')
#2 Command line code(1): getViews('C:\\\\xampp\\\\htdocs...', Object(Illuminate\\Filesystem\\Filesystem))
#3 {main}
  thrown at C:\\xampp\\htdocs\\laravel\\MTB_HMS_Booking_System\\vendor\\symfony\\finder\\Finder.php:646)
[stacktrace]
#0 {main}
"} 
[2025-04-21 12:39:02] local.ERROR: Uncaught Symfony\Component\Finder\Exception\DirectoryNotFoundException: The "C:\xampp\htdocs\laravel\MTB_HMS_Booking_System\MTB_Laravel\MTB_Booking_System\resources\views" directory does not exist. in C:\xampp\htdocs\laravel\MTB_HMS_Booking_System\vendor\symfony\finder\Finder.php:646
Stack trace:
#0 C:\xampp\htdocs\laravel\MTB_HMS_Booking_System\vendor\laravel\framework\src\Illuminate\Filesystem\Filesystem.php(584): Symfony\Component\Finder\Finder->in('C:\\xampp\\htdocs...')
#1 Command line code(1): Illuminate\Filesystem\Filesystem->files('C:\\xampp\\htdocs...')
#2 Command line code(1): getViews('C:\\xampp\\htdocs...', Object(Illuminate\Filesystem\Filesystem))
#3 {main}
  thrown {"exception":"[object] (Symfony\\Component\\ErrorHandler\\Error\\FatalError(code: 0): Uncaught Symfony\\Component\\Finder\\Exception\\DirectoryNotFoundException: The \"C:\\xampp\\htdocs\\laravel\\MTB_HMS_Booking_System\\MTB_Laravel\\MTB_Booking_System\\resources\\views\" directory does not exist. in C:\\xampp\\htdocs\\laravel\\MTB_HMS_Booking_System\\vendor\\symfony\\finder\\Finder.php:646
Stack trace:
#0 C:\\xampp\\htdocs\\laravel\\MTB_HMS_Booking_System\\vendor\\laravel\\framework\\src\\Illuminate\\Filesystem\\Filesystem.php(584): Symfony\\Component\\Finder\\Finder->in('C:\\\\xampp\\\\htdocs...')
#1 Command line code(1): Illuminate\\Filesystem\\Filesystem->files('C:\\\\xampp\\\\htdocs...')
#2 Command line code(1): getViews('C:\\\\xampp\\\\htdocs...', Object(Illuminate\\Filesystem\\Filesystem))
#3 {main}
  thrown at C:\\xampp\\htdocs\\laravel\\MTB_HMS_Booking_System\\vendor\\symfony\\finder\\Finder.php:646)
[stacktrace]
#0 {main}
"} 
[2025-04-21 12:39:03] local.ERROR: Uncaught Symfony\Component\Finder\Exception\DirectoryNotFoundException: The "C:\xampp\htdocs\laravel\MTB_HMS_Booking_System\MTB_Laravel\MTB_Booking_System\resources\views" directory does not exist. in C:\xampp\htdocs\laravel\MTB_HMS_Booking_System\vendor\symfony\finder\Finder.php:646
Stack trace:
#0 C:\xampp\htdocs\laravel\MTB_HMS_Booking_System\vendor\laravel\framework\src\Illuminate\Filesystem\Filesystem.php(584): Symfony\Component\Finder\Finder->in('C:\\xampp\\htdocs...')
#1 Command line code(1): Illuminate\Filesystem\Filesystem->files('C:\\xampp\\htdocs...')
#2 Command line code(1): getViews('C:\\xampp\\htdocs...', Object(Illuminate\Filesystem\Filesystem))
#3 {main}
  thrown {"exception":"[object] (Symfony\\Component\\ErrorHandler\\Error\\FatalError(code: 0): Uncaught Symfony\\Component\\Finder\\Exception\\DirectoryNotFoundException: The \"C:\\xampp\\htdocs\\laravel\\MTB_HMS_Booking_System\\MTB_Laravel\\MTB_Booking_System\\resources\\views\" directory does not exist. in C:\\xampp\\htdocs\\laravel\\MTB_HMS_Booking_System\\vendor\\symfony\\finder\\Finder.php:646
Stack trace:
#0 C:\\xampp\\htdocs\\laravel\\MTB_HMS_Booking_System\\vendor\\laravel\\framework\\src\\Illuminate\\Filesystem\\Filesystem.php(584): Symfony\\Component\\Finder\\Finder->in('C:\\\\xampp\\\\htdocs...')
#1 Command line code(1): Illuminate\\Filesystem\\Filesystem->files('C:\\\\xampp\\\\htdocs...')
#2 Command line code(1): getViews('C:\\\\xampp\\\\htdocs...', Object(Illuminate\\Filesystem\\Filesystem))
#3 {main}
  thrown at C:\\xampp\\htdocs\\laravel\\MTB_HMS_Booking_System\\vendor\\symfony\\finder\\Finder.php:646)
[stacktrace]
#0 {main}
"} 
[2025-04-21 12:39:04] local.ERROR: Uncaught Symfony\Component\Finder\Exception\DirectoryNotFoundException: The "C:\xampp\htdocs\laravel\MTB_HMS_Booking_System\MTB_Laravel\MTB_Booking_System\resources\views" directory does not exist. in C:\xampp\htdocs\laravel\MTB_HMS_Booking_System\vendor\symfony\finder\Finder.php:646
Stack trace:
#0 C:\xampp\htdocs\laravel\MTB_HMS_Booking_System\vendor\laravel\framework\src\Illuminate\Filesystem\Filesystem.php(584): Symfony\Component\Finder\Finder->in('C:\\xampp\\htdocs...')
#1 Command line code(1): Illuminate\Filesystem\Filesystem->files('C:\\xampp\\htdocs...')
#2 Command line code(1): getViews('C:\\xampp\\htdocs...', Object(Illuminate\Filesystem\Filesystem))
#3 {main}
  thrown {"exception":"[object] (Symfony\\Component\\ErrorHandler\\Error\\FatalError(code: 0): Uncaught Symfony\\Component\\Finder\\Exception\\DirectoryNotFoundException: The \"C:\\xampp\\htdocs\\laravel\\MTB_HMS_Booking_System\\MTB_Laravel\\MTB_Booking_System\\resources\\views\" directory does not exist. in C:\\xampp\\htdocs\\laravel\\MTB_HMS_Booking_System\\vendor\\symfony\\finder\\Finder.php:646
Stack trace:
#0 C:\\xampp\\htdocs\\laravel\\MTB_HMS_Booking_System\\vendor\\laravel\\framework\\src\\Illuminate\\Filesystem\\Filesystem.php(584): Symfony\\Component\\Finder\\Finder->in('C:\\\\xampp\\\\htdocs...')
#1 Command line code(1): Illuminate\\Filesystem\\Filesystem->files('C:\\\\xampp\\\\htdocs...')
#2 Command line code(1): getViews('C:\\\\xampp\\\\htdocs...', Object(Illuminate\\Filesystem\\Filesystem))
#3 {main}
  thrown at C:\\xampp\\htdocs\\laravel\\MTB_HMS_Booking_System\\vendor\\symfony\\finder\\Finder.php:646)
[stacktrace]
#0 {main}
"} 
[2025-04-21 12:39:08] local.ERROR: Uncaught Symfony\Component\Finder\Exception\DirectoryNotFoundException: The "C:\xampp\htdocs\laravel\MTB_HMS_Booking_System\MTB_Laravel\MTB_Booking_System\resources\views" directory does not exist. in C:\xampp\htdocs\laravel\MTB_HMS_Booking_System\vendor\symfony\finder\Finder.php:646
Stack trace:
#0 C:\xampp\htdocs\laravel\MTB_HMS_Booking_System\vendor\laravel\framework\src\Illuminate\Filesystem\Filesystem.php(584): Symfony\Component\Finder\Finder->in('C:\\xampp\\htdocs...')
#1 Command line code(1): Illuminate\Filesystem\Filesystem->files('C:\\xampp\\htdocs...')
#2 Command line code(1): getViews('C:\\xampp\\htdocs...', Object(Illuminate\Filesystem\Filesystem))
#3 {main}
  thrown {"exception":"[object] (Symfony\\Component\\ErrorHandler\\Error\\FatalError(code: 0): Uncaught Symfony\\Component\\Finder\\Exception\\DirectoryNotFoundException: The \"C:\\xampp\\htdocs\\laravel\\MTB_HMS_Booking_System\\MTB_Laravel\\MTB_Booking_System\\resources\\views\" directory does not exist. in C:\\xampp\\htdocs\\laravel\\MTB_HMS_Booking_System\\vendor\\symfony\\finder\\Finder.php:646
Stack trace:
#0 C:\\xampp\\htdocs\\laravel\\MTB_HMS_Booking_System\\vendor\\laravel\\framework\\src\\Illuminate\\Filesystem\\Filesystem.php(584): Symfony\\Component\\Finder\\Finder->in('C:\\\\xampp\\\\htdocs...')
#1 Command line code(1): Illuminate\\Filesystem\\Filesystem->files('C:\\\\xampp\\\\htdocs...')
#2 Command line code(1): getViews('C:\\\\xampp\\\\htdocs...', Object(Illuminate\\Filesystem\\Filesystem))
#3 {main}
  thrown at C:\\xampp\\htdocs\\laravel\\MTB_HMS_Booking_System\\vendor\\symfony\\finder\\Finder.php:646)
[stacktrace]
#0 {main}
"} 
[2025-04-21 12:39:09] local.ERROR: Uncaught Symfony\Component\Finder\Exception\DirectoryNotFoundException: The "C:\xampp\htdocs\laravel\MTB_HMS_Booking_System\MTB_Laravel\MTB_Booking_System\resources\views" directory does not exist. in C:\xampp\htdocs\laravel\MTB_HMS_Booking_System\vendor\symfony\finder\Finder.php:646
Stack trace:
#0 C:\xampp\htdocs\laravel\MTB_HMS_Booking_System\vendor\laravel\framework\src\Illuminate\Filesystem\Filesystem.php(584): Symfony\Component\Finder\Finder->in('C:\\xampp\\htdocs...')
#1 Command line code(1): Illuminate\Filesystem\Filesystem->files('C:\\xampp\\htdocs...')
#2 Command line code(1): getViews('C:\\xampp\\htdocs...', Object(Illuminate\Filesystem\Filesystem))
#3 {main}
  thrown {"exception":"[object] (Symfony\\Component\\ErrorHandler\\Error\\FatalError(code: 0): Uncaught Symfony\\Component\\Finder\\Exception\\DirectoryNotFoundException: The \"C:\\xampp\\htdocs\\laravel\\MTB_HMS_Booking_System\\MTB_Laravel\\MTB_Booking_System\\resources\\views\" directory does not exist. in C:\\xampp\\htdocs\\laravel\\MTB_HMS_Booking_System\\vendor\\symfony\\finder\\Finder.php:646
Stack trace:
#0 C:\\xampp\\htdocs\\laravel\\MTB_HMS_Booking_System\\vendor\\laravel\\framework\\src\\Illuminate\\Filesystem\\Filesystem.php(584): Symfony\\Component\\Finder\\Finder->in('C:\\\\xampp\\\\htdocs...')
#1 Command line code(1): Illuminate\\Filesystem\\Filesystem->files('C:\\\\xampp\\\\htdocs...')
#2 Command line code(1): getViews('C:\\\\xampp\\\\htdocs...', Object(Illuminate\\Filesystem\\Filesystem))
#3 {main}
  thrown at C:\\xampp\\htdocs\\laravel\\MTB_HMS_Booking_System\\vendor\\symfony\\finder\\Finder.php:646)
[stacktrace]
#0 {main}
"} 
[2025-04-21 12:39:10] local.ERROR: Uncaught Symfony\Component\Finder\Exception\DirectoryNotFoundException: The "C:\xampp\htdocs\laravel\MTB_HMS_Booking_System\MTB_Laravel\MTB_Booking_System\resources\views" directory does not exist. in C:\xampp\htdocs\laravel\MTB_HMS_Booking_System\vendor\symfony\finder\Finder.php:646
Stack trace:
#0 C:\xampp\htdocs\laravel\MTB_HMS_Booking_System\vendor\laravel\framework\src\Illuminate\Filesystem\Filesystem.php(584): Symfony\Component\Finder\Finder->in('C:\\xampp\\htdocs...')
#1 Command line code(1): Illuminate\Filesystem\Filesystem->files('C:\\xampp\\htdocs...')
#2 Command line code(1): getViews('C:\\xampp\\htdocs...', Object(Illuminate\Filesystem\Filesystem))
#3 {main}
  thrown {"exception":"[object] (Symfony\\Component\\ErrorHandler\\Error\\FatalError(code: 0): Uncaught Symfony\\Component\\Finder\\Exception\\DirectoryNotFoundException: The \"C:\\xampp\\htdocs\\laravel\\MTB_HMS_Booking_System\\MTB_Laravel\\MTB_Booking_System\\resources\\views\" directory does not exist. in C:\\xampp\\htdocs\\laravel\\MTB_HMS_Booking_System\\vendor\\symfony\\finder\\Finder.php:646
Stack trace:
#0 C:\\xampp\\htdocs\\laravel\\MTB_HMS_Booking_System\\vendor\\laravel\\framework\\src\\Illuminate\\Filesystem\\Filesystem.php(584): Symfony\\Component\\Finder\\Finder->in('C:\\\\xampp\\\\htdocs...')
#1 Command line code(1): Illuminate\\Filesystem\\Filesystem->files('C:\\\\xampp\\\\htdocs...')
#2 Command line code(1): getViews('C:\\\\xampp\\\\htdocs...', Object(Illuminate\\Filesystem\\Filesystem))
#3 {main}
  thrown at C:\\xampp\\htdocs\\laravel\\MTB_HMS_Booking_System\\vendor\\symfony\\finder\\Finder.php:646)
[stacktrace]
#0 {main}
"} 
[2025-04-21 12:39:12] local.ERROR: Uncaught Symfony\Component\Finder\Exception\DirectoryNotFoundException: The "C:\xampp\htdocs\laravel\MTB_HMS_Booking_System\MTB_Laravel\MTB_Booking_System\resources\views" directory does not exist. in C:\xampp\htdocs\laravel\MTB_HMS_Booking_System\vendor\symfony\finder\Finder.php:646
Stack trace:
#0 C:\xampp\htdocs\laravel\MTB_HMS_Booking_System\vendor\laravel\framework\src\Illuminate\Filesystem\Filesystem.php(584): Symfony\Component\Finder\Finder->in('C:\\xampp\\htdocs...')
#1 Command line code(1): Illuminate\Filesystem\Filesystem->files('C:\\xampp\\htdocs...')
#2 Command line code(1): getViews('C:\\xampp\\htdocs...', Object(Illuminate\Filesystem\Filesystem))
#3 {main}
  thrown {"exception":"[object] (Symfony\\Component\\ErrorHandler\\Error\\FatalError(code: 0): Uncaught Symfony\\Component\\Finder\\Exception\\DirectoryNotFoundException: The \"C:\\xampp\\htdocs\\laravel\\MTB_HMS_Booking_System\\MTB_Laravel\\MTB_Booking_System\\resources\\views\" directory does not exist. in C:\\xampp\\htdocs\\laravel\\MTB_HMS_Booking_System\\vendor\\symfony\\finder\\Finder.php:646
Stack trace:
#0 C:\\xampp\\htdocs\\laravel\\MTB_HMS_Booking_System\\vendor\\laravel\\framework\\src\\Illuminate\\Filesystem\\Filesystem.php(584): Symfony\\Component\\Finder\\Finder->in('C:\\\\xampp\\\\htdocs...')
#1 Command line code(1): Illuminate\\Filesystem\\Filesystem->files('C:\\\\xampp\\\\htdocs...')
#2 Command line code(1): getViews('C:\\\\xampp\\\\htdocs...', Object(Illuminate\\Filesystem\\Filesystem))
#3 {main}
  thrown at C:\\xampp\\htdocs\\laravel\\MTB_HMS_Booking_System\\vendor\\symfony\\finder\\Finder.php:646)
[stacktrace]
#0 {main}
"} 
[2025-04-21 12:39:13] local.ERROR: Uncaught Symfony\Component\Finder\Exception\DirectoryNotFoundException: The "C:\xampp\htdocs\laravel\MTB_HMS_Booking_System\MTB_Laravel\MTB_Booking_System\resources\views" directory does not exist. in C:\xampp\htdocs\laravel\MTB_HMS_Booking_System\vendor\symfony\finder\Finder.php:646
Stack trace:
#0 C:\xampp\htdocs\laravel\MTB_HMS_Booking_System\vendor\laravel\framework\src\Illuminate\Filesystem\Filesystem.php(584): Symfony\Component\Finder\Finder->in('C:\\xampp\\htdocs...')
#1 Command line code(1): Illuminate\Filesystem\Filesystem->files('C:\\xampp\\htdocs...')
#2 Command line code(1): getViews('C:\\xampp\\htdocs...', Object(Illuminate\Filesystem\Filesystem))
#3 {main}
  thrown {"exception":"[object] (Symfony\\Component\\ErrorHandler\\Error\\FatalError(code: 0): Uncaught Symfony\\Component\\Finder\\Exception\\DirectoryNotFoundException: The \"C:\\xampp\\htdocs\\laravel\\MTB_HMS_Booking_System\\MTB_Laravel\\MTB_Booking_System\\resources\\views\" directory does not exist. in C:\\xampp\\htdocs\\laravel\\MTB_HMS_Booking_System\\vendor\\symfony\\finder\\Finder.php:646
Stack trace:
#0 C:\\xampp\\htdocs\\laravel\\MTB_HMS_Booking_System\\vendor\\laravel\\framework\\src\\Illuminate\\Filesystem\\Filesystem.php(584): Symfony\\Component\\Finder\\Finder->in('C:\\\\xampp\\\\htdocs...')
#1 Command line code(1): Illuminate\\Filesystem\\Filesystem->files('C:\\\\xampp\\\\htdocs...')
#2 Command line code(1): getViews('C:\\\\xampp\\\\htdocs...', Object(Illuminate\\Filesystem\\Filesystem))
#3 {main}
  thrown at C:\\xampp\\htdocs\\laravel\\MTB_HMS_Booking_System\\vendor\\symfony\\finder\\Finder.php:646)
[stacktrace]
#0 {main}
"} 
[2025-04-21 12:39:14] local.ERROR: Uncaught Symfony\Component\Finder\Exception\DirectoryNotFoundException: The "C:\xampp\htdocs\laravel\MTB_HMS_Booking_System\MTB_Laravel\MTB_Booking_System\resources\views" directory does not exist. in C:\xampp\htdocs\laravel\MTB_HMS_Booking_System\vendor\symfony\finder\Finder.php:646
Stack trace:
#0 C:\xampp\htdocs\laravel\MTB_HMS_Booking_System\vendor\laravel\framework\src\Illuminate\Filesystem\Filesystem.php(584): Symfony\Component\Finder\Finder->in('C:\\xampp\\htdocs...')
#1 Command line code(1): Illuminate\Filesystem\Filesystem->files('C:\\xampp\\htdocs...')
#2 Command line code(1): getViews('C:\\xampp\\htdocs...', Object(Illuminate\Filesystem\Filesystem))
#3 {main}
  thrown {"exception":"[object] (Symfony\\Component\\ErrorHandler\\Error\\FatalError(code: 0): Uncaught Symfony\\Component\\Finder\\Exception\\DirectoryNotFoundException: The \"C:\\xampp\\htdocs\\laravel\\MTB_HMS_Booking_System\\MTB_Laravel\\MTB_Booking_System\\resources\\views\" directory does not exist. in C:\\xampp\\htdocs\\laravel\\MTB_HMS_Booking_System\\vendor\\symfony\\finder\\Finder.php:646
Stack trace:
#0 C:\\xampp\\htdocs\\laravel\\MTB_HMS_Booking_System\\vendor\\laravel\\framework\\src\\Illuminate\\Filesystem\\Filesystem.php(584): Symfony\\Component\\Finder\\Finder->in('C:\\\\xampp\\\\htdocs...')
#1 Command line code(1): Illuminate\\Filesystem\\Filesystem->files('C:\\\\xampp\\\\htdocs...')
#2 Command line code(1): getViews('C:\\\\xampp\\\\htdocs...', Object(Illuminate\\Filesystem\\Filesystem))
#3 {main}
  thrown at C:\\xampp\\htdocs\\laravel\\MTB_HMS_Booking_System\\vendor\\symfony\\finder\\Finder.php:646)
[stacktrace]
#0 {main}
"} 
[2025-04-21 12:39:15] local.ERROR: Uncaught Symfony\Component\Finder\Exception\DirectoryNotFoundException: The "C:\xampp\htdocs\laravel\MTB_HMS_Booking_System\MTB_Laravel\MTB_Booking_System\resources\views" directory does not exist. in C:\xampp\htdocs\laravel\MTB_HMS_Booking_System\vendor\symfony\finder\Finder.php:646
Stack trace:
#0 C:\xampp\htdocs\laravel\MTB_HMS_Booking_System\vendor\laravel\framework\src\Illuminate\Filesystem\Filesystem.php(584): Symfony\Component\Finder\Finder->in('C:\\xampp\\htdocs...')
#1 Command line code(1): Illuminate\Filesystem\Filesystem->files('C:\\xampp\\htdocs...')
#2 Command line code(1): getViews('C:\\xampp\\htdocs...', Object(Illuminate\Filesystem\Filesystem))
#3 {main}
  thrown {"exception":"[object] (Symfony\\Component\\ErrorHandler\\Error\\FatalError(code: 0): Uncaught Symfony\\Component\\Finder\\Exception\\DirectoryNotFoundException: The \"C:\\xampp\\htdocs\\laravel\\MTB_HMS_Booking_System\\MTB_Laravel\\MTB_Booking_System\\resources\\views\" directory does not exist. in C:\\xampp\\htdocs\\laravel\\MTB_HMS_Booking_System\\vendor\\symfony\\finder\\Finder.php:646
Stack trace:
#0 C:\\xampp\\htdocs\\laravel\\MTB_HMS_Booking_System\\vendor\\laravel\\framework\\src\\Illuminate\\Filesystem\\Filesystem.php(584): Symfony\\Component\\Finder\\Finder->in('C:\\\\xampp\\\\htdocs...')
#1 Command line code(1): Illuminate\\Filesystem\\Filesystem->files('C:\\\\xampp\\\\htdocs...')
#2 Command line code(1): getViews('C:\\\\xampp\\\\htdocs...', Object(Illuminate\\Filesystem\\Filesystem))
#3 {main}
  thrown at C:\\xampp\\htdocs\\laravel\\MTB_HMS_Booking_System\\vendor\\symfony\\finder\\Finder.php:646)
[stacktrace]
#0 {main}
"} 
[2025-04-21 12:39:17] local.ERROR: Uncaught Symfony\Component\Finder\Exception\DirectoryNotFoundException: The "C:\xampp\htdocs\laravel\MTB_HMS_Booking_System\MTB_Laravel\MTB_Booking_System\resources\views" directory does not exist. in C:\xampp\htdocs\laravel\MTB_HMS_Booking_System\vendor\symfony\finder\Finder.php:646
Stack trace:
#0 C:\xampp\htdocs\laravel\MTB_HMS_Booking_System\vendor\laravel\framework\src\Illuminate\Filesystem\Filesystem.php(584): Symfony\Component\Finder\Finder->in('C:\\xampp\\htdocs...')
#1 Command line code(1): Illuminate\Filesystem\Filesystem->files('C:\\xampp\\htdocs...')
#2 Command line code(1): getViews('C:\\xampp\\htdocs...', Object(Illuminate\Filesystem\Filesystem))
#3 {main}
  thrown {"exception":"[object] (Symfony\\Component\\ErrorHandler\\Error\\FatalError(code: 0): Uncaught Symfony\\Component\\Finder\\Exception\\DirectoryNotFoundException: The \"C:\\xampp\\htdocs\\laravel\\MTB_HMS_Booking_System\\MTB_Laravel\\MTB_Booking_System\\resources\\views\" directory does not exist. in C:\\xampp\\htdocs\\laravel\\MTB_HMS_Booking_System\\vendor\\symfony\\finder\\Finder.php:646
Stack trace:
#0 C:\\xampp\\htdocs\\laravel\\MTB_HMS_Booking_System\\vendor\\laravel\\framework\\src\\Illuminate\\Filesystem\\Filesystem.php(584): Symfony\\Component\\Finder\\Finder->in('C:\\\\xampp\\\\htdocs...')
#1 Command line code(1): Illuminate\\Filesystem\\Filesystem->files('C:\\\\xampp\\\\htdocs...')
#2 Command line code(1): getViews('C:\\\\xampp\\\\htdocs...', Object(Illuminate\\Filesystem\\Filesystem))
#3 {main}
  thrown at C:\\xampp\\htdocs\\laravel\\MTB_HMS_Booking_System\\vendor\\symfony\\finder\\Finder.php:646)
[stacktrace]
#0 {main}
"} 
[2025-04-21 12:39:18] local.ERROR: Uncaught Symfony\Component\Finder\Exception\DirectoryNotFoundException: The "C:\xampp\htdocs\laravel\MTB_HMS_Booking_System\MTB_Laravel\MTB_Booking_System\resources\views" directory does not exist. in C:\xampp\htdocs\laravel\MTB_HMS_Booking_System\vendor\symfony\finder\Finder.php:646
Stack trace:
#0 C:\xampp\htdocs\laravel\MTB_HMS_Booking_System\vendor\laravel\framework\src\Illuminate\Filesystem\Filesystem.php(584): Symfony\Component\Finder\Finder->in('C:\\xampp\\htdocs...')
#1 Command line code(1): Illuminate\Filesystem\Filesystem->files('C:\\xampp\\htdocs...')
#2 Command line code(1): getViews('C:\\xampp\\htdocs...', Object(Illuminate\Filesystem\Filesystem))
#3 {main}
  thrown {"exception":"[object] (Symfony\\Component\\ErrorHandler\\Error\\FatalError(code: 0): Uncaught Symfony\\Component\\Finder\\Exception\\DirectoryNotFoundException: The \"C:\\xampp\\htdocs\\laravel\\MTB_HMS_Booking_System\\MTB_Laravel\\MTB_Booking_System\\resources\\views\" directory does not exist. in C:\\xampp\\htdocs\\laravel\\MTB_HMS_Booking_System\\vendor\\symfony\\finder\\Finder.php:646
Stack trace:
#0 C:\\xampp\\htdocs\\laravel\\MTB_HMS_Booking_System\\vendor\\laravel\\framework\\src\\Illuminate\\Filesystem\\Filesystem.php(584): Symfony\\Component\\Finder\\Finder->in('C:\\\\xampp\\\\htdocs...')
#1 Command line code(1): Illuminate\\Filesystem\\Filesystem->files('C:\\\\xampp\\\\htdocs...')
#2 Command line code(1): getViews('C:\\\\xampp\\\\htdocs...', Object(Illuminate\\Filesystem\\Filesystem))
#3 {main}
  thrown at C:\\xampp\\htdocs\\laravel\\MTB_HMS_Booking_System\\vendor\\symfony\\finder\\Finder.php:646)
[stacktrace]
#0 {main}
"} 
[2025-04-21 12:39:19] local.ERROR: Uncaught Symfony\Component\Finder\Exception\DirectoryNotFoundException: The "C:\xampp\htdocs\laravel\MTB_HMS_Booking_System\MTB_Laravel\MTB_Booking_System\resources\views" directory does not exist. in C:\xampp\htdocs\laravel\MTB_HMS_Booking_System\vendor\symfony\finder\Finder.php:646
Stack trace:
#0 C:\xampp\htdocs\laravel\MTB_HMS_Booking_System\vendor\laravel\framework\src\Illuminate\Filesystem\Filesystem.php(584): Symfony\Component\Finder\Finder->in('C:\\xampp\\htdocs...')
#1 Command line code(1): Illuminate\Filesystem\Filesystem->files('C:\\xampp\\htdocs...')
#2 Command line code(1): getViews('C:\\xampp\\htdocs...', Object(Illuminate\Filesystem\Filesystem))
#3 {main}
  thrown {"exception":"[object] (Symfony\\Component\\ErrorHandler\\Error\\FatalError(code: 0): Uncaught Symfony\\Component\\Finder\\Exception\\DirectoryNotFoundException: The \"C:\\xampp\\htdocs\\laravel\\MTB_HMS_Booking_System\\MTB_Laravel\\MTB_Booking_System\\resources\\views\" directory does not exist. in C:\\xampp\\htdocs\\laravel\\MTB_HMS_Booking_System\\vendor\\symfony\\finder\\Finder.php:646
Stack trace:
#0 C:\\xampp\\htdocs\\laravel\\MTB_HMS_Booking_System\\vendor\\laravel\\framework\\src\\Illuminate\\Filesystem\\Filesystem.php(584): Symfony\\Component\\Finder\\Finder->in('C:\\\\xampp\\\\htdocs...')
#1 Command line code(1): Illuminate\\Filesystem\\Filesystem->files('C:\\\\xampp\\\\htdocs...')
#2 Command line code(1): getViews('C:\\\\xampp\\\\htdocs...', Object(Illuminate\\Filesystem\\Filesystem))
#3 {main}
  thrown at C:\\xampp\\htdocs\\laravel\\MTB_HMS_Booking_System\\vendor\\symfony\\finder\\Finder.php:646)
[stacktrace]
#0 {main}
"} 
[2025-04-21 12:39:20] local.ERROR: Uncaught Symfony\Component\Finder\Exception\DirectoryNotFoundException: The "C:\xampp\htdocs\laravel\MTB_HMS_Booking_System\MTB_Laravel\MTB_Booking_System\resources\views" directory does not exist. in C:\xampp\htdocs\laravel\MTB_HMS_Booking_System\vendor\symfony\finder\Finder.php:646
Stack trace:
#0 C:\xampp\htdocs\laravel\MTB_HMS_Booking_System\vendor\laravel\framework\src\Illuminate\Filesystem\Filesystem.php(584): Symfony\Component\Finder\Finder->in('C:\\xampp\\htdocs...')
#1 Command line code(1): Illuminate\Filesystem\Filesystem->files('C:\\xampp\\htdocs...')
#2 Command line code(1): getViews('C:\\xampp\\htdocs...', Object(Illuminate\Filesystem\Filesystem))
#3 {main}
  thrown {"exception":"[object] (Symfony\\Component\\ErrorHandler\\Error\\FatalError(code: 0): Uncaught Symfony\\Component\\Finder\\Exception\\DirectoryNotFoundException: The \"C:\\xampp\\htdocs\\laravel\\MTB_HMS_Booking_System\\MTB_Laravel\\MTB_Booking_System\\resources\\views\" directory does not exist. in C:\\xampp\\htdocs\\laravel\\MTB_HMS_Booking_System\\vendor\\symfony\\finder\\Finder.php:646
Stack trace:
#0 C:\\xampp\\htdocs\\laravel\\MTB_HMS_Booking_System\\vendor\\laravel\\framework\\src\\Illuminate\\Filesystem\\Filesystem.php(584): Symfony\\Component\\Finder\\Finder->in('C:\\\\xampp\\\\htdocs...')
#1 Command line code(1): Illuminate\\Filesystem\\Filesystem->files('C:\\\\xampp\\\\htdocs...')
#2 Command line code(1): getViews('C:\\\\xampp\\\\htdocs...', Object(Illuminate\\Filesystem\\Filesystem))
#3 {main}
  thrown at C:\\xampp\\htdocs\\laravel\\MTB_HMS_Booking_System\\vendor\\symfony\\finder\\Finder.php:646)
[stacktrace]
#0 {main}
"} 
[2025-04-21 12:39:22] local.ERROR: Uncaught Symfony\Component\Finder\Exception\DirectoryNotFoundException: The "C:\xampp\htdocs\laravel\MTB_HMS_Booking_System\MTB_Laravel\MTB_Booking_System\resources\views" directory does not exist. in C:\xampp\htdocs\laravel\MTB_HMS_Booking_System\vendor\symfony\finder\Finder.php:646
Stack trace:
#0 C:\xampp\htdocs\laravel\MTB_HMS_Booking_System\vendor\laravel\framework\src\Illuminate\Filesystem\Filesystem.php(584): Symfony\Component\Finder\Finder->in('C:\\xampp\\htdocs...')
#1 Command line code(1): Illuminate\Filesystem\Filesystem->files('C:\\xampp\\htdocs...')
#2 Command line code(1): getViews('C:\\xampp\\htdocs...', Object(Illuminate\Filesystem\Filesystem))
#3 {main}
  thrown {"exception":"[object] (Symfony\\Component\\ErrorHandler\\Error\\FatalError(code: 0): Uncaught Symfony\\Component\\Finder\\Exception\\DirectoryNotFoundException: The \"C:\\xampp\\htdocs\\laravel\\MTB_HMS_Booking_System\\MTB_Laravel\\MTB_Booking_System\\resources\\views\" directory does not exist. in C:\\xampp\\htdocs\\laravel\\MTB_HMS_Booking_System\\vendor\\symfony\\finder\\Finder.php:646
Stack trace:
#0 C:\\xampp\\htdocs\\laravel\\MTB_HMS_Booking_System\\vendor\\laravel\\framework\\src\\Illuminate\\Filesystem\\Filesystem.php(584): Symfony\\Component\\Finder\\Finder->in('C:\\\\xampp\\\\htdocs...')
#1 Command line code(1): Illuminate\\Filesystem\\Filesystem->files('C:\\\\xampp\\\\htdocs...')
#2 Command line code(1): getViews('C:\\\\xampp\\\\htdocs...', Object(Illuminate\\Filesystem\\Filesystem))
#3 {main}
  thrown at C:\\xampp\\htdocs\\laravel\\MTB_HMS_Booking_System\\vendor\\symfony\\finder\\Finder.php:646)
[stacktrace]
#0 {main}
"} 
[2025-04-21 12:39:23] local.ERROR: Uncaught Symfony\Component\Finder\Exception\DirectoryNotFoundException: The "C:\xampp\htdocs\laravel\MTB_HMS_Booking_System\MTB_Laravel\MTB_Booking_System\resources\views" directory does not exist. in C:\xampp\htdocs\laravel\MTB_HMS_Booking_System\vendor\symfony\finder\Finder.php:646
Stack trace:
#0 C:\xampp\htdocs\laravel\MTB_HMS_Booking_System\vendor\laravel\framework\src\Illuminate\Filesystem\Filesystem.php(584): Symfony\Component\Finder\Finder->in('C:\\xampp\\htdocs...')
#1 Command line code(1): Illuminate\Filesystem\Filesystem->files('C:\\xampp\\htdocs...')
#2 Command line code(1): getViews('C:\\xampp\\htdocs...', Object(Illuminate\Filesystem\Filesystem))
#3 {main}
  thrown {"exception":"[object] (Symfony\\Component\\ErrorHandler\\Error\\FatalError(code: 0): Uncaught Symfony\\Component\\Finder\\Exception\\DirectoryNotFoundException: The \"C:\\xampp\\htdocs\\laravel\\MTB_HMS_Booking_System\\MTB_Laravel\\MTB_Booking_System\\resources\\views\" directory does not exist. in C:\\xampp\\htdocs\\laravel\\MTB_HMS_Booking_System\\vendor\\symfony\\finder\\Finder.php:646
Stack trace:
#0 C:\\xampp\\htdocs\\laravel\\MTB_HMS_Booking_System\\vendor\\laravel\\framework\\src\\Illuminate\\Filesystem\\Filesystem.php(584): Symfony\\Component\\Finder\\Finder->in('C:\\\\xampp\\\\htdocs...')
#1 Command line code(1): Illuminate\\Filesystem\\Filesystem->files('C:\\\\xampp\\\\htdocs...')
#2 Command line code(1): getViews('C:\\\\xampp\\\\htdocs...', Object(Illuminate\\Filesystem\\Filesystem))
#3 {main}
  thrown at C:\\xampp\\htdocs\\laravel\\MTB_HMS_Booking_System\\vendor\\symfony\\finder\\Finder.php:646)
[stacktrace]
#0 {main}
"} 
[2025-04-21 12:39:24] local.ERROR: Uncaught Symfony\Component\Finder\Exception\DirectoryNotFoundException: The "C:\xampp\htdocs\laravel\MTB_HMS_Booking_System\MTB_Laravel\MTB_Booking_System\resources\views" directory does not exist. in C:\xampp\htdocs\laravel\MTB_HMS_Booking_System\vendor\symfony\finder\Finder.php:646
Stack trace:
#0 C:\xampp\htdocs\laravel\MTB_HMS_Booking_System\vendor\laravel\framework\src\Illuminate\Filesystem\Filesystem.php(584): Symfony\Component\Finder\Finder->in('C:\\xampp\\htdocs...')
#1 Command line code(1): Illuminate\Filesystem\Filesystem->files('C:\\xampp\\htdocs...')
#2 Command line code(1): getViews('C:\\xampp\\htdocs...', Object(Illuminate\Filesystem\Filesystem))
#3 {main}
  thrown {"exception":"[object] (Symfony\\Component\\ErrorHandler\\Error\\FatalError(code: 0): Uncaught Symfony\\Component\\Finder\\Exception\\DirectoryNotFoundException: The \"C:\\xampp\\htdocs\\laravel\\MTB_HMS_Booking_System\\MTB_Laravel\\MTB_Booking_System\\resources\\views\" directory does not exist. in C:\\xampp\\htdocs\\laravel\\MTB_HMS_Booking_System\\vendor\\symfony\\finder\\Finder.php:646
Stack trace:
#0 C:\\xampp\\htdocs\\laravel\\MTB_HMS_Booking_System\\vendor\\laravel\\framework\\src\\Illuminate\\Filesystem\\Filesystem.php(584): Symfony\\Component\\Finder\\Finder->in('C:\\\\xampp\\\\htdocs...')
#1 Command line code(1): Illuminate\\Filesystem\\Filesystem->files('C:\\\\xampp\\\\htdocs...')
#2 Command line code(1): getViews('C:\\\\xampp\\\\htdocs...', Object(Illuminate\\Filesystem\\Filesystem))
#3 {main}
  thrown at C:\\xampp\\htdocs\\laravel\\MTB_HMS_Booking_System\\vendor\\symfony\\finder\\Finder.php:646)
[stacktrace]
#0 {main}
"} 
[2025-04-21 12:39:25] local.ERROR: Uncaught Symfony\Component\Finder\Exception\DirectoryNotFoundException: The "C:\xampp\htdocs\laravel\MTB_HMS_Booking_System\MTB_Laravel\MTB_Booking_System\resources\views" directory does not exist. in C:\xampp\htdocs\laravel\MTB_HMS_Booking_System\vendor\symfony\finder\Finder.php:646
Stack trace:
#0 C:\xampp\htdocs\laravel\MTB_HMS_Booking_System\vendor\laravel\framework\src\Illuminate\Filesystem\Filesystem.php(584): Symfony\Component\Finder\Finder->in('C:\\xampp\\htdocs...')
#1 Command line code(1): Illuminate\Filesystem\Filesystem->files('C:\\xampp\\htdocs...')
#2 Command line code(1): getViews('C:\\xampp\\htdocs...', Object(Illuminate\Filesystem\Filesystem))
#3 {main}
  thrown {"exception":"[object] (Symfony\\Component\\ErrorHandler\\Error\\FatalError(code: 0): Uncaught Symfony\\Component\\Finder\\Exception\\DirectoryNotFoundException: The \"C:\\xampp\\htdocs\\laravel\\MTB_HMS_Booking_System\\MTB_Laravel\\MTB_Booking_System\\resources\\views\" directory does not exist. in C:\\xampp\\htdocs\\laravel\\MTB_HMS_Booking_System\\vendor\\symfony\\finder\\Finder.php:646
Stack trace:
#0 C:\\xampp\\htdocs\\laravel\\MTB_HMS_Booking_System\\vendor\\laravel\\framework\\src\\Illuminate\\Filesystem\\Filesystem.php(584): Symfony\\Component\\Finder\\Finder->in('C:\\\\xampp\\\\htdocs...')
#1 Command line code(1): Illuminate\\Filesystem\\Filesystem->files('C:\\\\xampp\\\\htdocs...')
#2 Command line code(1): getViews('C:\\\\xampp\\\\htdocs...', Object(Illuminate\\Filesystem\\Filesystem))
#3 {main}
  thrown at C:\\xampp\\htdocs\\laravel\\MTB_HMS_Booking_System\\vendor\\symfony\\finder\\Finder.php:646)
[stacktrace]
#0 {main}
"} 
[2025-04-21 12:39:27] local.ERROR: Uncaught Symfony\Component\Finder\Exception\DirectoryNotFoundException: The "C:\xampp\htdocs\laravel\MTB_HMS_Booking_System\MTB_Laravel\MTB_Booking_System\resources\views" directory does not exist. in C:\xampp\htdocs\laravel\MTB_HMS_Booking_System\vendor\symfony\finder\Finder.php:646
Stack trace:
#0 C:\xampp\htdocs\laravel\MTB_HMS_Booking_System\vendor\laravel\framework\src\Illuminate\Filesystem\Filesystem.php(584): Symfony\Component\Finder\Finder->in('C:\\xampp\\htdocs...')
#1 Command line code(1): Illuminate\Filesystem\Filesystem->files('C:\\xampp\\htdocs...')
#2 Command line code(1): getViews('C:\\xampp\\htdocs...', Object(Illuminate\Filesystem\Filesystem))
#3 {main}
  thrown {"exception":"[object] (Symfony\\Component\\ErrorHandler\\Error\\FatalError(code: 0): Uncaught Symfony\\Component\\Finder\\Exception\\DirectoryNotFoundException: The \"C:\\xampp\\htdocs\\laravel\\MTB_HMS_Booking_System\\MTB_Laravel\\MTB_Booking_System\\resources\\views\" directory does not exist. in C:\\xampp\\htdocs\\laravel\\MTB_HMS_Booking_System\\vendor\\symfony\\finder\\Finder.php:646
Stack trace:
#0 C:\\xampp\\htdocs\\laravel\\MTB_HMS_Booking_System\\vendor\\laravel\\framework\\src\\Illuminate\\Filesystem\\Filesystem.php(584): Symfony\\Component\\Finder\\Finder->in('C:\\\\xampp\\\\htdocs...')
#1 Command line code(1): Illuminate\\Filesystem\\Filesystem->files('C:\\\\xampp\\\\htdocs...')
#2 Command line code(1): getViews('C:\\\\xampp\\\\htdocs...', Object(Illuminate\\Filesystem\\Filesystem))
#3 {main}
  thrown at C:\\xampp\\htdocs\\laravel\\MTB_HMS_Booking_System\\vendor\\symfony\\finder\\Finder.php:646)
[stacktrace]
#0 {main}
"} 
[2025-04-21 12:39:28] local.ERROR: Uncaught Symfony\Component\Finder\Exception\DirectoryNotFoundException: The "C:\xampp\htdocs\laravel\MTB_HMS_Booking_System\MTB_Laravel\MTB_Booking_System\resources\views" directory does not exist. in C:\xampp\htdocs\laravel\MTB_HMS_Booking_System\vendor\symfony\finder\Finder.php:646
Stack trace:
#0 C:\xampp\htdocs\laravel\MTB_HMS_Booking_System\vendor\laravel\framework\src\Illuminate\Filesystem\Filesystem.php(584): Symfony\Component\Finder\Finder->in('C:\\xampp\\htdocs...')
#1 Command line code(1): Illuminate\Filesystem\Filesystem->files('C:\\xampp\\htdocs...')
#2 Command line code(1): getViews('C:\\xampp\\htdocs...', Object(Illuminate\Filesystem\Filesystem))
#3 {main}
  thrown {"exception":"[object] (Symfony\\Component\\ErrorHandler\\Error\\FatalError(code: 0): Uncaught Symfony\\Component\\Finder\\Exception\\DirectoryNotFoundException: The \"C:\\xampp\\htdocs\\laravel\\MTB_HMS_Booking_System\\MTB_Laravel\\MTB_Booking_System\\resources\\views\" directory does not exist. in C:\\xampp\\htdocs\\laravel\\MTB_HMS_Booking_System\\vendor\\symfony\\finder\\Finder.php:646
Stack trace:
#0 C:\\xampp\\htdocs\\laravel\\MTB_HMS_Booking_System\\vendor\\laravel\\framework\\src\\Illuminate\\Filesystem\\Filesystem.php(584): Symfony\\Component\\Finder\\Finder->in('C:\\\\xampp\\\\htdocs...')
#1 Command line code(1): Illuminate\\Filesystem\\Filesystem->files('C:\\\\xampp\\\\htdocs...')
#2 Command line code(1): getViews('C:\\\\xampp\\\\htdocs...', Object(Illuminate\\Filesystem\\Filesystem))
#3 {main}
  thrown at C:\\xampp\\htdocs\\laravel\\MTB_HMS_Booking_System\\vendor\\symfony\\finder\\Finder.php:646)
[stacktrace]
#0 {main}
"} 
[2025-04-21 12:39:29] local.ERROR: Uncaught Symfony\Component\Finder\Exception\DirectoryNotFoundException: The "C:\xampp\htdocs\laravel\MTB_HMS_Booking_System\MTB_Laravel\MTB_Booking_System\resources\views" directory does not exist. in C:\xampp\htdocs\laravel\MTB_HMS_Booking_System\vendor\symfony\finder\Finder.php:646
Stack trace:
#0 C:\xampp\htdocs\laravel\MTB_HMS_Booking_System\vendor\laravel\framework\src\Illuminate\Filesystem\Filesystem.php(584): Symfony\Component\Finder\Finder->in('C:\\xampp\\htdocs...')
#1 Command line code(1): Illuminate\Filesystem\Filesystem->files('C:\\xampp\\htdocs...')
#2 Command line code(1): getViews('C:\\xampp\\htdocs...', Object(Illuminate\Filesystem\Filesystem))
#3 {main}
  thrown {"exception":"[object] (Symfony\\Component\\ErrorHandler\\Error\\FatalError(code: 0): Uncaught Symfony\\Component\\Finder\\Exception\\DirectoryNotFoundException: The \"C:\\xampp\\htdocs\\laravel\\MTB_HMS_Booking_System\\MTB_Laravel\\MTB_Booking_System\\resources\\views\" directory does not exist. in C:\\xampp\\htdocs\\laravel\\MTB_HMS_Booking_System\\vendor\\symfony\\finder\\Finder.php:646
Stack trace:
#0 C:\\xampp\\htdocs\\laravel\\MTB_HMS_Booking_System\\vendor\\laravel\\framework\\src\\Illuminate\\Filesystem\\Filesystem.php(584): Symfony\\Component\\Finder\\Finder->in('C:\\\\xampp\\\\htdocs...')
#1 Command line code(1): Illuminate\\Filesystem\\Filesystem->files('C:\\\\xampp\\\\htdocs...')
#2 Command line code(1): getViews('C:\\\\xampp\\\\htdocs...', Object(Illuminate\\Filesystem\\Filesystem))
#3 {main}
  thrown at C:\\xampp\\htdocs\\laravel\\MTB_HMS_Booking_System\\vendor\\symfony\\finder\\Finder.php:646)
[stacktrace]
#0 {main}
"} 
[2025-04-21 12:39:30] local.ERROR: Uncaught Symfony\Component\Finder\Exception\DirectoryNotFoundException: The "C:\xampp\htdocs\laravel\MTB_HMS_Booking_System\MTB_Laravel\MTB_Booking_System\resources\views" directory does not exist. in C:\xampp\htdocs\laravel\MTB_HMS_Booking_System\vendor\symfony\finder\Finder.php:646
Stack trace:
#0 C:\xampp\htdocs\laravel\MTB_HMS_Booking_System\vendor\laravel\framework\src\Illuminate\Filesystem\Filesystem.php(584): Symfony\Component\Finder\Finder->in('C:\\xampp\\htdocs...')
#1 Command line code(1): Illuminate\Filesystem\Filesystem->files('C:\\xampp\\htdocs...')
#2 Command line code(1): getViews('C:\\xampp\\htdocs...', Object(Illuminate\Filesystem\Filesystem))
#3 {main}
  thrown {"exception":"[object] (Symfony\\Component\\ErrorHandler\\Error\\FatalError(code: 0): Uncaught Symfony\\Component\\Finder\\Exception\\DirectoryNotFoundException: The \"C:\\xampp\\htdocs\\laravel\\MTB_HMS_Booking_System\\MTB_Laravel\\MTB_Booking_System\\resources\\views\" directory does not exist. in C:\\xampp\\htdocs\\laravel\\MTB_HMS_Booking_System\\vendor\\symfony\\finder\\Finder.php:646
Stack trace:
#0 C:\\xampp\\htdocs\\laravel\\MTB_HMS_Booking_System\\vendor\\laravel\\framework\\src\\Illuminate\\Filesystem\\Filesystem.php(584): Symfony\\Component\\Finder\\Finder->in('C:\\\\xampp\\\\htdocs...')
#1 Command line code(1): Illuminate\\Filesystem\\Filesystem->files('C:\\\\xampp\\\\htdocs...')
#2 Command line code(1): getViews('C:\\\\xampp\\\\htdocs...', Object(Illuminate\\Filesystem\\Filesystem))
#3 {main}
  thrown at C:\\xampp\\htdocs\\laravel\\MTB_HMS_Booking_System\\vendor\\symfony\\finder\\Finder.php:646)
[stacktrace]
#0 {main}
"} 
[2025-04-21 12:39:32] local.ERROR: Uncaught Symfony\Component\Finder\Exception\DirectoryNotFoundException: The "C:\xampp\htdocs\laravel\MTB_HMS_Booking_System\MTB_Laravel\MTB_Booking_System\resources\views" directory does not exist. in C:\xampp\htdocs\laravel\MTB_HMS_Booking_System\vendor\symfony\finder\Finder.php:646
Stack trace:
#0 C:\xampp\htdocs\laravel\MTB_HMS_Booking_System\vendor\laravel\framework\src\Illuminate\Filesystem\Filesystem.php(584): Symfony\Component\Finder\Finder->in('C:\\xampp\\htdocs...')
#1 Command line code(1): Illuminate\Filesystem\Filesystem->files('C:\\xampp\\htdocs...')
#2 Command line code(1): getViews('C:\\xampp\\htdocs...', Object(Illuminate\Filesystem\Filesystem))
#3 {main}
  thrown {"exception":"[object] (Symfony\\Component\\ErrorHandler\\Error\\FatalError(code: 0): Uncaught Symfony\\Component\\Finder\\Exception\\DirectoryNotFoundException: The \"C:\\xampp\\htdocs\\laravel\\MTB_HMS_Booking_System\\MTB_Laravel\\MTB_Booking_System\\resources\\views\" directory does not exist. in C:\\xampp\\htdocs\\laravel\\MTB_HMS_Booking_System\\vendor\\symfony\\finder\\Finder.php:646
Stack trace:
#0 C:\\xampp\\htdocs\\laravel\\MTB_HMS_Booking_System\\vendor\\laravel\\framework\\src\\Illuminate\\Filesystem\\Filesystem.php(584): Symfony\\Component\\Finder\\Finder->in('C:\\\\xampp\\\\htdocs...')
#1 Command line code(1): Illuminate\\Filesystem\\Filesystem->files('C:\\\\xampp\\\\htdocs...')
#2 Command line code(1): getViews('C:\\\\xampp\\\\htdocs...', Object(Illuminate\\Filesystem\\Filesystem))
#3 {main}
  thrown at C:\\xampp\\htdocs\\laravel\\MTB_HMS_Booking_System\\vendor\\symfony\\finder\\Finder.php:646)
[stacktrace]
#0 {main}
"} 
[2025-04-21 12:39:33] local.ERROR: Uncaught Symfony\Component\Finder\Exception\DirectoryNotFoundException: The "C:\xampp\htdocs\laravel\MTB_HMS_Booking_System\MTB_Laravel\MTB_Booking_System\resources\views" directory does not exist. in C:\xampp\htdocs\laravel\MTB_HMS_Booking_System\vendor\symfony\finder\Finder.php:646
Stack trace:
#0 C:\xampp\htdocs\laravel\MTB_HMS_Booking_System\vendor\laravel\framework\src\Illuminate\Filesystem\Filesystem.php(584): Symfony\Component\Finder\Finder->in('C:\\xampp\\htdocs...')
#1 Command line code(1): Illuminate\Filesystem\Filesystem->files('C:\\xampp\\htdocs...')
#2 Command line code(1): getViews('C:\\xampp\\htdocs...', Object(Illuminate\Filesystem\Filesystem))
#3 {main}
  thrown {"exception":"[object] (Symfony\\Component\\ErrorHandler\\Error\\FatalError(code: 0): Uncaught Symfony\\Component\\Finder\\Exception\\DirectoryNotFoundException: The \"C:\\xampp\\htdocs\\laravel\\MTB_HMS_Booking_System\\MTB_Laravel\\MTB_Booking_System\\resources\\views\" directory does not exist. in C:\\xampp\\htdocs\\laravel\\MTB_HMS_Booking_System\\vendor\\symfony\\finder\\Finder.php:646
Stack trace:
#0 C:\\xampp\\htdocs\\laravel\\MTB_HMS_Booking_System\\vendor\\laravel\\framework\\src\\Illuminate\\Filesystem\\Filesystem.php(584): Symfony\\Component\\Finder\\Finder->in('C:\\\\xampp\\\\htdocs...')
#1 Command line code(1): Illuminate\\Filesystem\\Filesystem->files('C:\\\\xampp\\\\htdocs...')
#2 Command line code(1): getViews('C:\\\\xampp\\\\htdocs...', Object(Illuminate\\Filesystem\\Filesystem))
#3 {main}
  thrown at C:\\xampp\\htdocs\\laravel\\MTB_HMS_Booking_System\\vendor\\symfony\\finder\\Finder.php:646)
[stacktrace]
#0 {main}
"} 
[2025-04-21 12:39:34] local.ERROR: Uncaught Symfony\Component\Finder\Exception\DirectoryNotFoundException: The "C:\xampp\htdocs\laravel\MTB_HMS_Booking_System\MTB_Laravel\MTB_Booking_System\resources\views" directory does not exist. in C:\xampp\htdocs\laravel\MTB_HMS_Booking_System\vendor\symfony\finder\Finder.php:646
Stack trace:
#0 C:\xampp\htdocs\laravel\MTB_HMS_Booking_System\vendor\laravel\framework\src\Illuminate\Filesystem\Filesystem.php(584): Symfony\Component\Finder\Finder->in('C:\\xampp\\htdocs...')
#1 Command line code(1): Illuminate\Filesystem\Filesystem->files('C:\\xampp\\htdocs...')
#2 Command line code(1): getViews('C:\\xampp\\htdocs...', Object(Illuminate\Filesystem\Filesystem))
#3 {main}
  thrown {"exception":"[object] (Symfony\\Component\\ErrorHandler\\Error\\FatalError(code: 0): Uncaught Symfony\\Component\\Finder\\Exception\\DirectoryNotFoundException: The \"C:\\xampp\\htdocs\\laravel\\MTB_HMS_Booking_System\\MTB_Laravel\\MTB_Booking_System\\resources\\views\" directory does not exist. in C:\\xampp\\htdocs\\laravel\\MTB_HMS_Booking_System\\vendor\\symfony\\finder\\Finder.php:646
Stack trace:
#0 C:\\xampp\\htdocs\\laravel\\MTB_HMS_Booking_System\\vendor\\laravel\\framework\\src\\Illuminate\\Filesystem\\Filesystem.php(584): Symfony\\Component\\Finder\\Finder->in('C:\\\\xampp\\\\htdocs...')
#1 Command line code(1): Illuminate\\Filesystem\\Filesystem->files('C:\\\\xampp\\\\htdocs...')
#2 Command line code(1): getViews('C:\\\\xampp\\\\htdocs...', Object(Illuminate\\Filesystem\\Filesystem))
#3 {main}
  thrown at C:\\xampp\\htdocs\\laravel\\MTB_HMS_Booking_System\\vendor\\symfony\\finder\\Finder.php:646)
[stacktrace]
#0 {main}
"} 
[2025-04-21 12:39:37] local.ERROR: Uncaught Symfony\Component\Finder\Exception\DirectoryNotFoundException: The "C:\xampp\htdocs\laravel\MTB_HMS_Booking_System\MTB_Laravel\MTB_Booking_System\resources\views" directory does not exist. in C:\xampp\htdocs\laravel\MTB_HMS_Booking_System\vendor\symfony\finder\Finder.php:646
Stack trace:
#0 C:\xampp\htdocs\laravel\MTB_HMS_Booking_System\vendor\laravel\framework\src\Illuminate\Filesystem\Filesystem.php(584): Symfony\Component\Finder\Finder->in('C:\\xampp\\htdocs...')
#1 Command line code(1): Illuminate\Filesystem\Filesystem->files('C:\\xampp\\htdocs...')
#2 Command line code(1): getViews('C:\\xampp\\htdocs...', Object(Illuminate\Filesystem\Filesystem))
#3 {main}
  thrown {"exception":"[object] (Symfony\\Component\\ErrorHandler\\Error\\FatalError(code: 0): Uncaught Symfony\\Component\\Finder\\Exception\\DirectoryNotFoundException: The \"C:\\xampp\\htdocs\\laravel\\MTB_HMS_Booking_System\\MTB_Laravel\\MTB_Booking_System\\resources\\views\" directory does not exist. in C:\\xampp\\htdocs\\laravel\\MTB_HMS_Booking_System\\vendor\\symfony\\finder\\Finder.php:646
Stack trace:
#0 C:\\xampp\\htdocs\\laravel\\MTB_HMS_Booking_System\\vendor\\laravel\\framework\\src\\Illuminate\\Filesystem\\Filesystem.php(584): Symfony\\Component\\Finder\\Finder->in('C:\\\\xampp\\\\htdocs...')
#1 Command line code(1): Illuminate\\Filesystem\\Filesystem->files('C:\\\\xampp\\\\htdocs...')
#2 Command line code(1): getViews('C:\\\\xampp\\\\htdocs...', Object(Illuminate\\Filesystem\\Filesystem))
#3 {main}
  thrown at C:\\xampp\\htdocs\\laravel\\MTB_HMS_Booking_System\\vendor\\symfony\\finder\\Finder.php:646)
[stacktrace]
#0 {main}
"} 
[2025-04-21 12:39:38] local.ERROR: Uncaught Symfony\Component\Finder\Exception\DirectoryNotFoundException: The "C:\xampp\htdocs\laravel\MTB_HMS_Booking_System\MTB_Laravel\MTB_Booking_System\resources\views" directory does not exist. in C:\xampp\htdocs\laravel\MTB_HMS_Booking_System\vendor\symfony\finder\Finder.php:646
Stack trace:
#0 C:\xampp\htdocs\laravel\MTB_HMS_Booking_System\vendor\laravel\framework\src\Illuminate\Filesystem\Filesystem.php(584): Symfony\Component\Finder\Finder->in('C:\\xampp\\htdocs...')
#1 Command line code(1): Illuminate\Filesystem\Filesystem->files('C:\\xampp\\htdocs...')
#2 Command line code(1): getViews('C:\\xampp\\htdocs...', Object(Illuminate\Filesystem\Filesystem))
#3 {main}
  thrown {"exception":"[object] (Symfony\\Component\\ErrorHandler\\Error\\FatalError(code: 0): Uncaught Symfony\\Component\\Finder\\Exception\\DirectoryNotFoundException: The \"C:\\xampp\\htdocs\\laravel\\MTB_HMS_Booking_System\\MTB_Laravel\\MTB_Booking_System\\resources\\views\" directory does not exist. in C:\\xampp\\htdocs\\laravel\\MTB_HMS_Booking_System\\vendor\\symfony\\finder\\Finder.php:646
Stack trace:
#0 C:\\xampp\\htdocs\\laravel\\MTB_HMS_Booking_System\\vendor\\laravel\\framework\\src\\Illuminate\\Filesystem\\Filesystem.php(584): Symfony\\Component\\Finder\\Finder->in('C:\\\\xampp\\\\htdocs...')
#1 Command line code(1): Illuminate\\Filesystem\\Filesystem->files('C:\\\\xampp\\\\htdocs...')
#2 Command line code(1): getViews('C:\\\\xampp\\\\htdocs...', Object(Illuminate\\Filesystem\\Filesystem))
#3 {main}
  thrown at C:\\xampp\\htdocs\\laravel\\MTB_HMS_Booking_System\\vendor\\symfony\\finder\\Finder.php:646)
[stacktrace]
#0 {main}
"} 
[2025-04-21 12:39:39] local.ERROR: Uncaught Symfony\Component\Finder\Exception\DirectoryNotFoundException: The "C:\xampp\htdocs\laravel\MTB_HMS_Booking_System\MTB_Laravel\MTB_Booking_System\resources\views" directory does not exist. in C:\xampp\htdocs\laravel\MTB_HMS_Booking_System\vendor\symfony\finder\Finder.php:646
Stack trace:
#0 C:\xampp\htdocs\laravel\MTB_HMS_Booking_System\vendor\laravel\framework\src\Illuminate\Filesystem\Filesystem.php(584): Symfony\Component\Finder\Finder->in('C:\\xampp\\htdocs...')
#1 Command line code(1): Illuminate\Filesystem\Filesystem->files('C:\\xampp\\htdocs...')
#2 Command line code(1): getViews('C:\\xampp\\htdocs...', Object(Illuminate\Filesystem\Filesystem))
#3 {main}
  thrown {"exception":"[object] (Symfony\\Component\\ErrorHandler\\Error\\FatalError(code: 0): Uncaught Symfony\\Component\\Finder\\Exception\\DirectoryNotFoundException: The \"C:\\xampp\\htdocs\\laravel\\MTB_HMS_Booking_System\\MTB_Laravel\\MTB_Booking_System\\resources\\views\" directory does not exist. in C:\\xampp\\htdocs\\laravel\\MTB_HMS_Booking_System\\vendor\\symfony\\finder\\Finder.php:646
Stack trace:
#0 C:\\xampp\\htdocs\\laravel\\MTB_HMS_Booking_System\\vendor\\laravel\\framework\\src\\Illuminate\\Filesystem\\Filesystem.php(584): Symfony\\Component\\Finder\\Finder->in('C:\\\\xampp\\\\htdocs...')
#1 Command line code(1): Illuminate\\Filesystem\\Filesystem->files('C:\\\\xampp\\\\htdocs...')
#2 Command line code(1): getViews('C:\\\\xampp\\\\htdocs...', Object(Illuminate\\Filesystem\\Filesystem))
#3 {main}
  thrown at C:\\xampp\\htdocs\\laravel\\MTB_HMS_Booking_System\\vendor\\symfony\\finder\\Finder.php:646)
[stacktrace]
#0 {main}
"} 
[2025-04-21 12:39:40] local.ERROR: Uncaught Symfony\Component\Finder\Exception\DirectoryNotFoundException: The "C:\xampp\htdocs\laravel\MTB_HMS_Booking_System\MTB_Laravel\MTB_Booking_System\resources\views" directory does not exist. in C:\xampp\htdocs\laravel\MTB_HMS_Booking_System\vendor\symfony\finder\Finder.php:646
Stack trace:
#0 C:\xampp\htdocs\laravel\MTB_HMS_Booking_System\vendor\laravel\framework\src\Illuminate\Filesystem\Filesystem.php(584): Symfony\Component\Finder\Finder->in('C:\\xampp\\htdocs...')
#1 Command line code(1): Illuminate\Filesystem\Filesystem->files('C:\\xampp\\htdocs...')
#2 Command line code(1): getViews('C:\\xampp\\htdocs...', Object(Illuminate\Filesystem\Filesystem))
#3 {main}
  thrown {"exception":"[object] (Symfony\\Component\\ErrorHandler\\Error\\FatalError(code: 0): Uncaught Symfony\\Component\\Finder\\Exception\\DirectoryNotFoundException: The \"C:\\xampp\\htdocs\\laravel\\MTB_HMS_Booking_System\\MTB_Laravel\\MTB_Booking_System\\resources\\views\" directory does not exist. in C:\\xampp\\htdocs\\laravel\\MTB_HMS_Booking_System\\vendor\\symfony\\finder\\Finder.php:646
Stack trace:
#0 C:\\xampp\\htdocs\\laravel\\MTB_HMS_Booking_System\\vendor\\laravel\\framework\\src\\Illuminate\\Filesystem\\Filesystem.php(584): Symfony\\Component\\Finder\\Finder->in('C:\\\\xampp\\\\htdocs...')
#1 Command line code(1): Illuminate\\Filesystem\\Filesystem->files('C:\\\\xampp\\\\htdocs...')
#2 Command line code(1): getViews('C:\\\\xampp\\\\htdocs...', Object(Illuminate\\Filesystem\\Filesystem))
#3 {main}
  thrown at C:\\xampp\\htdocs\\laravel\\MTB_HMS_Booking_System\\vendor\\symfony\\finder\\Finder.php:646)
[stacktrace]
#0 {main}
"} 
[2025-04-21 12:39:43] local.ERROR: Uncaught Symfony\Component\Finder\Exception\DirectoryNotFoundException: The "C:\xampp\htdocs\laravel\MTB_HMS_Booking_System\MTB_Laravel\MTB_Booking_System\resources\views" directory does not exist. in C:\xampp\htdocs\laravel\MTB_HMS_Booking_System\vendor\symfony\finder\Finder.php:646
Stack trace:
#0 C:\xampp\htdocs\laravel\MTB_HMS_Booking_System\vendor\laravel\framework\src\Illuminate\Filesystem\Filesystem.php(584): Symfony\Component\Finder\Finder->in('C:\\xampp\\htdocs...')
#1 Command line code(1): Illuminate\Filesystem\Filesystem->files('C:\\xampp\\htdocs...')
#2 Command line code(1): getViews('C:\\xampp\\htdocs...', Object(Illuminate\Filesystem\Filesystem))
#3 {main}
  thrown {"exception":"[object] (Symfony\\Component\\ErrorHandler\\Error\\FatalError(code: 0): Uncaught Symfony\\Component\\Finder\\Exception\\DirectoryNotFoundException: The \"C:\\xampp\\htdocs\\laravel\\MTB_HMS_Booking_System\\MTB_Laravel\\MTB_Booking_System\\resources\\views\" directory does not exist. in C:\\xampp\\htdocs\\laravel\\MTB_HMS_Booking_System\\vendor\\symfony\\finder\\Finder.php:646
Stack trace:
#0 C:\\xampp\\htdocs\\laravel\\MTB_HMS_Booking_System\\vendor\\laravel\\framework\\src\\Illuminate\\Filesystem\\Filesystem.php(584): Symfony\\Component\\Finder\\Finder->in('C:\\\\xampp\\\\htdocs...')
#1 Command line code(1): Illuminate\\Filesystem\\Filesystem->files('C:\\\\xampp\\\\htdocs...')
#2 Command line code(1): getViews('C:\\\\xampp\\\\htdocs...', Object(Illuminate\\Filesystem\\Filesystem))
#3 {main}
  thrown at C:\\xampp\\htdocs\\laravel\\MTB_HMS_Booking_System\\vendor\\symfony\\finder\\Finder.php:646)
[stacktrace]
#0 {main}
"} 
[2025-04-21 12:39:43] local.ERROR: Uncaught Symfony\Component\Finder\Exception\DirectoryNotFoundException: The "C:\xampp\htdocs\laravel\MTB_HMS_Booking_System\MTB_Laravel\MTB_Booking_System\resources\views" directory does not exist. in C:\xampp\htdocs\laravel\MTB_HMS_Booking_System\vendor\symfony\finder\Finder.php:646
Stack trace:
#0 C:\xampp\htdocs\laravel\MTB_HMS_Booking_System\vendor\laravel\framework\src\Illuminate\Filesystem\Filesystem.php(584): Symfony\Component\Finder\Finder->in('C:\\xampp\\htdocs...')
#1 Command line code(1): Illuminate\Filesystem\Filesystem->files('C:\\xampp\\htdocs...')
#2 Command line code(1): getViews('C:\\xampp\\htdocs...', Object(Illuminate\Filesystem\Filesystem))
#3 {main}
  thrown {"exception":"[object] (Symfony\\Component\\ErrorHandler\\Error\\FatalError(code: 0): Uncaught Symfony\\Component\\Finder\\Exception\\DirectoryNotFoundException: The \"C:\\xampp\\htdocs\\laravel\\MTB_HMS_Booking_System\\MTB_Laravel\\MTB_Booking_System\\resources\\views\" directory does not exist. in C:\\xampp\\htdocs\\laravel\\MTB_HMS_Booking_System\\vendor\\symfony\\finder\\Finder.php:646
Stack trace:
#0 C:\\xampp\\htdocs\\laravel\\MTB_HMS_Booking_System\\vendor\\laravel\\framework\\src\\Illuminate\\Filesystem\\Filesystem.php(584): Symfony\\Component\\Finder\\Finder->in('C:\\\\xampp\\\\htdocs...')
#1 Command line code(1): Illuminate\\Filesystem\\Filesystem->files('C:\\\\xampp\\\\htdocs...')
#2 Command line code(1): getViews('C:\\\\xampp\\\\htdocs...', Object(Illuminate\\Filesystem\\Filesystem))
#3 {main}
  thrown at C:\\xampp\\htdocs\\laravel\\MTB_HMS_Booking_System\\vendor\\symfony\\finder\\Finder.php:646)
[stacktrace]
#0 {main}
"} 
[2025-04-21 12:39:44] local.ERROR: Uncaught Symfony\Component\Finder\Exception\DirectoryNotFoundException: The "C:\xampp\htdocs\laravel\MTB_HMS_Booking_System\MTB_Laravel\MTB_Booking_System\resources\views" directory does not exist. in C:\xampp\htdocs\laravel\MTB_HMS_Booking_System\vendor\symfony\finder\Finder.php:646
Stack trace:
#0 C:\xampp\htdocs\laravel\MTB_HMS_Booking_System\vendor\laravel\framework\src\Illuminate\Filesystem\Filesystem.php(584): Symfony\Component\Finder\Finder->in('C:\\xampp\\htdocs...')
#1 Command line code(1): Illuminate\Filesystem\Filesystem->files('C:\\xampp\\htdocs...')
#2 Command line code(1): getViews('C:\\xampp\\htdocs...', Object(Illuminate\Filesystem\Filesystem))
#3 {main}
  thrown {"exception":"[object] (Symfony\\Component\\ErrorHandler\\Error\\FatalError(code: 0): Uncaught Symfony\\Component\\Finder\\Exception\\DirectoryNotFoundException: The \"C:\\xampp\\htdocs\\laravel\\MTB_HMS_Booking_System\\MTB_Laravel\\MTB_Booking_System\\resources\\views\" directory does not exist. in C:\\xampp\\htdocs\\laravel\\MTB_HMS_Booking_System\\vendor\\symfony\\finder\\Finder.php:646
Stack trace:
#0 C:\\xampp\\htdocs\\laravel\\MTB_HMS_Booking_System\\vendor\\laravel\\framework\\src\\Illuminate\\Filesystem\\Filesystem.php(584): Symfony\\Component\\Finder\\Finder->in('C:\\\\xampp\\\\htdocs...')
#1 Command line code(1): Illuminate\\Filesystem\\Filesystem->files('C:\\\\xampp\\\\htdocs...')
#2 Command line code(1): getViews('C:\\\\xampp\\\\htdocs...', Object(Illuminate\\Filesystem\\Filesystem))
#3 {main}
  thrown at C:\\xampp\\htdocs\\laravel\\MTB_HMS_Booking_System\\vendor\\symfony\\finder\\Finder.php:646)
[stacktrace]
#0 {main}
"} 
[2025-04-21 12:39:47] local.ERROR: Uncaught Symfony\Component\Finder\Exception\DirectoryNotFoundException: The "C:\xampp\htdocs\laravel\MTB_HMS_Booking_System\MTB_Laravel\MTB_Booking_System\resources\views" directory does not exist. in C:\xampp\htdocs\laravel\MTB_HMS_Booking_System\vendor\symfony\finder\Finder.php:646
Stack trace:
#0 C:\xampp\htdocs\laravel\MTB_HMS_Booking_System\vendor\laravel\framework\src\Illuminate\Filesystem\Filesystem.php(584): Symfony\Component\Finder\Finder->in('C:\\xampp\\htdocs...')
#1 Command line code(1): Illuminate\Filesystem\Filesystem->files('C:\\xampp\\htdocs...')
#2 Command line code(1): getViews('C:\\xampp\\htdocs...', Object(Illuminate\Filesystem\Filesystem))
#3 {main}
  thrown {"exception":"[object] (Symfony\\Component\\ErrorHandler\\Error\\FatalError(code: 0): Uncaught Symfony\\Component\\Finder\\Exception\\DirectoryNotFoundException: The \"C:\\xampp\\htdocs\\laravel\\MTB_HMS_Booking_System\\MTB_Laravel\\MTB_Booking_System\\resources\\views\" directory does not exist. in C:\\xampp\\htdocs\\laravel\\MTB_HMS_Booking_System\\vendor\\symfony\\finder\\Finder.php:646
Stack trace:
#0 C:\\xampp\\htdocs\\laravel\\MTB_HMS_Booking_System\\vendor\\laravel\\framework\\src\\Illuminate\\Filesystem\\Filesystem.php(584): Symfony\\Component\\Finder\\Finder->in('C:\\\\xampp\\\\htdocs...')
#1 Command line code(1): Illuminate\\Filesystem\\Filesystem->files('C:\\\\xampp\\\\htdocs...')
#2 Command line code(1): getViews('C:\\\\xampp\\\\htdocs...', Object(Illuminate\\Filesystem\\Filesystem))
#3 {main}
  thrown at C:\\xampp\\htdocs\\laravel\\MTB_HMS_Booking_System\\vendor\\symfony\\finder\\Finder.php:646)
[stacktrace]
#0 {main}
"} 
[2025-04-21 12:39:48] local.ERROR: Uncaught Symfony\Component\Finder\Exception\DirectoryNotFoundException: The "C:\xampp\htdocs\laravel\MTB_HMS_Booking_System\MTB_Laravel\MTB_Booking_System\resources\views" directory does not exist. in C:\xampp\htdocs\laravel\MTB_HMS_Booking_System\vendor\symfony\finder\Finder.php:646
Stack trace:
#0 C:\xampp\htdocs\laravel\MTB_HMS_Booking_System\vendor\laravel\framework\src\Illuminate\Filesystem\Filesystem.php(584): Symfony\Component\Finder\Finder->in('C:\\xampp\\htdocs...')
#1 Command line code(1): Illuminate\Filesystem\Filesystem->files('C:\\xampp\\htdocs...')
#2 Command line code(1): getViews('C:\\xampp\\htdocs...', Object(Illuminate\Filesystem\Filesystem))
#3 {main}
  thrown {"exception":"[object] (Symfony\\Component\\ErrorHandler\\Error\\FatalError(code: 0): Uncaught Symfony\\Component\\Finder\\Exception\\DirectoryNotFoundException: The \"C:\\xampp\\htdocs\\laravel\\MTB_HMS_Booking_System\\MTB_Laravel\\MTB_Booking_System\\resources\\views\" directory does not exist. in C:\\xampp\\htdocs\\laravel\\MTB_HMS_Booking_System\\vendor\\symfony\\finder\\Finder.php:646
Stack trace:
#0 C:\\xampp\\htdocs\\laravel\\MTB_HMS_Booking_System\\vendor\\laravel\\framework\\src\\Illuminate\\Filesystem\\Filesystem.php(584): Symfony\\Component\\Finder\\Finder->in('C:\\\\xampp\\\\htdocs...')
#1 Command line code(1): Illuminate\\Filesystem\\Filesystem->files('C:\\\\xampp\\\\htdocs...')
#2 Command line code(1): getViews('C:\\\\xampp\\\\htdocs...', Object(Illuminate\\Filesystem\\Filesystem))
#3 {main}
  thrown at C:\\xampp\\htdocs\\laravel\\MTB_HMS_Booking_System\\vendor\\symfony\\finder\\Finder.php:646)
[stacktrace]
#0 {main}
"} 
[2025-04-21 12:39:48] local.ERROR: Uncaught Symfony\Component\Finder\Exception\DirectoryNotFoundException: The "C:\xampp\htdocs\laravel\MTB_HMS_Booking_System\MTB_Laravel\MTB_Booking_System\resources\views" directory does not exist. in C:\xampp\htdocs\laravel\MTB_HMS_Booking_System\vendor\symfony\finder\Finder.php:646
Stack trace:
#0 C:\xampp\htdocs\laravel\MTB_HMS_Booking_System\vendor\laravel\framework\src\Illuminate\Filesystem\Filesystem.php(584): Symfony\Component\Finder\Finder->in('C:\\xampp\\htdocs...')
#1 Command line code(1): Illuminate\Filesystem\Filesystem->files('C:\\xampp\\htdocs...')
#2 Command line code(1): getViews('C:\\xampp\\htdocs...', Object(Illuminate\Filesystem\Filesystem))
#3 {main}
  thrown {"exception":"[object] (Symfony\\Component\\ErrorHandler\\Error\\FatalError(code: 0): Uncaught Symfony\\Component\\Finder\\Exception\\DirectoryNotFoundException: The \"C:\\xampp\\htdocs\\laravel\\MTB_HMS_Booking_System\\MTB_Laravel\\MTB_Booking_System\\resources\\views\" directory does not exist. in C:\\xampp\\htdocs\\laravel\\MTB_HMS_Booking_System\\vendor\\symfony\\finder\\Finder.php:646
Stack trace:
#0 C:\\xampp\\htdocs\\laravel\\MTB_HMS_Booking_System\\vendor\\laravel\\framework\\src\\Illuminate\\Filesystem\\Filesystem.php(584): Symfony\\Component\\Finder\\Finder->in('C:\\\\xampp\\\\htdocs...')
#1 Command line code(1): Illuminate\\Filesystem\\Filesystem->files('C:\\\\xampp\\\\htdocs...')
#2 Command line code(1): getViews('C:\\\\xampp\\\\htdocs...', Object(Illuminate\\Filesystem\\Filesystem))
#3 {main}
  thrown at C:\\xampp\\htdocs\\laravel\\MTB_HMS_Booking_System\\vendor\\symfony\\finder\\Finder.php:646)
[stacktrace]
#0 {main}
"} 
[2025-04-21 12:39:49] local.ERROR: Uncaught Symfony\Component\Finder\Exception\DirectoryNotFoundException: The "C:\xampp\htdocs\laravel\MTB_HMS_Booking_System\MTB_Laravel\MTB_Booking_System\resources\views" directory does not exist. in C:\xampp\htdocs\laravel\MTB_HMS_Booking_System\vendor\symfony\finder\Finder.php:646
Stack trace:
#0 C:\xampp\htdocs\laravel\MTB_HMS_Booking_System\vendor\laravel\framework\src\Illuminate\Filesystem\Filesystem.php(584): Symfony\Component\Finder\Finder->in('C:\\xampp\\htdocs...')
#1 Command line code(1): Illuminate\Filesystem\Filesystem->files('C:\\xampp\\htdocs...')
#2 Command line code(1): getViews('C:\\xampp\\htdocs...', Object(Illuminate\Filesystem\Filesystem))
#3 {main}
  thrown {"exception":"[object] (Symfony\\Component\\ErrorHandler\\Error\\FatalError(code: 0): Uncaught Symfony\\Component\\Finder\\Exception\\DirectoryNotFoundException: The \"C:\\xampp\\htdocs\\laravel\\MTB_HMS_Booking_System\\MTB_Laravel\\MTB_Booking_System\\resources\\views\" directory does not exist. in C:\\xampp\\htdocs\\laravel\\MTB_HMS_Booking_System\\vendor\\symfony\\finder\\Finder.php:646
Stack trace:
#0 C:\\xampp\\htdocs\\laravel\\MTB_HMS_Booking_System\\vendor\\laravel\\framework\\src\\Illuminate\\Filesystem\\Filesystem.php(584): Symfony\\Component\\Finder\\Finder->in('C:\\\\xampp\\\\htdocs...')
#1 Command line code(1): Illuminate\\Filesystem\\Filesystem->files('C:\\\\xampp\\\\htdocs...')
#2 Command line code(1): getViews('C:\\\\xampp\\\\htdocs...', Object(Illuminate\\Filesystem\\Filesystem))
#3 {main}
  thrown at C:\\xampp\\htdocs\\laravel\\MTB_HMS_Booking_System\\vendor\\symfony\\finder\\Finder.php:646)
[stacktrace]
#0 {main}
"} 
[2025-04-21 12:39:52] local.ERROR: Uncaught Symfony\Component\Finder\Exception\DirectoryNotFoundException: The "C:\xampp\htdocs\laravel\MTB_HMS_Booking_System\MTB_Laravel\MTB_Booking_System\resources\views" directory does not exist. in C:\xampp\htdocs\laravel\MTB_HMS_Booking_System\vendor\symfony\finder\Finder.php:646
Stack trace:
#0 C:\xampp\htdocs\laravel\MTB_HMS_Booking_System\vendor\laravel\framework\src\Illuminate\Filesystem\Filesystem.php(584): Symfony\Component\Finder\Finder->in('C:\\xampp\\htdocs...')
#1 Command line code(1): Illuminate\Filesystem\Filesystem->files('C:\\xampp\\htdocs...')
#2 Command line code(1): getViews('C:\\xampp\\htdocs...', Object(Illuminate\Filesystem\Filesystem))
#3 {main}
  thrown {"exception":"[object] (Symfony\\Component\\ErrorHandler\\Error\\FatalError(code: 0): Uncaught Symfony\\Component\\Finder\\Exception\\DirectoryNotFoundException: The \"C:\\xampp\\htdocs\\laravel\\MTB_HMS_Booking_System\\MTB_Laravel\\MTB_Booking_System\\resources\\views\" directory does not exist. in C:\\xampp\\htdocs\\laravel\\MTB_HMS_Booking_System\\vendor\\symfony\\finder\\Finder.php:646
Stack trace:
#0 C:\\xampp\\htdocs\\laravel\\MTB_HMS_Booking_System\\vendor\\laravel\\framework\\src\\Illuminate\\Filesystem\\Filesystem.php(584): Symfony\\Component\\Finder\\Finder->in('C:\\\\xampp\\\\htdocs...')
#1 Command line code(1): Illuminate\\Filesystem\\Filesystem->files('C:\\\\xampp\\\\htdocs...')
#2 Command line code(1): getViews('C:\\\\xampp\\\\htdocs...', Object(Illuminate\\Filesystem\\Filesystem))
#3 {main}
  thrown at C:\\xampp\\htdocs\\laravel\\MTB_HMS_Booking_System\\vendor\\symfony\\finder\\Finder.php:646)
[stacktrace]
#0 {main}
"} 
[2025-04-21 12:39:53] local.ERROR: Uncaught Symfony\Component\Finder\Exception\DirectoryNotFoundException: The "C:\xampp\htdocs\laravel\MTB_HMS_Booking_System\MTB_Laravel\MTB_Booking_System\resources\views" directory does not exist. in C:\xampp\htdocs\laravel\MTB_HMS_Booking_System\vendor\symfony\finder\Finder.php:646
Stack trace:
#0 C:\xampp\htdocs\laravel\MTB_HMS_Booking_System\vendor\laravel\framework\src\Illuminate\Filesystem\Filesystem.php(584): Symfony\Component\Finder\Finder->in('C:\\xampp\\htdocs...')
#1 Command line code(1): Illuminate\Filesystem\Filesystem->files('C:\\xampp\\htdocs...')
#2 Command line code(1): getViews('C:\\xampp\\htdocs...', Object(Illuminate\Filesystem\Filesystem))
#3 {main}
  thrown {"exception":"[object] (Symfony\\Component\\ErrorHandler\\Error\\FatalError(code: 0): Uncaught Symfony\\Component\\Finder\\Exception\\DirectoryNotFoundException: The \"C:\\xampp\\htdocs\\laravel\\MTB_HMS_Booking_System\\MTB_Laravel\\MTB_Booking_System\\resources\\views\" directory does not exist. in C:\\xampp\\htdocs\\laravel\\MTB_HMS_Booking_System\\vendor\\symfony\\finder\\Finder.php:646
Stack trace:
#0 C:\\xampp\\htdocs\\laravel\\MTB_HMS_Booking_System\\vendor\\laravel\\framework\\src\\Illuminate\\Filesystem\\Filesystem.php(584): Symfony\\Component\\Finder\\Finder->in('C:\\\\xampp\\\\htdocs...')
#1 Command line code(1): Illuminate\\Filesystem\\Filesystem->files('C:\\\\xampp\\\\htdocs...')
#2 Command line code(1): getViews('C:\\\\xampp\\\\htdocs...', Object(Illuminate\\Filesystem\\Filesystem))
#3 {main}
  thrown at C:\\xampp\\htdocs\\laravel\\MTB_HMS_Booking_System\\vendor\\symfony\\finder\\Finder.php:646)
[stacktrace]
#0 {main}
"} 
[2025-04-21 12:39:54] local.ERROR: Uncaught Symfony\Component\Finder\Exception\DirectoryNotFoundException: The "C:\xampp\htdocs\laravel\MTB_HMS_Booking_System\MTB_Laravel\MTB_Booking_System\resources\views" directory does not exist. in C:\xampp\htdocs\laravel\MTB_HMS_Booking_System\vendor\symfony\finder\Finder.php:646
Stack trace:
#0 C:\xampp\htdocs\laravel\MTB_HMS_Booking_System\vendor\laravel\framework\src\Illuminate\Filesystem\Filesystem.php(584): Symfony\Component\Finder\Finder->in('C:\\xampp\\htdocs...')
#1 Command line code(1): Illuminate\Filesystem\Filesystem->files('C:\\xampp\\htdocs...')
#2 Command line code(1): getViews('C:\\xampp\\htdocs...', Object(Illuminate\Filesystem\Filesystem))
#3 {main}
  thrown {"exception":"[object] (Symfony\\Component\\ErrorHandler\\Error\\FatalError(code: 0): Uncaught Symfony\\Component\\Finder\\Exception\\DirectoryNotFoundException: The \"C:\\xampp\\htdocs\\laravel\\MTB_HMS_Booking_System\\MTB_Laravel\\MTB_Booking_System\\resources\\views\" directory does not exist. in C:\\xampp\\htdocs\\laravel\\MTB_HMS_Booking_System\\vendor\\symfony\\finder\\Finder.php:646
Stack trace:
#0 C:\\xampp\\htdocs\\laravel\\MTB_HMS_Booking_System\\vendor\\laravel\\framework\\src\\Illuminate\\Filesystem\\Filesystem.php(584): Symfony\\Component\\Finder\\Finder->in('C:\\\\xampp\\\\htdocs...')
#1 Command line code(1): Illuminate\\Filesystem\\Filesystem->files('C:\\\\xampp\\\\htdocs...')
#2 Command line code(1): getViews('C:\\\\xampp\\\\htdocs...', Object(Illuminate\\Filesystem\\Filesystem))
#3 {main}
  thrown at C:\\xampp\\htdocs\\laravel\\MTB_HMS_Booking_System\\vendor\\symfony\\finder\\Finder.php:646)
[stacktrace]
#0 {main}
"} 
[2025-04-21 12:39:55] local.ERROR: Uncaught Symfony\Component\Finder\Exception\DirectoryNotFoundException: The "C:\xampp\htdocs\laravel\MTB_HMS_Booking_System\MTB_Laravel\MTB_Booking_System\resources\views" directory does not exist. in C:\xampp\htdocs\laravel\MTB_HMS_Booking_System\vendor\symfony\finder\Finder.php:646
Stack trace:
#0 C:\xampp\htdocs\laravel\MTB_HMS_Booking_System\vendor\laravel\framework\src\Illuminate\Filesystem\Filesystem.php(584): Symfony\Component\Finder\Finder->in('C:\\xampp\\htdocs...')
#1 Command line code(1): Illuminate\Filesystem\Filesystem->files('C:\\xampp\\htdocs...')
#2 Command line code(1): getViews('C:\\xampp\\htdocs...', Object(Illuminate\Filesystem\Filesystem))
#3 {main}
  thrown {"exception":"[object] (Symfony\\Component\\ErrorHandler\\Error\\FatalError(code: 0): Uncaught Symfony\\Component\\Finder\\Exception\\DirectoryNotFoundException: The \"C:\\xampp\\htdocs\\laravel\\MTB_HMS_Booking_System\\MTB_Laravel\\MTB_Booking_System\\resources\\views\" directory does not exist. in C:\\xampp\\htdocs\\laravel\\MTB_HMS_Booking_System\\vendor\\symfony\\finder\\Finder.php:646
Stack trace:
#0 C:\\xampp\\htdocs\\laravel\\MTB_HMS_Booking_System\\vendor\\laravel\\framework\\src\\Illuminate\\Filesystem\\Filesystem.php(584): Symfony\\Component\\Finder\\Finder->in('C:\\\\xampp\\\\htdocs...')
#1 Command line code(1): Illuminate\\Filesystem\\Filesystem->files('C:\\\\xampp\\\\htdocs...')
#2 Command line code(1): getViews('C:\\\\xampp\\\\htdocs...', Object(Illuminate\\Filesystem\\Filesystem))
#3 {main}
  thrown at C:\\xampp\\htdocs\\laravel\\MTB_HMS_Booking_System\\vendor\\symfony\\finder\\Finder.php:646)
[stacktrace]
#0 {main}
"} 
[2025-04-21 12:39:57] local.ERROR: Uncaught Symfony\Component\Finder\Exception\DirectoryNotFoundException: The "C:\xampp\htdocs\laravel\MTB_HMS_Booking_System\MTB_Laravel\MTB_Booking_System\resources\views" directory does not exist. in C:\xampp\htdocs\laravel\MTB_HMS_Booking_System\vendor\symfony\finder\Finder.php:646
Stack trace:
#0 C:\xampp\htdocs\laravel\MTB_HMS_Booking_System\vendor\laravel\framework\src\Illuminate\Filesystem\Filesystem.php(584): Symfony\Component\Finder\Finder->in('C:\\xampp\\htdocs...')
#1 Command line code(1): Illuminate\Filesystem\Filesystem->files('C:\\xampp\\htdocs...')
#2 Command line code(1): getViews('C:\\xampp\\htdocs...', Object(Illuminate\Filesystem\Filesystem))
#3 {main}
  thrown {"exception":"[object] (Symfony\\Component\\ErrorHandler\\Error\\FatalError(code: 0): Uncaught Symfony\\Component\\Finder\\Exception\\DirectoryNotFoundException: The \"C:\\xampp\\htdocs\\laravel\\MTB_HMS_Booking_System\\MTB_Laravel\\MTB_Booking_System\\resources\\views\" directory does not exist. in C:\\xampp\\htdocs\\laravel\\MTB_HMS_Booking_System\\vendor\\symfony\\finder\\Finder.php:646
Stack trace:
#0 C:\\xampp\\htdocs\\laravel\\MTB_HMS_Booking_System\\vendor\\laravel\\framework\\src\\Illuminate\\Filesystem\\Filesystem.php(584): Symfony\\Component\\Finder\\Finder->in('C:\\\\xampp\\\\htdocs...')
#1 Command line code(1): Illuminate\\Filesystem\\Filesystem->files('C:\\\\xampp\\\\htdocs...')
#2 Command line code(1): getViews('C:\\\\xampp\\\\htdocs...', Object(Illuminate\\Filesystem\\Filesystem))
#3 {main}
  thrown at C:\\xampp\\htdocs\\laravel\\MTB_HMS_Booking_System\\vendor\\symfony\\finder\\Finder.php:646)
[stacktrace]
#0 {main}
"} 
[2025-04-21 12:39:58] local.ERROR: Uncaught Symfony\Component\Finder\Exception\DirectoryNotFoundException: The "C:\xampp\htdocs\laravel\MTB_HMS_Booking_System\MTB_Laravel\MTB_Booking_System\resources\views" directory does not exist. in C:\xampp\htdocs\laravel\MTB_HMS_Booking_System\vendor\symfony\finder\Finder.php:646
Stack trace:
#0 C:\xampp\htdocs\laravel\MTB_HMS_Booking_System\vendor\laravel\framework\src\Illuminate\Filesystem\Filesystem.php(584): Symfony\Component\Finder\Finder->in('C:\\xampp\\htdocs...')
#1 Command line code(1): Illuminate\Filesystem\Filesystem->files('C:\\xampp\\htdocs...')
#2 Command line code(1): getViews('C:\\xampp\\htdocs...', Object(Illuminate\Filesystem\Filesystem))
#3 {main}
  thrown {"exception":"[object] (Symfony\\Component\\ErrorHandler\\Error\\FatalError(code: 0): Uncaught Symfony\\Component\\Finder\\Exception\\DirectoryNotFoundException: The \"C:\\xampp\\htdocs\\laravel\\MTB_HMS_Booking_System\\MTB_Laravel\\MTB_Booking_System\\resources\\views\" directory does not exist. in C:\\xampp\\htdocs\\laravel\\MTB_HMS_Booking_System\\vendor\\symfony\\finder\\Finder.php:646
Stack trace:
#0 C:\\xampp\\htdocs\\laravel\\MTB_HMS_Booking_System\\vendor\\laravel\\framework\\src\\Illuminate\\Filesystem\\Filesystem.php(584): Symfony\\Component\\Finder\\Finder->in('C:\\\\xampp\\\\htdocs...')
#1 Command line code(1): Illuminate\\Filesystem\\Filesystem->files('C:\\\\xampp\\\\htdocs...')
#2 Command line code(1): getViews('C:\\\\xampp\\\\htdocs...', Object(Illuminate\\Filesystem\\Filesystem))
#3 {main}
  thrown at C:\\xampp\\htdocs\\laravel\\MTB_HMS_Booking_System\\vendor\\symfony\\finder\\Finder.php:646)
[stacktrace]
#0 {main}
"} 
[2025-04-21 12:39:59] local.ERROR: Uncaught Symfony\Component\Finder\Exception\DirectoryNotFoundException: The "C:\xampp\htdocs\laravel\MTB_HMS_Booking_System\MTB_Laravel\MTB_Booking_System\resources\views" directory does not exist. in C:\xampp\htdocs\laravel\MTB_HMS_Booking_System\vendor\symfony\finder\Finder.php:646
Stack trace:
#0 C:\xampp\htdocs\laravel\MTB_HMS_Booking_System\vendor\laravel\framework\src\Illuminate\Filesystem\Filesystem.php(584): Symfony\Component\Finder\Finder->in('C:\\xampp\\htdocs...')
#1 Command line code(1): Illuminate\Filesystem\Filesystem->files('C:\\xampp\\htdocs...')
#2 Command line code(1): getViews('C:\\xampp\\htdocs...', Object(Illuminate\Filesystem\Filesystem))
#3 {main}
  thrown {"exception":"[object] (Symfony\\Component\\ErrorHandler\\Error\\FatalError(code: 0): Uncaught Symfony\\Component\\Finder\\Exception\\DirectoryNotFoundException: The \"C:\\xampp\\htdocs\\laravel\\MTB_HMS_Booking_System\\MTB_Laravel\\MTB_Booking_System\\resources\\views\" directory does not exist. in C:\\xampp\\htdocs\\laravel\\MTB_HMS_Booking_System\\vendor\\symfony\\finder\\Finder.php:646
Stack trace:
#0 C:\\xampp\\htdocs\\laravel\\MTB_HMS_Booking_System\\vendor\\laravel\\framework\\src\\Illuminate\\Filesystem\\Filesystem.php(584): Symfony\\Component\\Finder\\Finder->in('C:\\\\xampp\\\\htdocs...')
#1 Command line code(1): Illuminate\\Filesystem\\Filesystem->files('C:\\\\xampp\\\\htdocs...')
#2 Command line code(1): getViews('C:\\\\xampp\\\\htdocs...', Object(Illuminate\\Filesystem\\Filesystem))
#3 {main}
  thrown at C:\\xampp\\htdocs\\laravel\\MTB_HMS_Booking_System\\vendor\\symfony\\finder\\Finder.php:646)
[stacktrace]
#0 {main}
"} 
[2025-04-21 12:40:02] local.ERROR: Uncaught Symfony\Component\Finder\Exception\DirectoryNotFoundException: The "C:\xampp\htdocs\laravel\MTB_HMS_Booking_System\MTB_Laravel\MTB_Booking_System\resources\views" directory does not exist. in C:\xampp\htdocs\laravel\MTB_HMS_Booking_System\vendor\symfony\finder\Finder.php:646
Stack trace:
#0 C:\xampp\htdocs\laravel\MTB_HMS_Booking_System\vendor\laravel\framework\src\Illuminate\Filesystem\Filesystem.php(584): Symfony\Component\Finder\Finder->in('C:\\xampp\\htdocs...')
#1 Command line code(1): Illuminate\Filesystem\Filesystem->files('C:\\xampp\\htdocs...')
#2 Command line code(1): getViews('C:\\xampp\\htdocs...', Object(Illuminate\Filesystem\Filesystem))
#3 {main}
  thrown {"exception":"[object] (Symfony\\Component\\ErrorHandler\\Error\\FatalError(code: 0): Uncaught Symfony\\Component\\Finder\\Exception\\DirectoryNotFoundException: The \"C:\\xampp\\htdocs\\laravel\\MTB_HMS_Booking_System\\MTB_Laravel\\MTB_Booking_System\\resources\\views\" directory does not exist. in C:\\xampp\\htdocs\\laravel\\MTB_HMS_Booking_System\\vendor\\symfony\\finder\\Finder.php:646
Stack trace:
#0 C:\\xampp\\htdocs\\laravel\\MTB_HMS_Booking_System\\vendor\\laravel\\framework\\src\\Illuminate\\Filesystem\\Filesystem.php(584): Symfony\\Component\\Finder\\Finder->in('C:\\\\xampp\\\\htdocs...')
#1 Command line code(1): Illuminate\\Filesystem\\Filesystem->files('C:\\\\xampp\\\\htdocs...')
#2 Command line code(1): getViews('C:\\\\xampp\\\\htdocs...', Object(Illuminate\\Filesystem\\Filesystem))
#3 {main}
  thrown at C:\\xampp\\htdocs\\laravel\\MTB_HMS_Booking_System\\vendor\\symfony\\finder\\Finder.php:646)
[stacktrace]
#0 {main}
"} 
[2025-04-21 12:40:03] local.ERROR: Uncaught Symfony\Component\Finder\Exception\DirectoryNotFoundException: The "C:\xampp\htdocs\laravel\MTB_HMS_Booking_System\MTB_Laravel\MTB_Booking_System\resources\views" directory does not exist. in C:\xampp\htdocs\laravel\MTB_HMS_Booking_System\vendor\symfony\finder\Finder.php:646
Stack trace:
#0 C:\xampp\htdocs\laravel\MTB_HMS_Booking_System\vendor\laravel\framework\src\Illuminate\Filesystem\Filesystem.php(584): Symfony\Component\Finder\Finder->in('C:\\xampp\\htdocs...')
#1 Command line code(1): Illuminate\Filesystem\Filesystem->files('C:\\xampp\\htdocs...')
#2 Command line code(1): getViews('C:\\xampp\\htdocs...', Object(Illuminate\Filesystem\Filesystem))
#3 {main}
  thrown {"exception":"[object] (Symfony\\Component\\ErrorHandler\\Error\\FatalError(code: 0): Uncaught Symfony\\Component\\Finder\\Exception\\DirectoryNotFoundException: The \"C:\\xampp\\htdocs\\laravel\\MTB_HMS_Booking_System\\MTB_Laravel\\MTB_Booking_System\\resources\\views\" directory does not exist. in C:\\xampp\\htdocs\\laravel\\MTB_HMS_Booking_System\\vendor\\symfony\\finder\\Finder.php:646
Stack trace:
#0 C:\\xampp\\htdocs\\laravel\\MTB_HMS_Booking_System\\vendor\\laravel\\framework\\src\\Illuminate\\Filesystem\\Filesystem.php(584): Symfony\\Component\\Finder\\Finder->in('C:\\\\xampp\\\\htdocs...')
#1 Command line code(1): Illuminate\\Filesystem\\Filesystem->files('C:\\\\xampp\\\\htdocs...')
#2 Command line code(1): getViews('C:\\\\xampp\\\\htdocs...', Object(Illuminate\\Filesystem\\Filesystem))
#3 {main}
  thrown at C:\\xampp\\htdocs\\laravel\\MTB_HMS_Booking_System\\vendor\\symfony\\finder\\Finder.php:646)
[stacktrace]
#0 {main}
"} 
[2025-04-21 12:40:04] local.ERROR: Uncaught Symfony\Component\Finder\Exception\DirectoryNotFoundException: The "C:\xampp\htdocs\laravel\MTB_HMS_Booking_System\MTB_Laravel\MTB_Booking_System\resources\views" directory does not exist. in C:\xampp\htdocs\laravel\MTB_HMS_Booking_System\vendor\symfony\finder\Finder.php:646
Stack trace:
#0 C:\xampp\htdocs\laravel\MTB_HMS_Booking_System\vendor\laravel\framework\src\Illuminate\Filesystem\Filesystem.php(584): Symfony\Component\Finder\Finder->in('C:\\xampp\\htdocs...')
#1 Command line code(1): Illuminate\Filesystem\Filesystem->files('C:\\xampp\\htdocs...')
#2 Command line code(1): getViews('C:\\xampp\\htdocs...', Object(Illuminate\Filesystem\Filesystem))
#3 {main}
  thrown {"exception":"[object] (Symfony\\Component\\ErrorHandler\\Error\\FatalError(code: 0): Uncaught Symfony\\Component\\Finder\\Exception\\DirectoryNotFoundException: The \"C:\\xampp\\htdocs\\laravel\\MTB_HMS_Booking_System\\MTB_Laravel\\MTB_Booking_System\\resources\\views\" directory does not exist. in C:\\xampp\\htdocs\\laravel\\MTB_HMS_Booking_System\\vendor\\symfony\\finder\\Finder.php:646
Stack trace:
#0 C:\\xampp\\htdocs\\laravel\\MTB_HMS_Booking_System\\vendor\\laravel\\framework\\src\\Illuminate\\Filesystem\\Filesystem.php(584): Symfony\\Component\\Finder\\Finder->in('C:\\\\xampp\\\\htdocs...')
#1 Command line code(1): Illuminate\\Filesystem\\Filesystem->files('C:\\\\xampp\\\\htdocs...')
#2 Command line code(1): getViews('C:\\\\xampp\\\\htdocs...', Object(Illuminate\\Filesystem\\Filesystem))
#3 {main}
  thrown at C:\\xampp\\htdocs\\laravel\\MTB_HMS_Booking_System\\vendor\\symfony\\finder\\Finder.php:646)
[stacktrace]
#0 {main}
"} 
[2025-04-21 12:40:05] local.ERROR: Uncaught Symfony\Component\Finder\Exception\DirectoryNotFoundException: The "C:\xampp\htdocs\laravel\MTB_HMS_Booking_System\MTB_Laravel\MTB_Booking_System\resources\views" directory does not exist. in C:\xampp\htdocs\laravel\MTB_HMS_Booking_System\vendor\symfony\finder\Finder.php:646
Stack trace:
#0 C:\xampp\htdocs\laravel\MTB_HMS_Booking_System\vendor\laravel\framework\src\Illuminate\Filesystem\Filesystem.php(584): Symfony\Component\Finder\Finder->in('C:\\xampp\\htdocs...')
#1 Command line code(1): Illuminate\Filesystem\Filesystem->files('C:\\xampp\\htdocs...')
#2 Command line code(1): getViews('C:\\xampp\\htdocs...', Object(Illuminate\Filesystem\Filesystem))
#3 {main}
  thrown {"exception":"[object] (Symfony\\Component\\ErrorHandler\\Error\\FatalError(code: 0): Uncaught Symfony\\Component\\Finder\\Exception\\DirectoryNotFoundException: The \"C:\\xampp\\htdocs\\laravel\\MTB_HMS_Booking_System\\MTB_Laravel\\MTB_Booking_System\\resources\\views\" directory does not exist. in C:\\xampp\\htdocs\\laravel\\MTB_HMS_Booking_System\\vendor\\symfony\\finder\\Finder.php:646
Stack trace:
#0 C:\\xampp\\htdocs\\laravel\\MTB_HMS_Booking_System\\vendor\\laravel\\framework\\src\\Illuminate\\Filesystem\\Filesystem.php(584): Symfony\\Component\\Finder\\Finder->in('C:\\\\xampp\\\\htdocs...')
#1 Command line code(1): Illuminate\\Filesystem\\Filesystem->files('C:\\\\xampp\\\\htdocs...')
#2 Command line code(1): getViews('C:\\\\xampp\\\\htdocs...', Object(Illuminate\\Filesystem\\Filesystem))
#3 {main}
  thrown at C:\\xampp\\htdocs\\laravel\\MTB_HMS_Booking_System\\vendor\\symfony\\finder\\Finder.php:646)
[stacktrace]
#0 {main}
"} 
[2025-04-21 12:40:07] local.ERROR: Uncaught Symfony\Component\Finder\Exception\DirectoryNotFoundException: The "C:\xampp\htdocs\laravel\MTB_HMS_Booking_System\MTB_Laravel\MTB_Booking_System\resources\views" directory does not exist. in C:\xampp\htdocs\laravel\MTB_HMS_Booking_System\vendor\symfony\finder\Finder.php:646
Stack trace:
#0 C:\xampp\htdocs\laravel\MTB_HMS_Booking_System\vendor\laravel\framework\src\Illuminate\Filesystem\Filesystem.php(584): Symfony\Component\Finder\Finder->in('C:\\xampp\\htdocs...')
#1 Command line code(1): Illuminate\Filesystem\Filesystem->files('C:\\xampp\\htdocs...')
#2 Command line code(1): getViews('C:\\xampp\\htdocs...', Object(Illuminate\Filesystem\Filesystem))
#3 {main}
  thrown {"exception":"[object] (Symfony\\Component\\ErrorHandler\\Error\\FatalError(code: 0): Uncaught Symfony\\Component\\Finder\\Exception\\DirectoryNotFoundException: The \"C:\\xampp\\htdocs\\laravel\\MTB_HMS_Booking_System\\MTB_Laravel\\MTB_Booking_System\\resources\\views\" directory does not exist. in C:\\xampp\\htdocs\\laravel\\MTB_HMS_Booking_System\\vendor\\symfony\\finder\\Finder.php:646
Stack trace:
#0 C:\\xampp\\htdocs\\laravel\\MTB_HMS_Booking_System\\vendor\\laravel\\framework\\src\\Illuminate\\Filesystem\\Filesystem.php(584): Symfony\\Component\\Finder\\Finder->in('C:\\\\xampp\\\\htdocs...')
#1 Command line code(1): Illuminate\\Filesystem\\Filesystem->files('C:\\\\xampp\\\\htdocs...')
#2 Command line code(1): getViews('C:\\\\xampp\\\\htdocs...', Object(Illuminate\\Filesystem\\Filesystem))
#3 {main}
  thrown at C:\\xampp\\htdocs\\laravel\\MTB_HMS_Booking_System\\vendor\\symfony\\finder\\Finder.php:646)
[stacktrace]
#0 {main}
"} 
[2025-04-21 12:40:08] local.ERROR: Uncaught Symfony\Component\Finder\Exception\DirectoryNotFoundException: The "C:\xampp\htdocs\laravel\MTB_HMS_Booking_System\MTB_Laravel\MTB_Booking_System\resources\views" directory does not exist. in C:\xampp\htdocs\laravel\MTB_HMS_Booking_System\vendor\symfony\finder\Finder.php:646
Stack trace:
#0 C:\xampp\htdocs\laravel\MTB_HMS_Booking_System\vendor\laravel\framework\src\Illuminate\Filesystem\Filesystem.php(584): Symfony\Component\Finder\Finder->in('C:\\xampp\\htdocs...')
#1 Command line code(1): Illuminate\Filesystem\Filesystem->files('C:\\xampp\\htdocs...')
#2 Command line code(1): getViews('C:\\xampp\\htdocs...', Object(Illuminate\Filesystem\Filesystem))
#3 {main}
  thrown {"exception":"[object] (Symfony\\Component\\ErrorHandler\\Error\\FatalError(code: 0): Uncaught Symfony\\Component\\Finder\\Exception\\DirectoryNotFoundException: The \"C:\\xampp\\htdocs\\laravel\\MTB_HMS_Booking_System\\MTB_Laravel\\MTB_Booking_System\\resources\\views\" directory does not exist. in C:\\xampp\\htdocs\\laravel\\MTB_HMS_Booking_System\\vendor\\symfony\\finder\\Finder.php:646
Stack trace:
#0 C:\\xampp\\htdocs\\laravel\\MTB_HMS_Booking_System\\vendor\\laravel\\framework\\src\\Illuminate\\Filesystem\\Filesystem.php(584): Symfony\\Component\\Finder\\Finder->in('C:\\\\xampp\\\\htdocs...')
#1 Command line code(1): Illuminate\\Filesystem\\Filesystem->files('C:\\\\xampp\\\\htdocs...')
#2 Command line code(1): getViews('C:\\\\xampp\\\\htdocs...', Object(Illuminate\\Filesystem\\Filesystem))
#3 {main}
  thrown at C:\\xampp\\htdocs\\laravel\\MTB_HMS_Booking_System\\vendor\\symfony\\finder\\Finder.php:646)
[stacktrace]
#0 {main}
"} 
[2025-04-21 12:40:10] local.ERROR: Uncaught Symfony\Component\Finder\Exception\DirectoryNotFoundException: The "C:\xampp\htdocs\laravel\MTB_HMS_Booking_System\MTB_Laravel\MTB_Booking_System\resources\views" directory does not exist. in C:\xampp\htdocs\laravel\MTB_HMS_Booking_System\vendor\symfony\finder\Finder.php:646
Stack trace:
#0 C:\xampp\htdocs\laravel\MTB_HMS_Booking_System\vendor\laravel\framework\src\Illuminate\Filesystem\Filesystem.php(584): Symfony\Component\Finder\Finder->in('C:\\xampp\\htdocs...')
#1 Command line code(1): Illuminate\Filesystem\Filesystem->files('C:\\xampp\\htdocs...')
#2 Command line code(1): getViews('C:\\xampp\\htdocs...', Object(Illuminate\Filesystem\Filesystem))
#3 {main}
  thrown {"exception":"[object] (Symfony\\Component\\ErrorHandler\\Error\\FatalError(code: 0): Uncaught Symfony\\Component\\Finder\\Exception\\DirectoryNotFoundException: The \"C:\\xampp\\htdocs\\laravel\\MTB_HMS_Booking_System\\MTB_Laravel\\MTB_Booking_System\\resources\\views\" directory does not exist. in C:\\xampp\\htdocs\\laravel\\MTB_HMS_Booking_System\\vendor\\symfony\\finder\\Finder.php:646
Stack trace:
#0 C:\\xampp\\htdocs\\laravel\\MTB_HMS_Booking_System\\vendor\\laravel\\framework\\src\\Illuminate\\Filesystem\\Filesystem.php(584): Symfony\\Component\\Finder\\Finder->in('C:\\\\xampp\\\\htdocs...')
#1 Command line code(1): Illuminate\\Filesystem\\Filesystem->files('C:\\\\xampp\\\\htdocs...')
#2 Command line code(1): getViews('C:\\\\xampp\\\\htdocs...', Object(Illuminate\\Filesystem\\Filesystem))
#3 {main}
  thrown at C:\\xampp\\htdocs\\laravel\\MTB_HMS_Booking_System\\vendor\\symfony\\finder\\Finder.php:646)
[stacktrace]
#0 {main}
"} 
[2025-04-21 12:40:12] local.ERROR: Uncaught Symfony\Component\Finder\Exception\DirectoryNotFoundException: The "C:\xampp\htdocs\laravel\MTB_HMS_Booking_System\MTB_Laravel\MTB_Booking_System\resources\views" directory does not exist. in C:\xampp\htdocs\laravel\MTB_HMS_Booking_System\vendor\symfony\finder\Finder.php:646
Stack trace:
#0 C:\xampp\htdocs\laravel\MTB_HMS_Booking_System\vendor\laravel\framework\src\Illuminate\Filesystem\Filesystem.php(584): Symfony\Component\Finder\Finder->in('C:\\xampp\\htdocs...')
#1 Command line code(1): Illuminate\Filesystem\Filesystem->files('C:\\xampp\\htdocs...')
#2 Command line code(1): getViews('C:\\xampp\\htdocs...', Object(Illuminate\Filesystem\Filesystem))
#3 {main}
  thrown {"exception":"[object] (Symfony\\Component\\ErrorHandler\\Error\\FatalError(code: 0): Uncaught Symfony\\Component\\Finder\\Exception\\DirectoryNotFoundException: The \"C:\\xampp\\htdocs\\laravel\\MTB_HMS_Booking_System\\MTB_Laravel\\MTB_Booking_System\\resources\\views\" directory does not exist. in C:\\xampp\\htdocs\\laravel\\MTB_HMS_Booking_System\\vendor\\symfony\\finder\\Finder.php:646
Stack trace:
#0 C:\\xampp\\htdocs\\laravel\\MTB_HMS_Booking_System\\vendor\\laravel\\framework\\src\\Illuminate\\Filesystem\\Filesystem.php(584): Symfony\\Component\\Finder\\Finder->in('C:\\\\xampp\\\\htdocs...')
#1 Command line code(1): Illuminate\\Filesystem\\Filesystem->files('C:\\\\xampp\\\\htdocs...')
#2 Command line code(1): getViews('C:\\\\xampp\\\\htdocs...', Object(Illuminate\\Filesystem\\Filesystem))
#3 {main}
  thrown at C:\\xampp\\htdocs\\laravel\\MTB_HMS_Booking_System\\vendor\\symfony\\finder\\Finder.php:646)
[stacktrace]
#0 {main}
"} 
[2025-04-21 12:40:13] local.ERROR: Uncaught Symfony\Component\Finder\Exception\DirectoryNotFoundException: The "C:\xampp\htdocs\laravel\MTB_HMS_Booking_System\MTB_Laravel\MTB_Booking_System\resources\views" directory does not exist. in C:\xampp\htdocs\laravel\MTB_HMS_Booking_System\vendor\symfony\finder\Finder.php:646
Stack trace:
#0 C:\xampp\htdocs\laravel\MTB_HMS_Booking_System\vendor\laravel\framework\src\Illuminate\Filesystem\Filesystem.php(584): Symfony\Component\Finder\Finder->in('C:\\xampp\\htdocs...')
#1 Command line code(1): Illuminate\Filesystem\Filesystem->files('C:\\xampp\\htdocs...')
#2 Command line code(1): getViews('C:\\xampp\\htdocs...', Object(Illuminate\Filesystem\Filesystem))
#3 {main}
  thrown {"exception":"[object] (Symfony\\Component\\ErrorHandler\\Error\\FatalError(code: 0): Uncaught Symfony\\Component\\Finder\\Exception\\DirectoryNotFoundException: The \"C:\\xampp\\htdocs\\laravel\\MTB_HMS_Booking_System\\MTB_Laravel\\MTB_Booking_System\\resources\\views\" directory does not exist. in C:\\xampp\\htdocs\\laravel\\MTB_HMS_Booking_System\\vendor\\symfony\\finder\\Finder.php:646
Stack trace:
#0 C:\\xampp\\htdocs\\laravel\\MTB_HMS_Booking_System\\vendor\\laravel\\framework\\src\\Illuminate\\Filesystem\\Filesystem.php(584): Symfony\\Component\\Finder\\Finder->in('C:\\\\xampp\\\\htdocs...')
#1 Command line code(1): Illuminate\\Filesystem\\Filesystem->files('C:\\\\xampp\\\\htdocs...')
#2 Command line code(1): getViews('C:\\\\xampp\\\\htdocs...', Object(Illuminate\\Filesystem\\Filesystem))
#3 {main}
  thrown at C:\\xampp\\htdocs\\laravel\\MTB_HMS_Booking_System\\vendor\\symfony\\finder\\Finder.php:646)
[stacktrace]
#0 {main}
"} 
[2025-04-21 12:40:15] local.ERROR: Uncaught Symfony\Component\Finder\Exception\DirectoryNotFoundException: The "C:\xampp\htdocs\laravel\MTB_HMS_Booking_System\MTB_Laravel\MTB_Booking_System\resources\views" directory does not exist. in C:\xampp\htdocs\laravel\MTB_HMS_Booking_System\vendor\symfony\finder\Finder.php:646
Stack trace:
#0 C:\xampp\htdocs\laravel\MTB_HMS_Booking_System\vendor\laravel\framework\src\Illuminate\Filesystem\Filesystem.php(584): Symfony\Component\Finder\Finder->in('C:\\xampp\\htdocs...')
#1 Command line code(1): Illuminate\Filesystem\Filesystem->files('C:\\xampp\\htdocs...')
#2 Command line code(1): getViews('C:\\xampp\\htdocs...', Object(Illuminate\Filesystem\Filesystem))
#3 {main}
  thrown {"exception":"[object] (Symfony\\Component\\ErrorHandler\\Error\\FatalError(code: 0): Uncaught Symfony\\Component\\Finder\\Exception\\DirectoryNotFoundException: The \"C:\\xampp\\htdocs\\laravel\\MTB_HMS_Booking_System\\MTB_Laravel\\MTB_Booking_System\\resources\\views\" directory does not exist. in C:\\xampp\\htdocs\\laravel\\MTB_HMS_Booking_System\\vendor\\symfony\\finder\\Finder.php:646
Stack trace:
#0 C:\\xampp\\htdocs\\laravel\\MTB_HMS_Booking_System\\vendor\\laravel\\framework\\src\\Illuminate\\Filesystem\\Filesystem.php(584): Symfony\\Component\\Finder\\Finder->in('C:\\\\xampp\\\\htdocs...')
#1 Command line code(1): Illuminate\\Filesystem\\Filesystem->files('C:\\\\xampp\\\\htdocs...')
#2 Command line code(1): getViews('C:\\\\xampp\\\\htdocs...', Object(Illuminate\\Filesystem\\Filesystem))
#3 {main}
  thrown at C:\\xampp\\htdocs\\laravel\\MTB_HMS_Booking_System\\vendor\\symfony\\finder\\Finder.php:646)
[stacktrace]
#0 {main}
"} 
[2025-04-21 12:40:17] local.ERROR: Uncaught Symfony\Component\Finder\Exception\DirectoryNotFoundException: The "C:\xampp\htdocs\laravel\MTB_HMS_Booking_System\MTB_Laravel\MTB_Booking_System\resources\views" directory does not exist. in C:\xampp\htdocs\laravel\MTB_HMS_Booking_System\vendor\symfony\finder\Finder.php:646
Stack trace:
#0 C:\xampp\htdocs\laravel\MTB_HMS_Booking_System\vendor\laravel\framework\src\Illuminate\Filesystem\Filesystem.php(584): Symfony\Component\Finder\Finder->in('C:\\xampp\\htdocs...')
#1 Command line code(1): Illuminate\Filesystem\Filesystem->files('C:\\xampp\\htdocs...')
#2 Command line code(1): getViews('C:\\xampp\\htdocs...', Object(Illuminate\Filesystem\Filesystem))
#3 {main}
  thrown {"exception":"[object] (Symfony\\Component\\ErrorHandler\\Error\\FatalError(code: 0): Uncaught Symfony\\Component\\Finder\\Exception\\DirectoryNotFoundException: The \"C:\\xampp\\htdocs\\laravel\\MTB_HMS_Booking_System\\MTB_Laravel\\MTB_Booking_System\\resources\\views\" directory does not exist. in C:\\xampp\\htdocs\\laravel\\MTB_HMS_Booking_System\\vendor\\symfony\\finder\\Finder.php:646
Stack trace:
#0 C:\\xampp\\htdocs\\laravel\\MTB_HMS_Booking_System\\vendor\\laravel\\framework\\src\\Illuminate\\Filesystem\\Filesystem.php(584): Symfony\\Component\\Finder\\Finder->in('C:\\\\xampp\\\\htdocs...')
#1 Command line code(1): Illuminate\\Filesystem\\Filesystem->files('C:\\\\xampp\\\\htdocs...')
#2 Command line code(1): getViews('C:\\\\xampp\\\\htdocs...', Object(Illuminate\\Filesystem\\Filesystem))
#3 {main}
  thrown at C:\\xampp\\htdocs\\laravel\\MTB_HMS_Booking_System\\vendor\\symfony\\finder\\Finder.php:646)
[stacktrace]
#0 {main}
"} 
[2025-04-21 12:40:19] local.ERROR: Uncaught Symfony\Component\Finder\Exception\DirectoryNotFoundException: The "C:\xampp\htdocs\laravel\MTB_HMS_Booking_System\MTB_Laravel\MTB_Booking_System\resources\views" directory does not exist. in C:\xampp\htdocs\laravel\MTB_HMS_Booking_System\vendor\symfony\finder\Finder.php:646
Stack trace:
#0 C:\xampp\htdocs\laravel\MTB_HMS_Booking_System\vendor\laravel\framework\src\Illuminate\Filesystem\Filesystem.php(584): Symfony\Component\Finder\Finder->in('C:\\xampp\\htdocs...')
#1 Command line code(1): Illuminate\Filesystem\Filesystem->files('C:\\xampp\\htdocs...')
#2 Command line code(1): getViews('C:\\xampp\\htdocs...', Object(Illuminate\Filesystem\Filesystem))
#3 {main}
  thrown {"exception":"[object] (Symfony\\Component\\ErrorHandler\\Error\\FatalError(code: 0): Uncaught Symfony\\Component\\Finder\\Exception\\DirectoryNotFoundException: The \"C:\\xampp\\htdocs\\laravel\\MTB_HMS_Booking_System\\MTB_Laravel\\MTB_Booking_System\\resources\\views\" directory does not exist. in C:\\xampp\\htdocs\\laravel\\MTB_HMS_Booking_System\\vendor\\symfony\\finder\\Finder.php:646
Stack trace:
#0 C:\\xampp\\htdocs\\laravel\\MTB_HMS_Booking_System\\vendor\\laravel\\framework\\src\\Illuminate\\Filesystem\\Filesystem.php(584): Symfony\\Component\\Finder\\Finder->in('C:\\\\xampp\\\\htdocs...')
#1 Command line code(1): Illuminate\\Filesystem\\Filesystem->files('C:\\\\xampp\\\\htdocs...')
#2 Command line code(1): getViews('C:\\\\xampp\\\\htdocs...', Object(Illuminate\\Filesystem\\Filesystem))
#3 {main}
  thrown at C:\\xampp\\htdocs\\laravel\\MTB_HMS_Booking_System\\vendor\\symfony\\finder\\Finder.php:646)
[stacktrace]
#0 {main}
"} 
[2025-04-21 12:40:22] local.ERROR: Uncaught Symfony\Component\Finder\Exception\DirectoryNotFoundException: The "C:\xampp\htdocs\laravel\MTB_HMS_Booking_System\MTB_Laravel\MTB_Booking_System\resources\views" directory does not exist. in C:\xampp\htdocs\laravel\MTB_HMS_Booking_System\vendor\symfony\finder\Finder.php:646
Stack trace:
#0 C:\xampp\htdocs\laravel\MTB_HMS_Booking_System\vendor\laravel\framework\src\Illuminate\Filesystem\Filesystem.php(584): Symfony\Component\Finder\Finder->in('C:\\xampp\\htdocs...')
#1 Command line code(1): Illuminate\Filesystem\Filesystem->files('C:\\xampp\\htdocs...')
#2 Command line code(1): getViews('C:\\xampp\\htdocs...', Object(Illuminate\Filesystem\Filesystem))
#3 {main}
  thrown {"exception":"[object] (Symfony\\Component\\ErrorHandler\\Error\\FatalError(code: 0): Uncaught Symfony\\Component\\Finder\\Exception\\DirectoryNotFoundException: The \"C:\\xampp\\htdocs\\laravel\\MTB_HMS_Booking_System\\MTB_Laravel\\MTB_Booking_System\\resources\\views\" directory does not exist. in C:\\xampp\\htdocs\\laravel\\MTB_HMS_Booking_System\\vendor\\symfony\\finder\\Finder.php:646
Stack trace:
#0 C:\\xampp\\htdocs\\laravel\\MTB_HMS_Booking_System\\vendor\\laravel\\framework\\src\\Illuminate\\Filesystem\\Filesystem.php(584): Symfony\\Component\\Finder\\Finder->in('C:\\\\xampp\\\\htdocs...')
#1 Command line code(1): Illuminate\\Filesystem\\Filesystem->files('C:\\\\xampp\\\\htdocs...')
#2 Command line code(1): getViews('C:\\\\xampp\\\\htdocs...', Object(Illuminate\\Filesystem\\Filesystem))
#3 {main}
  thrown at C:\\xampp\\htdocs\\laravel\\MTB_HMS_Booking_System\\vendor\\symfony\\finder\\Finder.php:646)
[stacktrace]
#0 {main}
"} 
[2025-04-21 12:40:23] local.ERROR: Uncaught Symfony\Component\Finder\Exception\DirectoryNotFoundException: The "C:\xampp\htdocs\laravel\MTB_HMS_Booking_System\MTB_Laravel\MTB_Booking_System\resources\views" directory does not exist. in C:\xampp\htdocs\laravel\MTB_HMS_Booking_System\vendor\symfony\finder\Finder.php:646
Stack trace:
#0 C:\xampp\htdocs\laravel\MTB_HMS_Booking_System\vendor\laravel\framework\src\Illuminate\Filesystem\Filesystem.php(584): Symfony\Component\Finder\Finder->in('C:\\xampp\\htdocs...')
#1 Command line code(1): Illuminate\Filesystem\Filesystem->files('C:\\xampp\\htdocs...')
#2 Command line code(1): getViews('C:\\xampp\\htdocs...', Object(Illuminate\Filesystem\Filesystem))
#3 {main}
  thrown {"exception":"[object] (Symfony\\Component\\ErrorHandler\\Error\\FatalError(code: 0): Uncaught Symfony\\Component\\Finder\\Exception\\DirectoryNotFoundException: The \"C:\\xampp\\htdocs\\laravel\\MTB_HMS_Booking_System\\MTB_Laravel\\MTB_Booking_System\\resources\\views\" directory does not exist. in C:\\xampp\\htdocs\\laravel\\MTB_HMS_Booking_System\\vendor\\symfony\\finder\\Finder.php:646
Stack trace:
#0 C:\\xampp\\htdocs\\laravel\\MTB_HMS_Booking_System\\vendor\\laravel\\framework\\src\\Illuminate\\Filesystem\\Filesystem.php(584): Symfony\\Component\\Finder\\Finder->in('C:\\\\xampp\\\\htdocs...')
#1 Command line code(1): Illuminate\\Filesystem\\Filesystem->files('C:\\\\xampp\\\\htdocs...')
#2 Command line code(1): getViews('C:\\\\xampp\\\\htdocs...', Object(Illuminate\\Filesystem\\Filesystem))
#3 {main}
  thrown at C:\\xampp\\htdocs\\laravel\\MTB_HMS_Booking_System\\vendor\\symfony\\finder\\Finder.php:646)
[stacktrace]
#0 {main}
"} 
[2025-04-21 12:40:25] local.ERROR: Uncaught Symfony\Component\Finder\Exception\DirectoryNotFoundException: The "C:\xampp\htdocs\laravel\MTB_HMS_Booking_System\MTB_Laravel\MTB_Booking_System\resources\views" directory does not exist. in C:\xampp\htdocs\laravel\MTB_HMS_Booking_System\vendor\symfony\finder\Finder.php:646
Stack trace:
#0 C:\xampp\htdocs\laravel\MTB_HMS_Booking_System\vendor\laravel\framework\src\Illuminate\Filesystem\Filesystem.php(584): Symfony\Component\Finder\Finder->in('C:\\xampp\\htdocs...')
#1 Command line code(1): Illuminate\Filesystem\Filesystem->files('C:\\xampp\\htdocs...')
#2 Command line code(1): getViews('C:\\xampp\\htdocs...', Object(Illuminate\Filesystem\Filesystem))
#3 {main}
  thrown {"exception":"[object] (Symfony\\Component\\ErrorHandler\\Error\\FatalError(code: 0): Uncaught Symfony\\Component\\Finder\\Exception\\DirectoryNotFoundException: The \"C:\\xampp\\htdocs\\laravel\\MTB_HMS_Booking_System\\MTB_Laravel\\MTB_Booking_System\\resources\\views\" directory does not exist. in C:\\xampp\\htdocs\\laravel\\MTB_HMS_Booking_System\\vendor\\symfony\\finder\\Finder.php:646
Stack trace:
#0 C:\\xampp\\htdocs\\laravel\\MTB_HMS_Booking_System\\vendor\\laravel\\framework\\src\\Illuminate\\Filesystem\\Filesystem.php(584): Symfony\\Component\\Finder\\Finder->in('C:\\\\xampp\\\\htdocs...')
#1 Command line code(1): Illuminate\\Filesystem\\Filesystem->files('C:\\\\xampp\\\\htdocs...')
#2 Command line code(1): getViews('C:\\\\xampp\\\\htdocs...', Object(Illuminate\\Filesystem\\Filesystem))
#3 {main}
  thrown at C:\\xampp\\htdocs\\laravel\\MTB_HMS_Booking_System\\vendor\\symfony\\finder\\Finder.php:646)
[stacktrace]
#0 {main}
"} 
[2025-04-21 12:40:27] local.ERROR: Uncaught Symfony\Component\Finder\Exception\DirectoryNotFoundException: The "C:\xampp\htdocs\laravel\MTB_HMS_Booking_System\MTB_Laravel\MTB_Booking_System\resources\views" directory does not exist. in C:\xampp\htdocs\laravel\MTB_HMS_Booking_System\vendor\symfony\finder\Finder.php:646
Stack trace:
#0 C:\xampp\htdocs\laravel\MTB_HMS_Booking_System\vendor\laravel\framework\src\Illuminate\Filesystem\Filesystem.php(584): Symfony\Component\Finder\Finder->in('C:\\xampp\\htdocs...')
#1 Command line code(1): Illuminate\Filesystem\Filesystem->files('C:\\xampp\\htdocs...')
#2 Command line code(1): getViews('C:\\xampp\\htdocs...', Object(Illuminate\Filesystem\Filesystem))
#3 {main}
  thrown {"exception":"[object] (Symfony\\Component\\ErrorHandler\\Error\\FatalError(code: 0): Uncaught Symfony\\Component\\Finder\\Exception\\DirectoryNotFoundException: The \"C:\\xampp\\htdocs\\laravel\\MTB_HMS_Booking_System\\MTB_Laravel\\MTB_Booking_System\\resources\\views\" directory does not exist. in C:\\xampp\\htdocs\\laravel\\MTB_HMS_Booking_System\\vendor\\symfony\\finder\\Finder.php:646
Stack trace:
#0 C:\\xampp\\htdocs\\laravel\\MTB_HMS_Booking_System\\vendor\\laravel\\framework\\src\\Illuminate\\Filesystem\\Filesystem.php(584): Symfony\\Component\\Finder\\Finder->in('C:\\\\xampp\\\\htdocs...')
#1 Command line code(1): Illuminate\\Filesystem\\Filesystem->files('C:\\\\xampp\\\\htdocs...')
#2 Command line code(1): getViews('C:\\\\xampp\\\\htdocs...', Object(Illuminate\\Filesystem\\Filesystem))
#3 {main}
  thrown at C:\\xampp\\htdocs\\laravel\\MTB_HMS_Booking_System\\vendor\\symfony\\finder\\Finder.php:646)
[stacktrace]
#0 {main}
"} 
[2025-04-21 12:40:29] local.ERROR: Uncaught Symfony\Component\Finder\Exception\DirectoryNotFoundException: The "C:\xampp\htdocs\laravel\MTB_HMS_Booking_System\MTB_Laravel\MTB_Booking_System\resources\views" directory does not exist. in C:\xampp\htdocs\laravel\MTB_HMS_Booking_System\vendor\symfony\finder\Finder.php:646
Stack trace:
#0 C:\xampp\htdocs\laravel\MTB_HMS_Booking_System\vendor\laravel\framework\src\Illuminate\Filesystem\Filesystem.php(584): Symfony\Component\Finder\Finder->in('C:\\xampp\\htdocs...')
#1 Command line code(1): Illuminate\Filesystem\Filesystem->files('C:\\xampp\\htdocs...')
#2 Command line code(1): getViews('C:\\xampp\\htdocs...', Object(Illuminate\Filesystem\Filesystem))
#3 {main}
  thrown {"exception":"[object] (Symfony\\Component\\ErrorHandler\\Error\\FatalError(code: 0): Uncaught Symfony\\Component\\Finder\\Exception\\DirectoryNotFoundException: The \"C:\\xampp\\htdocs\\laravel\\MTB_HMS_Booking_System\\MTB_Laravel\\MTB_Booking_System\\resources\\views\" directory does not exist. in C:\\xampp\\htdocs\\laravel\\MTB_HMS_Booking_System\\vendor\\symfony\\finder\\Finder.php:646
Stack trace:
#0 C:\\xampp\\htdocs\\laravel\\MTB_HMS_Booking_System\\vendor\\laravel\\framework\\src\\Illuminate\\Filesystem\\Filesystem.php(584): Symfony\\Component\\Finder\\Finder->in('C:\\\\xampp\\\\htdocs...')
#1 Command line code(1): Illuminate\\Filesystem\\Filesystem->files('C:\\\\xampp\\\\htdocs...')
#2 Command line code(1): getViews('C:\\\\xampp\\\\htdocs...', Object(Illuminate\\Filesystem\\Filesystem))
#3 {main}
  thrown at C:\\xampp\\htdocs\\laravel\\MTB_HMS_Booking_System\\vendor\\symfony\\finder\\Finder.php:646)
[stacktrace]
#0 {main}
"} 
[2025-04-21 12:40:30] local.ERROR: Uncaught Symfony\Component\Finder\Exception\DirectoryNotFoundException: The "C:\xampp\htdocs\laravel\MTB_HMS_Booking_System\MTB_Laravel\MTB_Booking_System\resources\views" directory does not exist. in C:\xampp\htdocs\laravel\MTB_HMS_Booking_System\vendor\symfony\finder\Finder.php:646
Stack trace:
#0 C:\xampp\htdocs\laravel\MTB_HMS_Booking_System\vendor\laravel\framework\src\Illuminate\Filesystem\Filesystem.php(584): Symfony\Component\Finder\Finder->in('C:\\xampp\\htdocs...')
#1 Command line code(1): Illuminate\Filesystem\Filesystem->files('C:\\xampp\\htdocs...')
#2 Command line code(1): getViews('C:\\xampp\\htdocs...', Object(Illuminate\Filesystem\Filesystem))
#3 {main}
  thrown {"exception":"[object] (Symfony\\Component\\ErrorHandler\\Error\\FatalError(code: 0): Uncaught Symfony\\Component\\Finder\\Exception\\DirectoryNotFoundException: The \"C:\\xampp\\htdocs\\laravel\\MTB_HMS_Booking_System\\MTB_Laravel\\MTB_Booking_System\\resources\\views\" directory does not exist. in C:\\xampp\\htdocs\\laravel\\MTB_HMS_Booking_System\\vendor\\symfony\\finder\\Finder.php:646
Stack trace:
#0 C:\\xampp\\htdocs\\laravel\\MTB_HMS_Booking_System\\vendor\\laravel\\framework\\src\\Illuminate\\Filesystem\\Filesystem.php(584): Symfony\\Component\\Finder\\Finder->in('C:\\\\xampp\\\\htdocs...')
#1 Command line code(1): Illuminate\\Filesystem\\Filesystem->files('C:\\\\xampp\\\\htdocs...')
#2 Command line code(1): getViews('C:\\\\xampp\\\\htdocs...', Object(Illuminate\\Filesystem\\Filesystem))
#3 {main}
  thrown at C:\\xampp\\htdocs\\laravel\\MTB_HMS_Booking_System\\vendor\\symfony\\finder\\Finder.php:646)
[stacktrace]
#0 {main}
"} 
[2025-04-21 12:40:32] local.ERROR: Uncaught Symfony\Component\Finder\Exception\DirectoryNotFoundException: The "C:\xampp\htdocs\laravel\MTB_HMS_Booking_System\MTB_Laravel\MTB_Booking_System\resources\views" directory does not exist. in C:\xampp\htdocs\laravel\MTB_HMS_Booking_System\vendor\symfony\finder\Finder.php:646
Stack trace:
#0 C:\xampp\htdocs\laravel\MTB_HMS_Booking_System\vendor\laravel\framework\src\Illuminate\Filesystem\Filesystem.php(584): Symfony\Component\Finder\Finder->in('C:\\xampp\\htdocs...')
#1 Command line code(1): Illuminate\Filesystem\Filesystem->files('C:\\xampp\\htdocs...')
#2 Command line code(1): getViews('C:\\xampp\\htdocs...', Object(Illuminate\Filesystem\Filesystem))
#3 {main}
  thrown {"exception":"[object] (Symfony\\Component\\ErrorHandler\\Error\\FatalError(code: 0): Uncaught Symfony\\Component\\Finder\\Exception\\DirectoryNotFoundException: The \"C:\\xampp\\htdocs\\laravel\\MTB_HMS_Booking_System\\MTB_Laravel\\MTB_Booking_System\\resources\\views\" directory does not exist. in C:\\xampp\\htdocs\\laravel\\MTB_HMS_Booking_System\\vendor\\symfony\\finder\\Finder.php:646
Stack trace:
#0 C:\\xampp\\htdocs\\laravel\\MTB_HMS_Booking_System\\vendor\\laravel\\framework\\src\\Illuminate\\Filesystem\\Filesystem.php(584): Symfony\\Component\\Finder\\Finder->in('C:\\\\xampp\\\\htdocs...')
#1 Command line code(1): Illuminate\\Filesystem\\Filesystem->files('C:\\\\xampp\\\\htdocs...')
#2 Command line code(1): getViews('C:\\\\xampp\\\\htdocs...', Object(Illuminate\\Filesystem\\Filesystem))
#3 {main}
  thrown at C:\\xampp\\htdocs\\laravel\\MTB_HMS_Booking_System\\vendor\\symfony\\finder\\Finder.php:646)
[stacktrace]
#0 {main}
"} 
[2025-04-21 12:40:33] local.ERROR: Uncaught Symfony\Component\Finder\Exception\DirectoryNotFoundException: The "C:\xampp\htdocs\laravel\MTB_HMS_Booking_System\MTB_Laravel\MTB_Booking_System\resources\views" directory does not exist. in C:\xampp\htdocs\laravel\MTB_HMS_Booking_System\vendor\symfony\finder\Finder.php:646
Stack trace:
#0 C:\xampp\htdocs\laravel\MTB_HMS_Booking_System\vendor\laravel\framework\src\Illuminate\Filesystem\Filesystem.php(584): Symfony\Component\Finder\Finder->in('C:\\xampp\\htdocs...')
#1 Command line code(1): Illuminate\Filesystem\Filesystem->files('C:\\xampp\\htdocs...')
#2 Command line code(1): getViews('C:\\xampp\\htdocs...', Object(Illuminate\Filesystem\Filesystem))
#3 {main}
  thrown {"exception":"[object] (Symfony\\Component\\ErrorHandler\\Error\\FatalError(code: 0): Uncaught Symfony\\Component\\Finder\\Exception\\DirectoryNotFoundException: The \"C:\\xampp\\htdocs\\laravel\\MTB_HMS_Booking_System\\MTB_Laravel\\MTB_Booking_System\\resources\\views\" directory does not exist. in C:\\xampp\\htdocs\\laravel\\MTB_HMS_Booking_System\\vendor\\symfony\\finder\\Finder.php:646
Stack trace:
#0 C:\\xampp\\htdocs\\laravel\\MTB_HMS_Booking_System\\vendor\\laravel\\framework\\src\\Illuminate\\Filesystem\\Filesystem.php(584): Symfony\\Component\\Finder\\Finder->in('C:\\\\xampp\\\\htdocs...')
#1 Command line code(1): Illuminate\\Filesystem\\Filesystem->files('C:\\\\xampp\\\\htdocs...')
#2 Command line code(1): getViews('C:\\\\xampp\\\\htdocs...', Object(Illuminate\\Filesystem\\Filesystem))
#3 {main}
  thrown at C:\\xampp\\htdocs\\laravel\\MTB_HMS_Booking_System\\vendor\\symfony\\finder\\Finder.php:646)
[stacktrace]
#0 {main}
"} 
[2025-04-21 12:40:35] local.ERROR: Uncaught Symfony\Component\Finder\Exception\DirectoryNotFoundException: The "C:\xampp\htdocs\laravel\MTB_HMS_Booking_System\MTB_Laravel\MTB_Booking_System\resources\views" directory does not exist. in C:\xampp\htdocs\laravel\MTB_HMS_Booking_System\vendor\symfony\finder\Finder.php:646
Stack trace:
#0 C:\xampp\htdocs\laravel\MTB_HMS_Booking_System\vendor\laravel\framework\src\Illuminate\Filesystem\Filesystem.php(584): Symfony\Component\Finder\Finder->in('C:\\xampp\\htdocs...')
#1 Command line code(1): Illuminate\Filesystem\Filesystem->files('C:\\xampp\\htdocs...')
#2 Command line code(1): getViews('C:\\xampp\\htdocs...', Object(Illuminate\Filesystem\Filesystem))
#3 {main}
  thrown {"exception":"[object] (Symfony\\Component\\ErrorHandler\\Error\\FatalError(code: 0): Uncaught Symfony\\Component\\Finder\\Exception\\DirectoryNotFoundException: The \"C:\\xampp\\htdocs\\laravel\\MTB_HMS_Booking_System\\MTB_Laravel\\MTB_Booking_System\\resources\\views\" directory does not exist. in C:\\xampp\\htdocs\\laravel\\MTB_HMS_Booking_System\\vendor\\symfony\\finder\\Finder.php:646
Stack trace:
#0 C:\\xampp\\htdocs\\laravel\\MTB_HMS_Booking_System\\vendor\\laravel\\framework\\src\\Illuminate\\Filesystem\\Filesystem.php(584): Symfony\\Component\\Finder\\Finder->in('C:\\\\xampp\\\\htdocs...')
#1 Command line code(1): Illuminate\\Filesystem\\Filesystem->files('C:\\\\xampp\\\\htdocs...')
#2 Command line code(1): getViews('C:\\\\xampp\\\\htdocs...', Object(Illuminate\\Filesystem\\Filesystem))
#3 {main}
  thrown at C:\\xampp\\htdocs\\laravel\\MTB_HMS_Booking_System\\vendor\\symfony\\finder\\Finder.php:646)
[stacktrace]
#0 {main}
"} 
[2025-04-21 12:40:37] local.ERROR: Uncaught Symfony\Component\Finder\Exception\DirectoryNotFoundException: The "C:\xampp\htdocs\laravel\MTB_HMS_Booking_System\MTB_Laravel\MTB_Booking_System\resources\views" directory does not exist. in C:\xampp\htdocs\laravel\MTB_HMS_Booking_System\vendor\symfony\finder\Finder.php:646
Stack trace:
#0 C:\xampp\htdocs\laravel\MTB_HMS_Booking_System\vendor\laravel\framework\src\Illuminate\Filesystem\Filesystem.php(584): Symfony\Component\Finder\Finder->in('C:\\xampp\\htdocs...')
#1 Command line code(1): Illuminate\Filesystem\Filesystem->files('C:\\xampp\\htdocs...')
#2 Command line code(1): getViews('C:\\xampp\\htdocs...', Object(Illuminate\Filesystem\Filesystem))
#3 {main}
  thrown {"exception":"[object] (Symfony\\Component\\ErrorHandler\\Error\\FatalError(code: 0): Uncaught Symfony\\Component\\Finder\\Exception\\DirectoryNotFoundException: The \"C:\\xampp\\htdocs\\laravel\\MTB_HMS_Booking_System\\MTB_Laravel\\MTB_Booking_System\\resources\\views\" directory does not exist. in C:\\xampp\\htdocs\\laravel\\MTB_HMS_Booking_System\\vendor\\symfony\\finder\\Finder.php:646
Stack trace:
#0 C:\\xampp\\htdocs\\laravel\\MTB_HMS_Booking_System\\vendor\\laravel\\framework\\src\\Illuminate\\Filesystem\\Filesystem.php(584): Symfony\\Component\\Finder\\Finder->in('C:\\\\xampp\\\\htdocs...')
#1 Command line code(1): Illuminate\\Filesystem\\Filesystem->files('C:\\\\xampp\\\\htdocs...')
#2 Command line code(1): getViews('C:\\\\xampp\\\\htdocs...', Object(Illuminate\\Filesystem\\Filesystem))
#3 {main}
  thrown at C:\\xampp\\htdocs\\laravel\\MTB_HMS_Booking_System\\vendor\\symfony\\finder\\Finder.php:646)
[stacktrace]
#0 {main}
"} 
[2025-04-21 12:40:38] local.ERROR: Uncaught Symfony\Component\Finder\Exception\DirectoryNotFoundException: The "C:\xampp\htdocs\laravel\MTB_HMS_Booking_System\MTB_Laravel\MTB_Booking_System\resources\views" directory does not exist. in C:\xampp\htdocs\laravel\MTB_HMS_Booking_System\vendor\symfony\finder\Finder.php:646
Stack trace:
#0 C:\xampp\htdocs\laravel\MTB_HMS_Booking_System\vendor\laravel\framework\src\Illuminate\Filesystem\Filesystem.php(584): Symfony\Component\Finder\Finder->in('C:\\xampp\\htdocs...')
#1 Command line code(1): Illuminate\Filesystem\Filesystem->files('C:\\xampp\\htdocs...')
#2 Command line code(1): getViews('C:\\xampp\\htdocs...', Object(Illuminate\Filesystem\Filesystem))
#3 {main}
  thrown {"exception":"[object] (Symfony\\Component\\ErrorHandler\\Error\\FatalError(code: 0): Uncaught Symfony\\Component\\Finder\\Exception\\DirectoryNotFoundException: The \"C:\\xampp\\htdocs\\laravel\\MTB_HMS_Booking_System\\MTB_Laravel\\MTB_Booking_System\\resources\\views\" directory does not exist. in C:\\xampp\\htdocs\\laravel\\MTB_HMS_Booking_System\\vendor\\symfony\\finder\\Finder.php:646
Stack trace:
#0 C:\\xampp\\htdocs\\laravel\\MTB_HMS_Booking_System\\vendor\\laravel\\framework\\src\\Illuminate\\Filesystem\\Filesystem.php(584): Symfony\\Component\\Finder\\Finder->in('C:\\\\xampp\\\\htdocs...')
#1 Command line code(1): Illuminate\\Filesystem\\Filesystem->files('C:\\\\xampp\\\\htdocs...')
#2 Command line code(1): getViews('C:\\\\xampp\\\\htdocs...', Object(Illuminate\\Filesystem\\Filesystem))
#3 {main}
  thrown at C:\\xampp\\htdocs\\laravel\\MTB_HMS_Booking_System\\vendor\\symfony\\finder\\Finder.php:646)
[stacktrace]
#0 {main}
"} 
[2025-04-21 12:40:40] local.ERROR: Uncaught Symfony\Component\Finder\Exception\DirectoryNotFoundException: The "C:\xampp\htdocs\laravel\MTB_HMS_Booking_System\MTB_Laravel\MTB_Booking_System\resources\views" directory does not exist. in C:\xampp\htdocs\laravel\MTB_HMS_Booking_System\vendor\symfony\finder\Finder.php:646
Stack trace:
#0 C:\xampp\htdocs\laravel\MTB_HMS_Booking_System\vendor\laravel\framework\src\Illuminate\Filesystem\Filesystem.php(584): Symfony\Component\Finder\Finder->in('C:\\xampp\\htdocs...')
#1 Command line code(1): Illuminate\Filesystem\Filesystem->files('C:\\xampp\\htdocs...')
#2 Command line code(1): getViews('C:\\xampp\\htdocs...', Object(Illuminate\Filesystem\Filesystem))
#3 {main}
  thrown {"exception":"[object] (Symfony\\Component\\ErrorHandler\\Error\\FatalError(code: 0): Uncaught Symfony\\Component\\Finder\\Exception\\DirectoryNotFoundException: The \"C:\\xampp\\htdocs\\laravel\\MTB_HMS_Booking_System\\MTB_Laravel\\MTB_Booking_System\\resources\\views\" directory does not exist. in C:\\xampp\\htdocs\\laravel\\MTB_HMS_Booking_System\\vendor\\symfony\\finder\\Finder.php:646
Stack trace:
#0 C:\\xampp\\htdocs\\laravel\\MTB_HMS_Booking_System\\vendor\\laravel\\framework\\src\\Illuminate\\Filesystem\\Filesystem.php(584): Symfony\\Component\\Finder\\Finder->in('C:\\\\xampp\\\\htdocs...')
#1 Command line code(1): Illuminate\\Filesystem\\Filesystem->files('C:\\\\xampp\\\\htdocs...')
#2 Command line code(1): getViews('C:\\\\xampp\\\\htdocs...', Object(Illuminate\\Filesystem\\Filesystem))
#3 {main}
  thrown at C:\\xampp\\htdocs\\laravel\\MTB_HMS_Booking_System\\vendor\\symfony\\finder\\Finder.php:646)
[stacktrace]
#0 {main}
"} 
[2025-04-21 12:40:42] local.ERROR: Uncaught Symfony\Component\Finder\Exception\DirectoryNotFoundException: The "C:\xampp\htdocs\laravel\MTB_HMS_Booking_System\MTB_Laravel\MTB_Booking_System\resources\views" directory does not exist. in C:\xampp\htdocs\laravel\MTB_HMS_Booking_System\vendor\symfony\finder\Finder.php:646
Stack trace:
#0 C:\xampp\htdocs\laravel\MTB_HMS_Booking_System\vendor\laravel\framework\src\Illuminate\Filesystem\Filesystem.php(584): Symfony\Component\Finder\Finder->in('C:\\xampp\\htdocs...')
#1 Command line code(1): Illuminate\Filesystem\Filesystem->files('C:\\xampp\\htdocs...')
#2 Command line code(1): getViews('C:\\xampp\\htdocs...', Object(Illuminate\Filesystem\Filesystem))
#3 {main}
  thrown {"exception":"[object] (Symfony\\Component\\ErrorHandler\\Error\\FatalError(code: 0): Uncaught Symfony\\Component\\Finder\\Exception\\DirectoryNotFoundException: The \"C:\\xampp\\htdocs\\laravel\\MTB_HMS_Booking_System\\MTB_Laravel\\MTB_Booking_System\\resources\\views\" directory does not exist. in C:\\xampp\\htdocs\\laravel\\MTB_HMS_Booking_System\\vendor\\symfony\\finder\\Finder.php:646
Stack trace:
#0 C:\\xampp\\htdocs\\laravel\\MTB_HMS_Booking_System\\vendor\\laravel\\framework\\src\\Illuminate\\Filesystem\\Filesystem.php(584): Symfony\\Component\\Finder\\Finder->in('C:\\\\xampp\\\\htdocs...')
#1 Command line code(1): Illuminate\\Filesystem\\Filesystem->files('C:\\\\xampp\\\\htdocs...')
#2 Command line code(1): getViews('C:\\\\xampp\\\\htdocs...', Object(Illuminate\\Filesystem\\Filesystem))
#3 {main}
  thrown at C:\\xampp\\htdocs\\laravel\\MTB_HMS_Booking_System\\vendor\\symfony\\finder\\Finder.php:646)
[stacktrace]
#0 {main}
"} 
[2025-04-21 12:40:43] local.ERROR: Uncaught Symfony\Component\Finder\Exception\DirectoryNotFoundException: The "C:\xampp\htdocs\laravel\MTB_HMS_Booking_System\MTB_Laravel\MTB_Booking_System\resources\views" directory does not exist. in C:\xampp\htdocs\laravel\MTB_HMS_Booking_System\vendor\symfony\finder\Finder.php:646
Stack trace:
#0 C:\xampp\htdocs\laravel\MTB_HMS_Booking_System\vendor\laravel\framework\src\Illuminate\Filesystem\Filesystem.php(584): Symfony\Component\Finder\Finder->in('C:\\xampp\\htdocs...')
#1 Command line code(1): Illuminate\Filesystem\Filesystem->files('C:\\xampp\\htdocs...')
#2 Command line code(1): getViews('C:\\xampp\\htdocs...', Object(Illuminate\Filesystem\Filesystem))
#3 {main}
  thrown {"exception":"[object] (Symfony\\Component\\ErrorHandler\\Error\\FatalError(code: 0): Uncaught Symfony\\Component\\Finder\\Exception\\DirectoryNotFoundException: The \"C:\\xampp\\htdocs\\laravel\\MTB_HMS_Booking_System\\MTB_Laravel\\MTB_Booking_System\\resources\\views\" directory does not exist. in C:\\xampp\\htdocs\\laravel\\MTB_HMS_Booking_System\\vendor\\symfony\\finder\\Finder.php:646
Stack trace:
#0 C:\\xampp\\htdocs\\laravel\\MTB_HMS_Booking_System\\vendor\\laravel\\framework\\src\\Illuminate\\Filesystem\\Filesystem.php(584): Symfony\\Component\\Finder\\Finder->in('C:\\\\xampp\\\\htdocs...')
#1 Command line code(1): Illuminate\\Filesystem\\Filesystem->files('C:\\\\xampp\\\\htdocs...')
#2 Command line code(1): getViews('C:\\\\xampp\\\\htdocs...', Object(Illuminate\\Filesystem\\Filesystem))
#3 {main}
  thrown at C:\\xampp\\htdocs\\laravel\\MTB_HMS_Booking_System\\vendor\\symfony\\finder\\Finder.php:646)
[stacktrace]
#0 {main}
"} 
[2025-04-21 12:40:43] local.ERROR: Uncaught Symfony\Component\Finder\Exception\DirectoryNotFoundException: The "C:\xampp\htdocs\laravel\MTB_HMS_Booking_System\MTB_Laravel\MTB_Booking_System\resources\views" directory does not exist. in C:\xampp\htdocs\laravel\MTB_HMS_Booking_System\vendor\symfony\finder\Finder.php:646
Stack trace:
#0 C:\xampp\htdocs\laravel\MTB_HMS_Booking_System\vendor\laravel\framework\src\Illuminate\Filesystem\Filesystem.php(584): Symfony\Component\Finder\Finder->in('C:\\xampp\\htdocs...')
#1 Command line code(1): Illuminate\Filesystem\Filesystem->files('C:\\xampp\\htdocs...')
#2 Command line code(1): getViews('C:\\xampp\\htdocs...', Object(Illuminate\Filesystem\Filesystem))
#3 {main}
  thrown {"exception":"[object] (Symfony\\Component\\ErrorHandler\\Error\\FatalError(code: 0): Uncaught Symfony\\Component\\Finder\\Exception\\DirectoryNotFoundException: The \"C:\\xampp\\htdocs\\laravel\\MTB_HMS_Booking_System\\MTB_Laravel\\MTB_Booking_System\\resources\\views\" directory does not exist. in C:\\xampp\\htdocs\\laravel\\MTB_HMS_Booking_System\\vendor\\symfony\\finder\\Finder.php:646
Stack trace:
#0 C:\\xampp\\htdocs\\laravel\\MTB_HMS_Booking_System\\vendor\\laravel\\framework\\src\\Illuminate\\Filesystem\\Filesystem.php(584): Symfony\\Component\\Finder\\Finder->in('C:\\\\xampp\\\\htdocs...')
#1 Command line code(1): Illuminate\\Filesystem\\Filesystem->files('C:\\\\xampp\\\\htdocs...')
#2 Command line code(1): getViews('C:\\\\xampp\\\\htdocs...', Object(Illuminate\\Filesystem\\Filesystem))
#3 {main}
  thrown at C:\\xampp\\htdocs\\laravel\\MTB_HMS_Booking_System\\vendor\\symfony\\finder\\Finder.php:646)
[stacktrace]
#0 {main}
"} 
[2025-04-21 12:40:45] local.ERROR: Uncaught Symfony\Component\Finder\Exception\DirectoryNotFoundException: The "C:\xampp\htdocs\laravel\MTB_HMS_Booking_System\MTB_Laravel\MTB_Booking_System\resources\views" directory does not exist. in C:\xampp\htdocs\laravel\MTB_HMS_Booking_System\vendor\symfony\finder\Finder.php:646
Stack trace:
#0 C:\xampp\htdocs\laravel\MTB_HMS_Booking_System\vendor\laravel\framework\src\Illuminate\Filesystem\Filesystem.php(584): Symfony\Component\Finder\Finder->in('C:\\xampp\\htdocs...')
#1 Command line code(1): Illuminate\Filesystem\Filesystem->files('C:\\xampp\\htdocs...')
#2 Command line code(1): getViews('C:\\xampp\\htdocs...', Object(Illuminate\Filesystem\Filesystem))
#3 {main}
  thrown {"exception":"[object] (Symfony\\Component\\ErrorHandler\\Error\\FatalError(code: 0): Uncaught Symfony\\Component\\Finder\\Exception\\DirectoryNotFoundException: The \"C:\\xampp\\htdocs\\laravel\\MTB_HMS_Booking_System\\MTB_Laravel\\MTB_Booking_System\\resources\\views\" directory does not exist. in C:\\xampp\\htdocs\\laravel\\MTB_HMS_Booking_System\\vendor\\symfony\\finder\\Finder.php:646
Stack trace:
#0 C:\\xampp\\htdocs\\laravel\\MTB_HMS_Booking_System\\vendor\\laravel\\framework\\src\\Illuminate\\Filesystem\\Filesystem.php(584): Symfony\\Component\\Finder\\Finder->in('C:\\\\xampp\\\\htdocs...')
#1 Command line code(1): Illuminate\\Filesystem\\Filesystem->files('C:\\\\xampp\\\\htdocs...')
#2 Command line code(1): getViews('C:\\\\xampp\\\\htdocs...', Object(Illuminate\\Filesystem\\Filesystem))
#3 {main}
  thrown at C:\\xampp\\htdocs\\laravel\\MTB_HMS_Booking_System\\vendor\\symfony\\finder\\Finder.php:646)
[stacktrace]
#0 {main}
"} 
[2025-04-21 12:40:47] local.ERROR: Uncaught Symfony\Component\Finder\Exception\DirectoryNotFoundException: The "C:\xampp\htdocs\laravel\MTB_HMS_Booking_System\MTB_Laravel\MTB_Booking_System\resources\views" directory does not exist. in C:\xampp\htdocs\laravel\MTB_HMS_Booking_System\vendor\symfony\finder\Finder.php:646
Stack trace:
#0 C:\xampp\htdocs\laravel\MTB_HMS_Booking_System\vendor\laravel\framework\src\Illuminate\Filesystem\Filesystem.php(584): Symfony\Component\Finder\Finder->in('C:\\xampp\\htdocs...')
#1 Command line code(1): Illuminate\Filesystem\Filesystem->files('C:\\xampp\\htdocs...')
#2 Command line code(1): getViews('C:\\xampp\\htdocs...', Object(Illuminate\Filesystem\Filesystem))
#3 {main}
  thrown {"exception":"[object] (Symfony\\Component\\ErrorHandler\\Error\\FatalError(code: 0): Uncaught Symfony\\Component\\Finder\\Exception\\DirectoryNotFoundException: The \"C:\\xampp\\htdocs\\laravel\\MTB_HMS_Booking_System\\MTB_Laravel\\MTB_Booking_System\\resources\\views\" directory does not exist. in C:\\xampp\\htdocs\\laravel\\MTB_HMS_Booking_System\\vendor\\symfony\\finder\\Finder.php:646
Stack trace:
#0 C:\\xampp\\htdocs\\laravel\\MTB_HMS_Booking_System\\vendor\\laravel\\framework\\src\\Illuminate\\Filesystem\\Filesystem.php(584): Symfony\\Component\\Finder\\Finder->in('C:\\\\xampp\\\\htdocs...')
#1 Command line code(1): Illuminate\\Filesystem\\Filesystem->files('C:\\\\xampp\\\\htdocs...')
#2 Command line code(1): getViews('C:\\\\xampp\\\\htdocs...', Object(Illuminate\\Filesystem\\Filesystem))
#3 {main}
  thrown at C:\\xampp\\htdocs\\laravel\\MTB_HMS_Booking_System\\vendor\\symfony\\finder\\Finder.php:646)
[stacktrace]
#0 {main}
"} 
[2025-04-21 12:40:48] local.ERROR: Uncaught Symfony\Component\Finder\Exception\DirectoryNotFoundException: The "C:\xampp\htdocs\laravel\MTB_HMS_Booking_System\MTB_Laravel\MTB_Booking_System\resources\views" directory does not exist. in C:\xampp\htdocs\laravel\MTB_HMS_Booking_System\vendor\symfony\finder\Finder.php:646
Stack trace:
#0 C:\xampp\htdocs\laravel\MTB_HMS_Booking_System\vendor\laravel\framework\src\Illuminate\Filesystem\Filesystem.php(584): Symfony\Component\Finder\Finder->in('C:\\xampp\\htdocs...')
#1 Command line code(1): Illuminate\Filesystem\Filesystem->files('C:\\xampp\\htdocs...')
#2 Command line code(1): getViews('C:\\xampp\\htdocs...', Object(Illuminate\Filesystem\Filesystem))
#3 {main}
  thrown {"exception":"[object] (Symfony\\Component\\ErrorHandler\\Error\\FatalError(code: 0): Uncaught Symfony\\Component\\Finder\\Exception\\DirectoryNotFoundException: The \"C:\\xampp\\htdocs\\laravel\\MTB_HMS_Booking_System\\MTB_Laravel\\MTB_Booking_System\\resources\\views\" directory does not exist. in C:\\xampp\\htdocs\\laravel\\MTB_HMS_Booking_System\\vendor\\symfony\\finder\\Finder.php:646
Stack trace:
#0 C:\\xampp\\htdocs\\laravel\\MTB_HMS_Booking_System\\vendor\\laravel\\framework\\src\\Illuminate\\Filesystem\\Filesystem.php(584): Symfony\\Component\\Finder\\Finder->in('C:\\\\xampp\\\\htdocs...')
#1 Command line code(1): Illuminate\\Filesystem\\Filesystem->files('C:\\\\xampp\\\\htdocs...')
#2 Command line code(1): getViews('C:\\\\xampp\\\\htdocs...', Object(Illuminate\\Filesystem\\Filesystem))
#3 {main}
  thrown at C:\\xampp\\htdocs\\laravel\\MTB_HMS_Booking_System\\vendor\\symfony\\finder\\Finder.php:646)
[stacktrace]
#0 {main}
"} 
[2025-04-21 12:41:01] local.ERROR: Uncaught Symfony\Component\Finder\Exception\DirectoryNotFoundException: The "C:\xampp\htdocs\laravel\MTB_HMS_Booking_System\MTB_Laravel\MTB_Booking_System\resources\views" directory does not exist. in C:\xampp\htdocs\laravel\MTB_HMS_Booking_System\vendor\symfony\finder\Finder.php:646
Stack trace:
#0 C:\xampp\htdocs\laravel\MTB_HMS_Booking_System\vendor\laravel\framework\src\Illuminate\Filesystem\Filesystem.php(584): Symfony\Component\Finder\Finder->in('C:\\xampp\\htdocs...')
#1 Command line code(1): Illuminate\Filesystem\Filesystem->files('C:\\xampp\\htdocs...')
#2 Command line code(1): getViews('C:\\xampp\\htdocs...', Object(Illuminate\Filesystem\Filesystem))
#3 {main}
  thrown {"exception":"[object] (Symfony\\Component\\ErrorHandler\\Error\\FatalError(code: 0): Uncaught Symfony\\Component\\Finder\\Exception\\DirectoryNotFoundException: The \"C:\\xampp\\htdocs\\laravel\\MTB_HMS_Booking_System\\MTB_Laravel\\MTB_Booking_System\\resources\\views\" directory does not exist. in C:\\xampp\\htdocs\\laravel\\MTB_HMS_Booking_System\\vendor\\symfony\\finder\\Finder.php:646
Stack trace:
#0 C:\\xampp\\htdocs\\laravel\\MTB_HMS_Booking_System\\vendor\\laravel\\framework\\src\\Illuminate\\Filesystem\\Filesystem.php(584): Symfony\\Component\\Finder\\Finder->in('C:\\\\xampp\\\\htdocs...')
#1 Command line code(1): Illuminate\\Filesystem\\Filesystem->files('C:\\\\xampp\\\\htdocs...')
#2 Command line code(1): getViews('C:\\\\xampp\\\\htdocs...', Object(Illuminate\\Filesystem\\Filesystem))
#3 {main}
  thrown at C:\\xampp\\htdocs\\laravel\\MTB_HMS_Booking_System\\vendor\\symfony\\finder\\Finder.php:646)
[stacktrace]
#0 {main}
"} 
[2025-04-21 12:41:06] local.ERROR: Uncaught Symfony\Component\Finder\Exception\DirectoryNotFoundException: The "C:\xampp\htdocs\laravel\MTB_HMS_Booking_System\MTB_Laravel\MTB_Booking_System\resources\views" directory does not exist. in C:\xampp\htdocs\laravel\MTB_HMS_Booking_System\vendor\symfony\finder\Finder.php:646
Stack trace:
#0 C:\xampp\htdocs\laravel\MTB_HMS_Booking_System\vendor\laravel\framework\src\Illuminate\Filesystem\Filesystem.php(584): Symfony\Component\Finder\Finder->in('C:\\xampp\\htdocs...')
#1 Command line code(1): Illuminate\Filesystem\Filesystem->files('C:\\xampp\\htdocs...')
#2 Command line code(1): getViews('C:\\xampp\\htdocs...', Object(Illuminate\Filesystem\Filesystem))
#3 {main}
  thrown {"exception":"[object] (Symfony\\Component\\ErrorHandler\\Error\\FatalError(code: 0): Uncaught Symfony\\Component\\Finder\\Exception\\DirectoryNotFoundException: The \"C:\\xampp\\htdocs\\laravel\\MTB_HMS_Booking_System\\MTB_Laravel\\MTB_Booking_System\\resources\\views\" directory does not exist. in C:\\xampp\\htdocs\\laravel\\MTB_HMS_Booking_System\\vendor\\symfony\\finder\\Finder.php:646
Stack trace:
#0 C:\\xampp\\htdocs\\laravel\\MTB_HMS_Booking_System\\vendor\\laravel\\framework\\src\\Illuminate\\Filesystem\\Filesystem.php(584): Symfony\\Component\\Finder\\Finder->in('C:\\\\xampp\\\\htdocs...')
#1 Command line code(1): Illuminate\\Filesystem\\Filesystem->files('C:\\\\xampp\\\\htdocs...')
#2 Command line code(1): getViews('C:\\\\xampp\\\\htdocs...', Object(Illuminate\\Filesystem\\Filesystem))
#3 {main}
  thrown at C:\\xampp\\htdocs\\laravel\\MTB_HMS_Booking_System\\vendor\\symfony\\finder\\Finder.php:646)
[stacktrace]
#0 {main}
"} 
[2025-04-21 12:41:11] local.ERROR: Uncaught Symfony\Component\Finder\Exception\DirectoryNotFoundException: The "C:\xampp\htdocs\laravel\MTB_HMS_Booking_System\MTB_Laravel\MTB_Booking_System\resources\views" directory does not exist. in C:\xampp\htdocs\laravel\MTB_HMS_Booking_System\vendor\symfony\finder\Finder.php:646
Stack trace:
#0 C:\xampp\htdocs\laravel\MTB_HMS_Booking_System\vendor\laravel\framework\src\Illuminate\Filesystem\Filesystem.php(584): Symfony\Component\Finder\Finder->in('C:\\xampp\\htdocs...')
#1 Command line code(1): Illuminate\Filesystem\Filesystem->files('C:\\xampp\\htdocs...')
#2 Command line code(1): getViews('C:\\xampp\\htdocs...', Object(Illuminate\Filesystem\Filesystem))
#3 {main}
  thrown {"exception":"[object] (Symfony\\Component\\ErrorHandler\\Error\\FatalError(code: 0): Uncaught Symfony\\Component\\Finder\\Exception\\DirectoryNotFoundException: The \"C:\\xampp\\htdocs\\laravel\\MTB_HMS_Booking_System\\MTB_Laravel\\MTB_Booking_System\\resources\\views\" directory does not exist. in C:\\xampp\\htdocs\\laravel\\MTB_HMS_Booking_System\\vendor\\symfony\\finder\\Finder.php:646
Stack trace:
#0 C:\\xampp\\htdocs\\laravel\\MTB_HMS_Booking_System\\vendor\\laravel\\framework\\src\\Illuminate\\Filesystem\\Filesystem.php(584): Symfony\\Component\\Finder\\Finder->in('C:\\\\xampp\\\\htdocs...')
#1 Command line code(1): Illuminate\\Filesystem\\Filesystem->files('C:\\\\xampp\\\\htdocs...')
#2 Command line code(1): getViews('C:\\\\xampp\\\\htdocs...', Object(Illuminate\\Filesystem\\Filesystem))
#3 {main}
  thrown at C:\\xampp\\htdocs\\laravel\\MTB_HMS_Booking_System\\vendor\\symfony\\finder\\Finder.php:646)
[stacktrace]
#0 {main}
"} 
[2025-04-21 12:41:16] local.ERROR: Uncaught Symfony\Component\Finder\Exception\DirectoryNotFoundException: The "C:\xampp\htdocs\laravel\MTB_HMS_Booking_System\MTB_Laravel\MTB_Booking_System\resources\views" directory does not exist. in C:\xampp\htdocs\laravel\MTB_HMS_Booking_System\vendor\symfony\finder\Finder.php:646
Stack trace:
#0 C:\xampp\htdocs\laravel\MTB_HMS_Booking_System\vendor\laravel\framework\src\Illuminate\Filesystem\Filesystem.php(584): Symfony\Component\Finder\Finder->in('C:\\xampp\\htdocs...')
#1 Command line code(1): Illuminate\Filesystem\Filesystem->files('C:\\xampp\\htdocs...')
#2 Command line code(1): getViews('C:\\xampp\\htdocs...', Object(Illuminate\Filesystem\Filesystem))
#3 {main}
  thrown {"exception":"[object] (Symfony\\Component\\ErrorHandler\\Error\\FatalError(code: 0): Uncaught Symfony\\Component\\Finder\\Exception\\DirectoryNotFoundException: The \"C:\\xampp\\htdocs\\laravel\\MTB_HMS_Booking_System\\MTB_Laravel\\MTB_Booking_System\\resources\\views\" directory does not exist. in C:\\xampp\\htdocs\\laravel\\MTB_HMS_Booking_System\\vendor\\symfony\\finder\\Finder.php:646
Stack trace:
#0 C:\\xampp\\htdocs\\laravel\\MTB_HMS_Booking_System\\vendor\\laravel\\framework\\src\\Illuminate\\Filesystem\\Filesystem.php(584): Symfony\\Component\\Finder\\Finder->in('C:\\\\xampp\\\\htdocs...')
#1 Command line code(1): Illuminate\\Filesystem\\Filesystem->files('C:\\\\xampp\\\\htdocs...')
#2 Command line code(1): getViews('C:\\\\xampp\\\\htdocs...', Object(Illuminate\\Filesystem\\Filesystem))
#3 {main}
  thrown at C:\\xampp\\htdocs\\laravel\\MTB_HMS_Booking_System\\vendor\\symfony\\finder\\Finder.php:646)
[stacktrace]
#0 {main}
"} 
[2025-04-21 12:41:21] local.ERROR: Uncaught Symfony\Component\Finder\Exception\DirectoryNotFoundException: The "C:\xampp\htdocs\laravel\MTB_HMS_Booking_System\MTB_Laravel\MTB_Booking_System\resources\views" directory does not exist. in C:\xampp\htdocs\laravel\MTB_HMS_Booking_System\vendor\symfony\finder\Finder.php:646
Stack trace:
#0 C:\xampp\htdocs\laravel\MTB_HMS_Booking_System\vendor\laravel\framework\src\Illuminate\Filesystem\Filesystem.php(584): Symfony\Component\Finder\Finder->in('C:\\xampp\\htdocs...')
#1 Command line code(1): Illuminate\Filesystem\Filesystem->files('C:\\xampp\\htdocs...')
#2 Command line code(1): getViews('C:\\xampp\\htdocs...', Object(Illuminate\Filesystem\Filesystem))
#3 {main}
  thrown {"exception":"[object] (Symfony\\Component\\ErrorHandler\\Error\\FatalError(code: 0): Uncaught Symfony\\Component\\Finder\\Exception\\DirectoryNotFoundException: The \"C:\\xampp\\htdocs\\laravel\\MTB_HMS_Booking_System\\MTB_Laravel\\MTB_Booking_System\\resources\\views\" directory does not exist. in C:\\xampp\\htdocs\\laravel\\MTB_HMS_Booking_System\\vendor\\symfony\\finder\\Finder.php:646
Stack trace:
#0 C:\\xampp\\htdocs\\laravel\\MTB_HMS_Booking_System\\vendor\\laravel\\framework\\src\\Illuminate\\Filesystem\\Filesystem.php(584): Symfony\\Component\\Finder\\Finder->in('C:\\\\xampp\\\\htdocs...')
#1 Command line code(1): Illuminate\\Filesystem\\Filesystem->files('C:\\\\xampp\\\\htdocs...')
#2 Command line code(1): getViews('C:\\\\xampp\\\\htdocs...', Object(Illuminate\\Filesystem\\Filesystem))
#3 {main}
  thrown at C:\\xampp\\htdocs\\laravel\\MTB_HMS_Booking_System\\vendor\\symfony\\finder\\Finder.php:646)
[stacktrace]
#0 {main}
"} 
[2025-04-21 12:41:26] local.ERROR: Uncaught Symfony\Component\Finder\Exception\DirectoryNotFoundException: The "C:\xampp\htdocs\laravel\MTB_HMS_Booking_System\MTB_Laravel\MTB_Booking_System\resources\views" directory does not exist. in C:\xampp\htdocs\laravel\MTB_HMS_Booking_System\vendor\symfony\finder\Finder.php:646
Stack trace:
#0 C:\xampp\htdocs\laravel\MTB_HMS_Booking_System\vendor\laravel\framework\src\Illuminate\Filesystem\Filesystem.php(584): Symfony\Component\Finder\Finder->in('C:\\xampp\\htdocs...')
#1 Command line code(1): Illuminate\Filesystem\Filesystem->files('C:\\xampp\\htdocs...')
#2 Command line code(1): getViews('C:\\xampp\\htdocs...', Object(Illuminate\Filesystem\Filesystem))
#3 {main}
  thrown {"exception":"[object] (Symfony\\Component\\ErrorHandler\\Error\\FatalError(code: 0): Uncaught Symfony\\Component\\Finder\\Exception\\DirectoryNotFoundException: The \"C:\\xampp\\htdocs\\laravel\\MTB_HMS_Booking_System\\MTB_Laravel\\MTB_Booking_System\\resources\\views\" directory does not exist. in C:\\xampp\\htdocs\\laravel\\MTB_HMS_Booking_System\\vendor\\symfony\\finder\\Finder.php:646
Stack trace:
#0 C:\\xampp\\htdocs\\laravel\\MTB_HMS_Booking_System\\vendor\\laravel\\framework\\src\\Illuminate\\Filesystem\\Filesystem.php(584): Symfony\\Component\\Finder\\Finder->in('C:\\\\xampp\\\\htdocs...')
#1 Command line code(1): Illuminate\\Filesystem\\Filesystem->files('C:\\\\xampp\\\\htdocs...')
#2 Command line code(1): getViews('C:\\\\xampp\\\\htdocs...', Object(Illuminate\\Filesystem\\Filesystem))
#3 {main}
  thrown at C:\\xampp\\htdocs\\laravel\\MTB_HMS_Booking_System\\vendor\\symfony\\finder\\Finder.php:646)
[stacktrace]
#0 {main}
"} 
[2025-04-21 12:41:31] local.ERROR: Uncaught Symfony\Component\Finder\Exception\DirectoryNotFoundException: The "C:\xampp\htdocs\laravel\MTB_HMS_Booking_System\MTB_Laravel\MTB_Booking_System\resources\views" directory does not exist. in C:\xampp\htdocs\laravel\MTB_HMS_Booking_System\vendor\symfony\finder\Finder.php:646
Stack trace:
#0 C:\xampp\htdocs\laravel\MTB_HMS_Booking_System\vendor\laravel\framework\src\Illuminate\Filesystem\Filesystem.php(584): Symfony\Component\Finder\Finder->in('C:\\xampp\\htdocs...')
#1 Command line code(1): Illuminate\Filesystem\Filesystem->files('C:\\xampp\\htdocs...')
#2 Command line code(1): getViews('C:\\xampp\\htdocs...', Object(Illuminate\Filesystem\Filesystem))
#3 {main}
  thrown {"exception":"[object] (Symfony\\Component\\ErrorHandler\\Error\\FatalError(code: 0): Uncaught Symfony\\Component\\Finder\\Exception\\DirectoryNotFoundException: The \"C:\\xampp\\htdocs\\laravel\\MTB_HMS_Booking_System\\MTB_Laravel\\MTB_Booking_System\\resources\\views\" directory does not exist. in C:\\xampp\\htdocs\\laravel\\MTB_HMS_Booking_System\\vendor\\symfony\\finder\\Finder.php:646
Stack trace:
#0 C:\\xampp\\htdocs\\laravel\\MTB_HMS_Booking_System\\vendor\\laravel\\framework\\src\\Illuminate\\Filesystem\\Filesystem.php(584): Symfony\\Component\\Finder\\Finder->in('C:\\\\xampp\\\\htdocs...')
#1 Command line code(1): Illuminate\\Filesystem\\Filesystem->files('C:\\\\xampp\\\\htdocs...')
#2 Command line code(1): getViews('C:\\\\xampp\\\\htdocs...', Object(Illuminate\\Filesystem\\Filesystem))
#3 {main}
  thrown at C:\\xampp\\htdocs\\laravel\\MTB_HMS_Booking_System\\vendor\\symfony\\finder\\Finder.php:646)
[stacktrace]
#0 {main}
"} 
[2025-04-21 12:41:36] local.ERROR: Uncaught Symfony\Component\Finder\Exception\DirectoryNotFoundException: The "C:\xampp\htdocs\laravel\MTB_HMS_Booking_System\MTB_Laravel\MTB_Booking_System\resources\views" directory does not exist. in C:\xampp\htdocs\laravel\MTB_HMS_Booking_System\vendor\symfony\finder\Finder.php:646
Stack trace:
#0 C:\xampp\htdocs\laravel\MTB_HMS_Booking_System\vendor\laravel\framework\src\Illuminate\Filesystem\Filesystem.php(584): Symfony\Component\Finder\Finder->in('C:\\xampp\\htdocs...')
#1 Command line code(1): Illuminate\Filesystem\Filesystem->files('C:\\xampp\\htdocs...')
#2 Command line code(1): getViews('C:\\xampp\\htdocs...', Object(Illuminate\Filesystem\Filesystem))
#3 {main}
  thrown {"exception":"[object] (Symfony\\Component\\ErrorHandler\\Error\\FatalError(code: 0): Uncaught Symfony\\Component\\Finder\\Exception\\DirectoryNotFoundException: The \"C:\\xampp\\htdocs\\laravel\\MTB_HMS_Booking_System\\MTB_Laravel\\MTB_Booking_System\\resources\\views\" directory does not exist. in C:\\xampp\\htdocs\\laravel\\MTB_HMS_Booking_System\\vendor\\symfony\\finder\\Finder.php:646
Stack trace:
#0 C:\\xampp\\htdocs\\laravel\\MTB_HMS_Booking_System\\vendor\\laravel\\framework\\src\\Illuminate\\Filesystem\\Filesystem.php(584): Symfony\\Component\\Finder\\Finder->in('C:\\\\xampp\\\\htdocs...')
#1 Command line code(1): Illuminate\\Filesystem\\Filesystem->files('C:\\\\xampp\\\\htdocs...')
#2 Command line code(1): getViews('C:\\\\xampp\\\\htdocs...', Object(Illuminate\\Filesystem\\Filesystem))
#3 {main}
  thrown at C:\\xampp\\htdocs\\laravel\\MTB_HMS_Booking_System\\vendor\\symfony\\finder\\Finder.php:646)
[stacktrace]
#0 {main}
"} 
[2025-04-21 12:41:41] local.ERROR: Uncaught Symfony\Component\Finder\Exception\DirectoryNotFoundException: The "C:\xampp\htdocs\laravel\MTB_HMS_Booking_System\MTB_Laravel\MTB_Booking_System\resources\views" directory does not exist. in C:\xampp\htdocs\laravel\MTB_HMS_Booking_System\vendor\symfony\finder\Finder.php:646
Stack trace:
#0 C:\xampp\htdocs\laravel\MTB_HMS_Booking_System\vendor\laravel\framework\src\Illuminate\Filesystem\Filesystem.php(584): Symfony\Component\Finder\Finder->in('C:\\xampp\\htdocs...')
#1 Command line code(1): Illuminate\Filesystem\Filesystem->files('C:\\xampp\\htdocs...')
#2 Command line code(1): getViews('C:\\xampp\\htdocs...', Object(Illuminate\Filesystem\Filesystem))
#3 {main}
  thrown {"exception":"[object] (Symfony\\Component\\ErrorHandler\\Error\\FatalError(code: 0): Uncaught Symfony\\Component\\Finder\\Exception\\DirectoryNotFoundException: The \"C:\\xampp\\htdocs\\laravel\\MTB_HMS_Booking_System\\MTB_Laravel\\MTB_Booking_System\\resources\\views\" directory does not exist. in C:\\xampp\\htdocs\\laravel\\MTB_HMS_Booking_System\\vendor\\symfony\\finder\\Finder.php:646
Stack trace:
#0 C:\\xampp\\htdocs\\laravel\\MTB_HMS_Booking_System\\vendor\\laravel\\framework\\src\\Illuminate\\Filesystem\\Filesystem.php(584): Symfony\\Component\\Finder\\Finder->in('C:\\\\xampp\\\\htdocs...')
#1 Command line code(1): Illuminate\\Filesystem\\Filesystem->files('C:\\\\xampp\\\\htdocs...')
#2 Command line code(1): getViews('C:\\\\xampp\\\\htdocs...', Object(Illuminate\\Filesystem\\Filesystem))
#3 {main}
  thrown at C:\\xampp\\htdocs\\laravel\\MTB_HMS_Booking_System\\vendor\\symfony\\finder\\Finder.php:646)
[stacktrace]
#0 {main}
"} 
[2025-04-21 12:41:46] local.ERROR: Uncaught Symfony\Component\Finder\Exception\DirectoryNotFoundException: The "C:\xampp\htdocs\laravel\MTB_HMS_Booking_System\MTB_Laravel\MTB_Booking_System\resources\views" directory does not exist. in C:\xampp\htdocs\laravel\MTB_HMS_Booking_System\vendor\symfony\finder\Finder.php:646
Stack trace:
#0 C:\xampp\htdocs\laravel\MTB_HMS_Booking_System\vendor\laravel\framework\src\Illuminate\Filesystem\Filesystem.php(584): Symfony\Component\Finder\Finder->in('C:\\xampp\\htdocs...')
#1 Command line code(1): Illuminate\Filesystem\Filesystem->files('C:\\xampp\\htdocs...')
#2 Command line code(1): getViews('C:\\xampp\\htdocs...', Object(Illuminate\Filesystem\Filesystem))
#3 {main}
  thrown {"exception":"[object] (Symfony\\Component\\ErrorHandler\\Error\\FatalError(code: 0): Uncaught Symfony\\Component\\Finder\\Exception\\DirectoryNotFoundException: The \"C:\\xampp\\htdocs\\laravel\\MTB_HMS_Booking_System\\MTB_Laravel\\MTB_Booking_System\\resources\\views\" directory does not exist. in C:\\xampp\\htdocs\\laravel\\MTB_HMS_Booking_System\\vendor\\symfony\\finder\\Finder.php:646
Stack trace:
#0 C:\\xampp\\htdocs\\laravel\\MTB_HMS_Booking_System\\vendor\\laravel\\framework\\src\\Illuminate\\Filesystem\\Filesystem.php(584): Symfony\\Component\\Finder\\Finder->in('C:\\\\xampp\\\\htdocs...')
#1 Command line code(1): Illuminate\\Filesystem\\Filesystem->files('C:\\\\xampp\\\\htdocs...')
#2 Command line code(1): getViews('C:\\\\xampp\\\\htdocs...', Object(Illuminate\\Filesystem\\Filesystem))
#3 {main}
  thrown at C:\\xampp\\htdocs\\laravel\\MTB_HMS_Booking_System\\vendor\\symfony\\finder\\Finder.php:646)
[stacktrace]
#0 {main}
"} 
[2025-04-21 12:41:51] local.ERROR: Uncaught Symfony\Component\Finder\Exception\DirectoryNotFoundException: The "C:\xampp\htdocs\laravel\MTB_HMS_Booking_System\MTB_Laravel\MTB_Booking_System\resources\views" directory does not exist. in C:\xampp\htdocs\laravel\MTB_HMS_Booking_System\vendor\symfony\finder\Finder.php:646
Stack trace:
#0 C:\xampp\htdocs\laravel\MTB_HMS_Booking_System\vendor\laravel\framework\src\Illuminate\Filesystem\Filesystem.php(584): Symfony\Component\Finder\Finder->in('C:\\xampp\\htdocs...')
#1 Command line code(1): Illuminate\Filesystem\Filesystem->files('C:\\xampp\\htdocs...')
#2 Command line code(1): getViews('C:\\xampp\\htdocs...', Object(Illuminate\Filesystem\Filesystem))
#3 {main}
  thrown {"exception":"[object] (Symfony\\Component\\ErrorHandler\\Error\\FatalError(code: 0): Uncaught Symfony\\Component\\Finder\\Exception\\DirectoryNotFoundException: The \"C:\\xampp\\htdocs\\laravel\\MTB_HMS_Booking_System\\MTB_Laravel\\MTB_Booking_System\\resources\\views\" directory does not exist. in C:\\xampp\\htdocs\\laravel\\MTB_HMS_Booking_System\\vendor\\symfony\\finder\\Finder.php:646
Stack trace:
#0 C:\\xampp\\htdocs\\laravel\\MTB_HMS_Booking_System\\vendor\\laravel\\framework\\src\\Illuminate\\Filesystem\\Filesystem.php(584): Symfony\\Component\\Finder\\Finder->in('C:\\\\xampp\\\\htdocs...')
#1 Command line code(1): Illuminate\\Filesystem\\Filesystem->files('C:\\\\xampp\\\\htdocs...')
#2 Command line code(1): getViews('C:\\\\xampp\\\\htdocs...', Object(Illuminate\\Filesystem\\Filesystem))
#3 {main}
  thrown at C:\\xampp\\htdocs\\laravel\\MTB_HMS_Booking_System\\vendor\\symfony\\finder\\Finder.php:646)
[stacktrace]
#0 {main}
"} 
[2025-04-21 12:41:56] local.ERROR: Uncaught Symfony\Component\Finder\Exception\DirectoryNotFoundException: The "C:\xampp\htdocs\laravel\MTB_HMS_Booking_System\MTB_Laravel\MTB_Booking_System\resources\views" directory does not exist. in C:\xampp\htdocs\laravel\MTB_HMS_Booking_System\vendor\symfony\finder\Finder.php:646
Stack trace:
#0 C:\xampp\htdocs\laravel\MTB_HMS_Booking_System\vendor\laravel\framework\src\Illuminate\Filesystem\Filesystem.php(584): Symfony\Component\Finder\Finder->in('C:\\xampp\\htdocs...')
#1 Command line code(1): Illuminate\Filesystem\Filesystem->files('C:\\xampp\\htdocs...')
#2 Command line code(1): getViews('C:\\xampp\\htdocs...', Object(Illuminate\Filesystem\Filesystem))
#3 {main}
  thrown {"exception":"[object] (Symfony\\Component\\ErrorHandler\\Error\\FatalError(code: 0): Uncaught Symfony\\Component\\Finder\\Exception\\DirectoryNotFoundException: The \"C:\\xampp\\htdocs\\laravel\\MTB_HMS_Booking_System\\MTB_Laravel\\MTB_Booking_System\\resources\\views\" directory does not exist. in C:\\xampp\\htdocs\\laravel\\MTB_HMS_Booking_System\\vendor\\symfony\\finder\\Finder.php:646
Stack trace:
#0 C:\\xampp\\htdocs\\laravel\\MTB_HMS_Booking_System\\vendor\\laravel\\framework\\src\\Illuminate\\Filesystem\\Filesystem.php(584): Symfony\\Component\\Finder\\Finder->in('C:\\\\xampp\\\\htdocs...')
#1 Command line code(1): Illuminate\\Filesystem\\Filesystem->files('C:\\\\xampp\\\\htdocs...')
#2 Command line code(1): getViews('C:\\\\xampp\\\\htdocs...', Object(Illuminate\\Filesystem\\Filesystem))
#3 {main}
  thrown at C:\\xampp\\htdocs\\laravel\\MTB_HMS_Booking_System\\vendor\\symfony\\finder\\Finder.php:646)
[stacktrace]
#0 {main}
"} 
[2025-04-21 12:42:01] local.ERROR: Uncaught Symfony\Component\Finder\Exception\DirectoryNotFoundException: The "C:\xampp\htdocs\laravel\MTB_HMS_Booking_System\MTB_Laravel\MTB_Booking_System\resources\views" directory does not exist. in C:\xampp\htdocs\laravel\MTB_HMS_Booking_System\vendor\symfony\finder\Finder.php:646
Stack trace:
#0 C:\xampp\htdocs\laravel\MTB_HMS_Booking_System\vendor\laravel\framework\src\Illuminate\Filesystem\Filesystem.php(584): Symfony\Component\Finder\Finder->in('C:\\xampp\\htdocs...')
#1 Command line code(1): Illuminate\Filesystem\Filesystem->files('C:\\xampp\\htdocs...')
#2 Command line code(1): getViews('C:\\xampp\\htdocs...', Object(Illuminate\Filesystem\Filesystem))
#3 {main}
  thrown {"exception":"[object] (Symfony\\Component\\ErrorHandler\\Error\\FatalError(code: 0): Uncaught Symfony\\Component\\Finder\\Exception\\DirectoryNotFoundException: The \"C:\\xampp\\htdocs\\laravel\\MTB_HMS_Booking_System\\MTB_Laravel\\MTB_Booking_System\\resources\\views\" directory does not exist. in C:\\xampp\\htdocs\\laravel\\MTB_HMS_Booking_System\\vendor\\symfony\\finder\\Finder.php:646
Stack trace:
#0 C:\\xampp\\htdocs\\laravel\\MTB_HMS_Booking_System\\vendor\\laravel\\framework\\src\\Illuminate\\Filesystem\\Filesystem.php(584): Symfony\\Component\\Finder\\Finder->in('C:\\\\xampp\\\\htdocs...')
#1 Command line code(1): Illuminate\\Filesystem\\Filesystem->files('C:\\\\xampp\\\\htdocs...')
#2 Command line code(1): getViews('C:\\\\xampp\\\\htdocs...', Object(Illuminate\\Filesystem\\Filesystem))
#3 {main}
  thrown at C:\\xampp\\htdocs\\laravel\\MTB_HMS_Booking_System\\vendor\\symfony\\finder\\Finder.php:646)
[stacktrace]
#0 {main}
"} 
[2025-04-21 12:42:06] local.ERROR: Uncaught Symfony\Component\Finder\Exception\DirectoryNotFoundException: The "C:\xampp\htdocs\laravel\MTB_HMS_Booking_System\MTB_Laravel\MTB_Booking_System\resources\views" directory does not exist. in C:\xampp\htdocs\laravel\MTB_HMS_Booking_System\vendor\symfony\finder\Finder.php:646
Stack trace:
#0 C:\xampp\htdocs\laravel\MTB_HMS_Booking_System\vendor\laravel\framework\src\Illuminate\Filesystem\Filesystem.php(584): Symfony\Component\Finder\Finder->in('C:\\xampp\\htdocs...')
#1 Command line code(1): Illuminate\Filesystem\Filesystem->files('C:\\xampp\\htdocs...')
#2 Command line code(1): getViews('C:\\xampp\\htdocs...', Object(Illuminate\Filesystem\Filesystem))
#3 {main}
  thrown {"exception":"[object] (Symfony\\Component\\ErrorHandler\\Error\\FatalError(code: 0): Uncaught Symfony\\Component\\Finder\\Exception\\DirectoryNotFoundException: The \"C:\\xampp\\htdocs\\laravel\\MTB_HMS_Booking_System\\MTB_Laravel\\MTB_Booking_System\\resources\\views\" directory does not exist. in C:\\xampp\\htdocs\\laravel\\MTB_HMS_Booking_System\\vendor\\symfony\\finder\\Finder.php:646
Stack trace:
#0 C:\\xampp\\htdocs\\laravel\\MTB_HMS_Booking_System\\vendor\\laravel\\framework\\src\\Illuminate\\Filesystem\\Filesystem.php(584): Symfony\\Component\\Finder\\Finder->in('C:\\\\xampp\\\\htdocs...')
#1 Command line code(1): Illuminate\\Filesystem\\Filesystem->files('C:\\\\xampp\\\\htdocs...')
#2 Command line code(1): getViews('C:\\\\xampp\\\\htdocs...', Object(Illuminate\\Filesystem\\Filesystem))
#3 {main}
  thrown at C:\\xampp\\htdocs\\laravel\\MTB_HMS_Booking_System\\vendor\\symfony\\finder\\Finder.php:646)
[stacktrace]
#0 {main}
"} 
[2025-04-21 12:42:11] local.ERROR: Uncaught Symfony\Component\Finder\Exception\DirectoryNotFoundException: The "C:\xampp\htdocs\laravel\MTB_HMS_Booking_System\MTB_Laravel\MTB_Booking_System\resources\views" directory does not exist. in C:\xampp\htdocs\laravel\MTB_HMS_Booking_System\vendor\symfony\finder\Finder.php:646
Stack trace:
#0 C:\xampp\htdocs\laravel\MTB_HMS_Booking_System\vendor\laravel\framework\src\Illuminate\Filesystem\Filesystem.php(584): Symfony\Component\Finder\Finder->in('C:\\xampp\\htdocs...')
#1 Command line code(1): Illuminate\Filesystem\Filesystem->files('C:\\xampp\\htdocs...')
#2 Command line code(1): getViews('C:\\xampp\\htdocs...', Object(Illuminate\Filesystem\Filesystem))
#3 {main}
  thrown {"exception":"[object] (Symfony\\Component\\ErrorHandler\\Error\\FatalError(code: 0): Uncaught Symfony\\Component\\Finder\\Exception\\DirectoryNotFoundException: The \"C:\\xampp\\htdocs\\laravel\\MTB_HMS_Booking_System\\MTB_Laravel\\MTB_Booking_System\\resources\\views\" directory does not exist. in C:\\xampp\\htdocs\\laravel\\MTB_HMS_Booking_System\\vendor\\symfony\\finder\\Finder.php:646
Stack trace:
#0 C:\\xampp\\htdocs\\laravel\\MTB_HMS_Booking_System\\vendor\\laravel\\framework\\src\\Illuminate\\Filesystem\\Filesystem.php(584): Symfony\\Component\\Finder\\Finder->in('C:\\\\xampp\\\\htdocs...')
#1 Command line code(1): Illuminate\\Filesystem\\Filesystem->files('C:\\\\xampp\\\\htdocs...')
#2 Command line code(1): getViews('C:\\\\xampp\\\\htdocs...', Object(Illuminate\\Filesystem\\Filesystem))
#3 {main}
  thrown at C:\\xampp\\htdocs\\laravel\\MTB_HMS_Booking_System\\vendor\\symfony\\finder\\Finder.php:646)
[stacktrace]
#0 {main}
"} 
[2025-04-21 12:42:16] local.ERROR: Uncaught Symfony\Component\Finder\Exception\DirectoryNotFoundException: The "C:\xampp\htdocs\laravel\MTB_HMS_Booking_System\MTB_Laravel\MTB_Booking_System\resources\views" directory does not exist. in C:\xampp\htdocs\laravel\MTB_HMS_Booking_System\vendor\symfony\finder\Finder.php:646
Stack trace:
#0 C:\xampp\htdocs\laravel\MTB_HMS_Booking_System\vendor\laravel\framework\src\Illuminate\Filesystem\Filesystem.php(584): Symfony\Component\Finder\Finder->in('C:\\xampp\\htdocs...')
#1 Command line code(1): Illuminate\Filesystem\Filesystem->files('C:\\xampp\\htdocs...')
#2 Command line code(1): getViews('C:\\xampp\\htdocs...', Object(Illuminate\Filesystem\Filesystem))
#3 {main}
  thrown {"exception":"[object] (Symfony\\Component\\ErrorHandler\\Error\\FatalError(code: 0): Uncaught Symfony\\Component\\Finder\\Exception\\DirectoryNotFoundException: The \"C:\\xampp\\htdocs\\laravel\\MTB_HMS_Booking_System\\MTB_Laravel\\MTB_Booking_System\\resources\\views\" directory does not exist. in C:\\xampp\\htdocs\\laravel\\MTB_HMS_Booking_System\\vendor\\symfony\\finder\\Finder.php:646
Stack trace:
#0 C:\\xampp\\htdocs\\laravel\\MTB_HMS_Booking_System\\vendor\\laravel\\framework\\src\\Illuminate\\Filesystem\\Filesystem.php(584): Symfony\\Component\\Finder\\Finder->in('C:\\\\xampp\\\\htdocs...')
#1 Command line code(1): Illuminate\\Filesystem\\Filesystem->files('C:\\\\xampp\\\\htdocs...')
#2 Command line code(1): getViews('C:\\\\xampp\\\\htdocs...', Object(Illuminate\\Filesystem\\Filesystem))
#3 {main}
  thrown at C:\\xampp\\htdocs\\laravel\\MTB_HMS_Booking_System\\vendor\\symfony\\finder\\Finder.php:646)
[stacktrace]
#0 {main}
"} 
[2025-04-21 12:42:21] local.ERROR: Uncaught Symfony\Component\Finder\Exception\DirectoryNotFoundException: The "C:\xampp\htdocs\laravel\MTB_HMS_Booking_System\MTB_Laravel\MTB_Booking_System\resources\views" directory does not exist. in C:\xampp\htdocs\laravel\MTB_HMS_Booking_System\vendor\symfony\finder\Finder.php:646
Stack trace:
#0 C:\xampp\htdocs\laravel\MTB_HMS_Booking_System\vendor\laravel\framework\src\Illuminate\Filesystem\Filesystem.php(584): Symfony\Component\Finder\Finder->in('C:\\xampp\\htdocs...')
#1 Command line code(1): Illuminate\Filesystem\Filesystem->files('C:\\xampp\\htdocs...')
#2 Command line code(1): getViews('C:\\xampp\\htdocs...', Object(Illuminate\Filesystem\Filesystem))
#3 {main}
  thrown {"exception":"[object] (Symfony\\Component\\ErrorHandler\\Error\\FatalError(code: 0): Uncaught Symfony\\Component\\Finder\\Exception\\DirectoryNotFoundException: The \"C:\\xampp\\htdocs\\laravel\\MTB_HMS_Booking_System\\MTB_Laravel\\MTB_Booking_System\\resources\\views\" directory does not exist. in C:\\xampp\\htdocs\\laravel\\MTB_HMS_Booking_System\\vendor\\symfony\\finder\\Finder.php:646
Stack trace:
#0 C:\\xampp\\htdocs\\laravel\\MTB_HMS_Booking_System\\vendor\\laravel\\framework\\src\\Illuminate\\Filesystem\\Filesystem.php(584): Symfony\\Component\\Finder\\Finder->in('C:\\\\xampp\\\\htdocs...')
#1 Command line code(1): Illuminate\\Filesystem\\Filesystem->files('C:\\\\xampp\\\\htdocs...')
#2 Command line code(1): getViews('C:\\\\xampp\\\\htdocs...', Object(Illuminate\\Filesystem\\Filesystem))
#3 {main}
  thrown at C:\\xampp\\htdocs\\laravel\\MTB_HMS_Booking_System\\vendor\\symfony\\finder\\Finder.php:646)
[stacktrace]
#0 {main}
"} 
[2025-04-21 12:42:26] local.ERROR: View [welcome] not found. {"exception":"[object] (InvalidArgumentException(code: 0): View [welcome] not found. at C:\\xampp\\htdocs\\laravel\\MTB_HMS_Booking_System\\vendor\\laravel\\framework\\src\\Illuminate\\View\\FileViewFinder.php:139)
[stacktrace]
#0 C:\\xampp\\htdocs\\laravel\\MTB_HMS_Booking_System\\vendor\\laravel\\framework\\src\\Illuminate\\View\\FileViewFinder.php(79): Illuminate\\View\\FileViewFinder->findInPaths('welcome', Array)
#1 C:\\xampp\\htdocs\\laravel\\MTB_HMS_Booking_System\\vendor\\laravel\\framework\\src\\Illuminate\\View\\Factory.php(151): Illuminate\\View\\FileViewFinder->find('welcome')
#2 C:\\xampp\\htdocs\\laravel\\MTB_HMS_Booking_System\\vendor\\laravel\\framework\\src\\Illuminate\\Foundation\\helpers.php(1071): Illuminate\\View\\Factory->make('welcome', Array, Array)
#3 laravel-serializable-closure://function () {
    return \\view('welcome');
}(3): view('welcome')
#4 C:\\xampp\\htdocs\\laravel\\MTB_HMS_Booking_System\\vendor\\laravel\\framework\\src\\Illuminate\\Routing\\CallableDispatcher.php(40): Illuminate\\Routing\\RouteFileRegistrar::{closure}()
#5 C:\\xampp\\htdocs\\laravel\\MTB_HMS_Booking_System\\vendor\\laravel\\framework\\src\\Illuminate\\Routing\\Route.php(240): Illuminate\\Routing\\CallableDispatcher->dispatch(Object(Illuminate\\Routing\\Route), Object(Closure))
#6 C:\\xampp\\htdocs\\laravel\\MTB_HMS_Booking_System\\vendor\\laravel\\framework\\src\\Illuminate\\Routing\\Route.php(211): Illuminate\\Routing\\Route->runCallable()
#7 C:\\xampp\\htdocs\\laravel\\MTB_HMS_Booking_System\\vendor\\laravel\\framework\\src\\Illuminate\\Routing\\Router.php(808): Illuminate\\Routing\\Route->run()
#8 C:\\xampp\\htdocs\\laravel\\MTB_HMS_Booking_System\\vendor\\laravel\\framework\\src\\Illuminate\\Pipeline\\Pipeline.php(144): Illuminate\\Routing\\Router->Illuminate\\Routing\\{closure}(Object(Illuminate\\Http\\Request))
#9 C:\\xampp\\htdocs\\laravel\\MTB_HMS_Booking_System\\vendor\\laravel\\framework\\src\\Illuminate\\Routing\\Middleware\\SubstituteBindings.php(51): Illuminate\\Pipeline\\Pipeline->Illuminate\\Pipeline\\{closure}(Object(Illuminate\\Http\\Request))
#10 C:\\xampp\\htdocs\\laravel\\MTB_HMS_Booking_System\\vendor\\laravel\\framework\\src\\Illuminate\\Pipeline\\Pipeline.php(183): Illuminate\\Routing\\Middleware\\SubstituteBindings->handle(Object(Illuminate\\Http\\Request), Object(Closure))
#11 C:\\xampp\\htdocs\\laravel\\MTB_HMS_Booking_System\\vendor\\laravel\\framework\\src\\Illuminate\\Foundation\\Http\\Middleware\\VerifyCsrfToken.php(88): Illuminate\\Pipeline\\Pipeline->Illuminate\\Pipeline\\{closure}(Object(Illuminate\\Http\\Request))
#12 C:\\xampp\\htdocs\\laravel\\MTB_HMS_Booking_System\\vendor\\laravel\\framework\\src\\Illuminate\\Pipeline\\Pipeline.php(183): Illuminate\\Foundation\\Http\\Middleware\\VerifyCsrfToken->handle(Object(Illuminate\\Http\\Request), Object(Closure))
#13 C:\\xampp\\htdocs\\laravel\\MTB_HMS_Booking_System\\vendor\\laravel\\framework\\src\\Illuminate\\View\\Middleware\\ShareErrorsFromSession.php(49): Illuminate\\Pipeline\\Pipeline->Illuminate\\Pipeline\\{closure}(Object(Illuminate\\Http\\Request))
#14 C:\\xampp\\htdocs\\laravel\\MTB_HMS_Booking_System\\vendor\\laravel\\framework\\src\\Illuminate\\Pipeline\\Pipeline.php(183): Illuminate\\View\\Middleware\\ShareErrorsFromSession->handle(Object(Illuminate\\Http\\Request), Object(Closure))
#15 C:\\xampp\\htdocs\\laravel\\MTB_HMS_Booking_System\\vendor\\laravel\\framework\\src\\Illuminate\\Session\\Middleware\\StartSession.php(121): Illuminate\\Pipeline\\Pipeline->Illuminate\\Pipeline\\{closure}(Object(Illuminate\\Http\\Request))
#16 C:\\xampp\\htdocs\\laravel\\MTB_HMS_Booking_System\\vendor\\laravel\\framework\\src\\Illuminate\\Session\\Middleware\\StartSession.php(64): Illuminate\\Session\\Middleware\\StartSession->handleStatefulRequest(Object(Illuminate\\Http\\Request), Object(Illuminate\\Session\\Store), Object(Closure))
#17 C:\\xampp\\htdocs\\laravel\\MTB_HMS_Booking_System\\vendor\\laravel\\framework\\src\\Illuminate\\Pipeline\\Pipeline.php(183): Illuminate\\Session\\Middleware\\StartSession->handle(Object(Illuminate\\Http\\Request), Object(Closure))
#18 C:\\xampp\\htdocs\\laravel\\MTB_HMS_Booking_System\\vendor\\laravel\\framework\\src\\Illuminate\\Cookie\\Middleware\\AddQueuedCookiesToResponse.php(37): Illuminate\\Pipeline\\Pipeline->Illuminate\\Pipeline\\{closure}(Object(Illuminate\\Http\\Request))
#19 C:\\xampp\\htdocs\\laravel\\MTB_HMS_Booking_System\\vendor\\laravel\\framework\\src\\Illuminate\\Pipeline\\Pipeline.php(183): Illuminate\\Cookie\\Middleware\\AddQueuedCookiesToResponse->handle(Object(Illuminate\\Http\\Request), Object(Closure))
#20 C:\\xampp\\htdocs\\laravel\\MTB_HMS_Booking_System\\vendor\\laravel\\framework\\src\\Illuminate\\Cookie\\Middleware\\EncryptCookies.php(75): Illuminate\\Pipeline\\Pipeline->Illuminate\\Pipeline\\{closure}(Object(Illuminate\\Http\\Request))
#21 C:\\xampp\\htdocs\\laravel\\MTB_HMS_Booking_System\\vendor\\laravel\\framework\\src\\Illuminate\\Pipeline\\Pipeline.php(183): Illuminate\\Cookie\\Middleware\\EncryptCookies->handle(Object(Illuminate\\Http\\Request), Object(Closure))
#22 C:\\xampp\\htdocs\\laravel\\MTB_HMS_Booking_System\\vendor\\laravel\\framework\\src\\Illuminate\\Pipeline\\Pipeline.php(119): Illuminate\\Pipeline\\Pipeline->Illuminate\\Pipeline\\{closure}(Object(Illuminate\\Http\\Request))
#23 C:\\xampp\\htdocs\\laravel\\MTB_HMS_Booking_System\\vendor\\laravel\\framework\\src\\Illuminate\\Routing\\Router.php(807): Illuminate\\Pipeline\\Pipeline->then(Object(Closure))
#24 C:\\xampp\\htdocs\\laravel\\MTB_HMS_Booking_System\\vendor\\laravel\\framework\\src\\Illuminate\\Routing\\Router.php(786): Illuminate\\Routing\\Router->runRouteWithinStack(Object(Illuminate\\Routing\\Route), Object(Illuminate\\Http\\Request))
#25 C:\\xampp\\htdocs\\laravel\\MTB_HMS_Booking_System\\vendor\\laravel\\framework\\src\\Illuminate\\Routing\\Router.php(750): Illuminate\\Routing\\Router->runRoute(Object(Illuminate\\Http\\Request), Object(Illuminate\\Routing\\Route))
#26 C:\\xampp\\htdocs\\laravel\\MTB_HMS_Booking_System\\vendor\\laravel\\framework\\src\\Illuminate\\Routing\\Router.php(739): Illuminate\\Routing\\Router->dispatchToRoute(Object(Illuminate\\Http\\Request))
#27 C:\\xampp\\htdocs\\laravel\\MTB_HMS_Booking_System\\vendor\\laravel\\framework\\src\\Illuminate\\Foundation\\Http\\Kernel.php(201): Illuminate\\Routing\\Router->dispatch(Object(Illuminate\\Http\\Request))
#28 C:\\xampp\\htdocs\\laravel\\MTB_HMS_Booking_System\\vendor\\laravel\\framework\\src\\Illuminate\\Pipeline\\Pipeline.php(144): Illuminate\\Foundation\\Http\\Kernel->Illuminate\\Foundation\\Http\\{closure}(Object(Illuminate\\Http\\Request))
#29 C:\\xampp\\htdocs\\laravel\\MTB_HMS_Booking_System\\vendor\\laravel\\framework\\src\\Illuminate\\Foundation\\Http\\Middleware\\TransformsRequest.php(21): Illuminate\\Pipeline\\Pipeline->Illuminate\\Pipeline\\{closure}(Object(Illuminate\\Http\\Request))
#30 C:\\xampp\\htdocs\\laravel\\MTB_HMS_Booking_System\\vendor\\laravel\\framework\\src\\Illuminate\\Foundation\\Http\\Middleware\\ConvertEmptyStringsToNull.php(31): Illuminate\\Foundation\\Http\\Middleware\\TransformsRequest->handle(Object(Illuminate\\Http\\Request), Object(Closure))
#31 C:\\xampp\\htdocs\\laravel\\MTB_HMS_Booking_System\\vendor\\laravel\\framework\\src\\Illuminate\\Pipeline\\Pipeline.php(183): Illuminate\\Foundation\\Http\\Middleware\\ConvertEmptyStringsToNull->handle(Object(Illuminate\\Http\\Request), Object(Closure))
#32 C:\\xampp\\htdocs\\laravel\\MTB_HMS_Booking_System\\vendor\\laravel\\framework\\src\\Illuminate\\Foundation\\Http\\Middleware\\TransformsRequest.php(21): Illuminate\\Pipeline\\Pipeline->Illuminate\\Pipeline\\{closure}(Object(Illuminate\\Http\\Request))
#33 C:\\xampp\\htdocs\\laravel\\MTB_HMS_Booking_System\\vendor\\laravel\\framework\\src\\Illuminate\\Foundation\\Http\\Middleware\\TrimStrings.php(51): Illuminate\\Foundation\\Http\\Middleware\\TransformsRequest->handle(Object(Illuminate\\Http\\Request), Object(Closure))
#34 C:\\xampp\\htdocs\\laravel\\MTB_HMS_Booking_System\\vendor\\laravel\\framework\\src\\Illuminate\\Pipeline\\Pipeline.php(183): Illuminate\\Foundation\\Http\\Middleware\\TrimStrings->handle(Object(Illuminate\\Http\\Request), Object(Closure))
#35 C:\\xampp\\htdocs\\laravel\\MTB_HMS_Booking_System\\vendor\\laravel\\framework\\src\\Illuminate\\Http\\Middleware\\ValidatePostSize.php(27): Illuminate\\Pipeline\\Pipeline->Illuminate\\Pipeline\\{closure}(Object(Illuminate\\Http\\Request))
#36 C:\\xampp\\htdocs\\laravel\\MTB_HMS_Booking_System\\vendor\\laravel\\framework\\src\\Illuminate\\Pipeline\\Pipeline.php(183): Illuminate\\Http\\Middleware\\ValidatePostSize->handle(Object(Illuminate\\Http\\Request), Object(Closure))
#37 C:\\xampp\\htdocs\\laravel\\MTB_HMS_Booking_System\\vendor\\laravel\\framework\\src\\Illuminate\\Foundation\\Http\\Middleware\\PreventRequestsDuringMaintenance.php(110): Illuminate\\Pipeline\\Pipeline->Illuminate\\Pipeline\\{closure}(Object(Illuminate\\Http\\Request))
#38 C:\\xampp\\htdocs\\laravel\\MTB_HMS_Booking_System\\vendor\\laravel\\framework\\src\\Illuminate\\Pipeline\\Pipeline.php(183): Illuminate\\Foundation\\Http\\Middleware\\PreventRequestsDuringMaintenance->handle(Object(Illuminate\\Http\\Request), Object(Closure))
#39 C:\\xampp\\htdocs\\laravel\\MTB_HMS_Booking_System\\vendor\\laravel\\framework\\src\\Illuminate\\Http\\Middleware\\HandleCors.php(49): Illuminate\\Pipeline\\Pipeline->Illuminate\\Pipeline\\{closure}(Object(Illuminate\\Http\\Request))
#40 C:\\xampp\\htdocs\\laravel\\MTB_HMS_Booking_System\\vendor\\laravel\\framework\\src\\Illuminate\\Pipeline\\Pipeline.php(183): Illuminate\\Http\\Middleware\\HandleCors->handle(Object(Illuminate\\Http\\Request), Object(Closure))
#41 C:\\xampp\\htdocs\\laravel\\MTB_HMS_Booking_System\\vendor\\laravel\\framework\\src\\Illuminate\\Http\\Middleware\\TrustProxies.php(58): Illuminate\\Pipeline\\Pipeline->Illuminate\\Pipeline\\{closure}(Object(Illuminate\\Http\\Request))
#42 C:\\xampp\\htdocs\\laravel\\MTB_HMS_Booking_System\\vendor\\laravel\\framework\\src\\Illuminate\\Pipeline\\Pipeline.php(183): Illuminate\\Http\\Middleware\\TrustProxies->handle(Object(Illuminate\\Http\\Request), Object(Closure))
#43 C:\\xampp\\htdocs\\laravel\\MTB_HMS_Booking_System\\vendor\\laravel\\framework\\src\\Illuminate\\Foundation\\Http\\Middleware\\InvokeDeferredCallbacks.php(22): Illuminate\\Pipeline\\Pipeline->Illuminate\\Pipeline\\{closure}(Object(Illuminate\\Http\\Request))
#44 C:\\xampp\\htdocs\\laravel\\MTB_HMS_Booking_System\\vendor\\laravel\\framework\\src\\Illuminate\\Pipeline\\Pipeline.php(183): Illuminate\\Foundation\\Http\\Middleware\\InvokeDeferredCallbacks->handle(Object(Illuminate\\Http\\Request), Object(Closure))
#45 C:\\xampp\\htdocs\\laravel\\MTB_HMS_Booking_System\\vendor\\laravel\\framework\\src\\Illuminate\\Pipeline\\Pipeline.php(119): Illuminate\\Pipeline\\Pipeline->Illuminate\\Pipeline\\{closure}(Object(Illuminate\\Http\\Request))
#46 C:\\xampp\\htdocs\\laravel\\MTB_HMS_Booking_System\\vendor\\laravel\\framework\\src\\Illuminate\\Foundation\\Http\\Kernel.php(176): Illuminate\\Pipeline\\Pipeline->then(Object(Closure))
#47 C:\\xampp\\htdocs\\laravel\\MTB_HMS_Booking_System\\vendor\\laravel\\framework\\src\\Illuminate\\Foundation\\Http\\Kernel.php(145): Illuminate\\Foundation\\Http\\Kernel->sendRequestThroughRouter(Object(Illuminate\\Http\\Request))
#48 C:\\xampp\\htdocs\\laravel\\MTB_HMS_Booking_System\\vendor\\laravel\\framework\\src\\Illuminate\\Foundation\\Application.php(1188): Illuminate\\Foundation\\Http\\Kernel->handle(Object(Illuminate\\Http\\Request))
#49 C:\\xampp\\htdocs\\laravel\\MTB_HMS_Booking_System\\public\\index.php(17): Illuminate\\Foundation\\Application->handleRequest(Object(Illuminate\\Http\\Request))
#50 C:\\xampp\\htdocs\\laravel\\MTB_HMS_Booking_System\\vendor\\laravel\\framework\\src\\Illuminate\\Foundation\\resources\\server.php(23): require_once('C:\\\\xampp\\\\htdocs...')
#51 {main}
"} 
[2025-04-21 12:42:26] local.ERROR: Uncaught Symfony\Component\Finder\Exception\DirectoryNotFoundException: The "C:\xampp\htdocs\laravel\MTB_HMS_Booking_System\MTB_Laravel\MTB_Booking_System\resources\views" directory does not exist. in C:\xampp\htdocs\laravel\MTB_HMS_Booking_System\vendor\symfony\finder\Finder.php:646
Stack trace:
#0 C:\xampp\htdocs\laravel\MTB_HMS_Booking_System\vendor\laravel\framework\src\Illuminate\Filesystem\Filesystem.php(584): Symfony\Component\Finder\Finder->in('C:\\xampp\\htdocs...')
#1 Command line code(1): Illuminate\Filesystem\Filesystem->files('C:\\xampp\\htdocs...')
#2 Command line code(1): getViews('C:\\xampp\\htdocs...', Object(Illuminate\Filesystem\Filesystem))
#3 {main}
  thrown {"exception":"[object] (Symfony\\Component\\ErrorHandler\\Error\\FatalError(code: 0): Uncaught Symfony\\Component\\Finder\\Exception\\DirectoryNotFoundException: The \"C:\\xampp\\htdocs\\laravel\\MTB_HMS_Booking_System\\MTB_Laravel\\MTB_Booking_System\\resources\\views\" directory does not exist. in C:\\xampp\\htdocs\\laravel\\MTB_HMS_Booking_System\\vendor\\symfony\\finder\\Finder.php:646
Stack trace:
#0 C:\\xampp\\htdocs\\laravel\\MTB_HMS_Booking_System\\vendor\\laravel\\framework\\src\\Illuminate\\Filesystem\\Filesystem.php(584): Symfony\\Component\\Finder\\Finder->in('C:\\\\xampp\\\\htdocs...')
#1 Command line code(1): Illuminate\\Filesystem\\Filesystem->files('C:\\\\xampp\\\\htdocs...')
#2 Command line code(1): getViews('C:\\\\xampp\\\\htdocs...', Object(Illuminate\\Filesystem\\Filesystem))
#3 {main}
  thrown at C:\\xampp\\htdocs\\laravel\\MTB_HMS_Booking_System\\vendor\\symfony\\finder\\Finder.php:646)
[stacktrace]
#0 {main}
"} 
[2025-04-21 12:42:32] local.ERROR: Uncaught Symfony\Component\Finder\Exception\DirectoryNotFoundException: The "C:\xampp\htdocs\laravel\MTB_HMS_Booking_System\MTB_Laravel\MTB_Booking_System\resources\views" directory does not exist. in C:\xampp\htdocs\laravel\MTB_HMS_Booking_System\vendor\symfony\finder\Finder.php:646
Stack trace:
#0 C:\xampp\htdocs\laravel\MTB_HMS_Booking_System\vendor\laravel\framework\src\Illuminate\Filesystem\Filesystem.php(584): Symfony\Component\Finder\Finder->in('C:\\xampp\\htdocs...')
#1 Command line code(1): Illuminate\Filesystem\Filesystem->files('C:\\xampp\\htdocs...')
#2 Command line code(1): getViews('C:\\xampp\\htdocs...', Object(Illuminate\Filesystem\Filesystem))
#3 {main}
  thrown {"exception":"[object] (Symfony\\Component\\ErrorHandler\\Error\\FatalError(code: 0): Uncaught Symfony\\Component\\Finder\\Exception\\DirectoryNotFoundException: The \"C:\\xampp\\htdocs\\laravel\\MTB_HMS_Booking_System\\MTB_Laravel\\MTB_Booking_System\\resources\\views\" directory does not exist. in C:\\xampp\\htdocs\\laravel\\MTB_HMS_Booking_System\\vendor\\symfony\\finder\\Finder.php:646
Stack trace:
#0 C:\\xampp\\htdocs\\laravel\\MTB_HMS_Booking_System\\vendor\\laravel\\framework\\src\\Illuminate\\Filesystem\\Filesystem.php(584): Symfony\\Component\\Finder\\Finder->in('C:\\\\xampp\\\\htdocs...')
#1 Command line code(1): Illuminate\\Filesystem\\Filesystem->files('C:\\\\xampp\\\\htdocs...')
#2 Command line code(1): getViews('C:\\\\xampp\\\\htdocs...', Object(Illuminate\\Filesystem\\Filesystem))
#3 {main}
  thrown at C:\\xampp\\htdocs\\laravel\\MTB_HMS_Booking_System\\vendor\\symfony\\finder\\Finder.php:646)
[stacktrace]
#0 {main}
"} 
[2025-04-21 12:42:36] local.ERROR: Uncaught Symfony\Component\Finder\Exception\DirectoryNotFoundException: The "C:\xampp\htdocs\laravel\MTB_HMS_Booking_System\MTB_Laravel\MTB_Booking_System\resources\views" directory does not exist. in C:\xampp\htdocs\laravel\MTB_HMS_Booking_System\vendor\symfony\finder\Finder.php:646
Stack trace:
#0 C:\xampp\htdocs\laravel\MTB_HMS_Booking_System\vendor\laravel\framework\src\Illuminate\Filesystem\Filesystem.php(584): Symfony\Component\Finder\Finder->in('C:\\xampp\\htdocs...')
#1 Command line code(1): Illuminate\Filesystem\Filesystem->files('C:\\xampp\\htdocs...')
#2 Command line code(1): getViews('C:\\xampp\\htdocs...', Object(Illuminate\Filesystem\Filesystem))
#3 {main}
  thrown {"exception":"[object] (Symfony\\Component\\ErrorHandler\\Error\\FatalError(code: 0): Uncaught Symfony\\Component\\Finder\\Exception\\DirectoryNotFoundException: The \"C:\\xampp\\htdocs\\laravel\\MTB_HMS_Booking_System\\MTB_Laravel\\MTB_Booking_System\\resources\\views\" directory does not exist. in C:\\xampp\\htdocs\\laravel\\MTB_HMS_Booking_System\\vendor\\symfony\\finder\\Finder.php:646
Stack trace:
#0 C:\\xampp\\htdocs\\laravel\\MTB_HMS_Booking_System\\vendor\\laravel\\framework\\src\\Illuminate\\Filesystem\\Filesystem.php(584): Symfony\\Component\\Finder\\Finder->in('C:\\\\xampp\\\\htdocs...')
#1 Command line code(1): Illuminate\\Filesystem\\Filesystem->files('C:\\\\xampp\\\\htdocs...')
#2 Command line code(1): getViews('C:\\\\xampp\\\\htdocs...', Object(Illuminate\\Filesystem\\Filesystem))
#3 {main}
  thrown at C:\\xampp\\htdocs\\laravel\\MTB_HMS_Booking_System\\vendor\\symfony\\finder\\Finder.php:646)
[stacktrace]
#0 {main}
"} 
[2025-04-21 12:42:41] local.ERROR: Uncaught Symfony\Component\Finder\Exception\DirectoryNotFoundException: The "C:\xampp\htdocs\laravel\MTB_HMS_Booking_System\MTB_Laravel\MTB_Booking_System\resources\views" directory does not exist. in C:\xampp\htdocs\laravel\MTB_HMS_Booking_System\vendor\symfony\finder\Finder.php:646
Stack trace:
#0 C:\xampp\htdocs\laravel\MTB_HMS_Booking_System\vendor\laravel\framework\src\Illuminate\Filesystem\Filesystem.php(584): Symfony\Component\Finder\Finder->in('C:\\xampp\\htdocs...')
#1 Command line code(1): Illuminate\Filesystem\Filesystem->files('C:\\xampp\\htdocs...')
#2 Command line code(1): getViews('C:\\xampp\\htdocs...', Object(Illuminate\Filesystem\Filesystem))
#3 {main}
  thrown {"exception":"[object] (Symfony\\Component\\ErrorHandler\\Error\\FatalError(code: 0): Uncaught Symfony\\Component\\Finder\\Exception\\DirectoryNotFoundException: The \"C:\\xampp\\htdocs\\laravel\\MTB_HMS_Booking_System\\MTB_Laravel\\MTB_Booking_System\\resources\\views\" directory does not exist. in C:\\xampp\\htdocs\\laravel\\MTB_HMS_Booking_System\\vendor\\symfony\\finder\\Finder.php:646
Stack trace:
#0 C:\\xampp\\htdocs\\laravel\\MTB_HMS_Booking_System\\vendor\\laravel\\framework\\src\\Illuminate\\Filesystem\\Filesystem.php(584): Symfony\\Component\\Finder\\Finder->in('C:\\\\xampp\\\\htdocs...')
#1 Command line code(1): Illuminate\\Filesystem\\Filesystem->files('C:\\\\xampp\\\\htdocs...')
#2 Command line code(1): getViews('C:\\\\xampp\\\\htdocs...', Object(Illuminate\\Filesystem\\Filesystem))
#3 {main}
  thrown at C:\\xampp\\htdocs\\laravel\\MTB_HMS_Booking_System\\vendor\\symfony\\finder\\Finder.php:646)
[stacktrace]
#0 {main}
"} 
[2025-04-21 12:42:46] local.ERROR: Uncaught Symfony\Component\Finder\Exception\DirectoryNotFoundException: The "C:\xampp\htdocs\laravel\MTB_HMS_Booking_System\MTB_Laravel\MTB_Booking_System\resources\views" directory does not exist. in C:\xampp\htdocs\laravel\MTB_HMS_Booking_System\vendor\symfony\finder\Finder.php:646
Stack trace:
#0 C:\xampp\htdocs\laravel\MTB_HMS_Booking_System\vendor\laravel\framework\src\Illuminate\Filesystem\Filesystem.php(584): Symfony\Component\Finder\Finder->in('C:\\xampp\\htdocs...')
#1 Command line code(1): Illuminate\Filesystem\Filesystem->files('C:\\xampp\\htdocs...')
#2 Command line code(1): getViews('C:\\xampp\\htdocs...', Object(Illuminate\Filesystem\Filesystem))
#3 {main}
  thrown {"exception":"[object] (Symfony\\Component\\ErrorHandler\\Error\\FatalError(code: 0): Uncaught Symfony\\Component\\Finder\\Exception\\DirectoryNotFoundException: The \"C:\\xampp\\htdocs\\laravel\\MTB_HMS_Booking_System\\MTB_Laravel\\MTB_Booking_System\\resources\\views\" directory does not exist. in C:\\xampp\\htdocs\\laravel\\MTB_HMS_Booking_System\\vendor\\symfony\\finder\\Finder.php:646
Stack trace:
#0 C:\\xampp\\htdocs\\laravel\\MTB_HMS_Booking_System\\vendor\\laravel\\framework\\src\\Illuminate\\Filesystem\\Filesystem.php(584): Symfony\\Component\\Finder\\Finder->in('C:\\\\xampp\\\\htdocs...')
#1 Command line code(1): Illuminate\\Filesystem\\Filesystem->files('C:\\\\xampp\\\\htdocs...')
#2 Command line code(1): getViews('C:\\\\xampp\\\\htdocs...', Object(Illuminate\\Filesystem\\Filesystem))
#3 {main}
  thrown at C:\\xampp\\htdocs\\laravel\\MTB_HMS_Booking_System\\vendor\\symfony\\finder\\Finder.php:646)
[stacktrace]
#0 {main}
"} 
[2025-04-21 12:42:51] local.ERROR: Uncaught Symfony\Component\Finder\Exception\DirectoryNotFoundException: The "C:\xampp\htdocs\laravel\MTB_HMS_Booking_System\MTB_Laravel\MTB_Booking_System\resources\views" directory does not exist. in C:\xampp\htdocs\laravel\MTB_HMS_Booking_System\vendor\symfony\finder\Finder.php:646
Stack trace:
#0 C:\xampp\htdocs\laravel\MTB_HMS_Booking_System\vendor\laravel\framework\src\Illuminate\Filesystem\Filesystem.php(584): Symfony\Component\Finder\Finder->in('C:\\xampp\\htdocs...')
#1 Command line code(1): Illuminate\Filesystem\Filesystem->files('C:\\xampp\\htdocs...')
#2 Command line code(1): getViews('C:\\xampp\\htdocs...', Object(Illuminate\Filesystem\Filesystem))
#3 {main}
  thrown {"exception":"[object] (Symfony\\Component\\ErrorHandler\\Error\\FatalError(code: 0): Uncaught Symfony\\Component\\Finder\\Exception\\DirectoryNotFoundException: The \"C:\\xampp\\htdocs\\laravel\\MTB_HMS_Booking_System\\MTB_Laravel\\MTB_Booking_System\\resources\\views\" directory does not exist. in C:\\xampp\\htdocs\\laravel\\MTB_HMS_Booking_System\\vendor\\symfony\\finder\\Finder.php:646
Stack trace:
#0 C:\\xampp\\htdocs\\laravel\\MTB_HMS_Booking_System\\vendor\\laravel\\framework\\src\\Illuminate\\Filesystem\\Filesystem.php(584): Symfony\\Component\\Finder\\Finder->in('C:\\\\xampp\\\\htdocs...')
#1 Command line code(1): Illuminate\\Filesystem\\Filesystem->files('C:\\\\xampp\\\\htdocs...')
#2 Command line code(1): getViews('C:\\\\xampp\\\\htdocs...', Object(Illuminate\\Filesystem\\Filesystem))
#3 {main}
  thrown at C:\\xampp\\htdocs\\laravel\\MTB_HMS_Booking_System\\vendor\\symfony\\finder\\Finder.php:646)
[stacktrace]
#0 {main}
"} 
[2025-04-21 12:42:56] local.ERROR: Uncaught Symfony\Component\Finder\Exception\DirectoryNotFoundException: The "C:\xampp\htdocs\laravel\MTB_HMS_Booking_System\MTB_Laravel\MTB_Booking_System\resources\views" directory does not exist. in C:\xampp\htdocs\laravel\MTB_HMS_Booking_System\vendor\symfony\finder\Finder.php:646
Stack trace:
#0 C:\xampp\htdocs\laravel\MTB_HMS_Booking_System\vendor\laravel\framework\src\Illuminate\Filesystem\Filesystem.php(584): Symfony\Component\Finder\Finder->in('C:\\xampp\\htdocs...')
#1 Command line code(1): Illuminate\Filesystem\Filesystem->files('C:\\xampp\\htdocs...')
#2 Command line code(1): getViews('C:\\xampp\\htdocs...', Object(Illuminate\Filesystem\Filesystem))
#3 {main}
  thrown {"exception":"[object] (Symfony\\Component\\ErrorHandler\\Error\\FatalError(code: 0): Uncaught Symfony\\Component\\Finder\\Exception\\DirectoryNotFoundException: The \"C:\\xampp\\htdocs\\laravel\\MTB_HMS_Booking_System\\MTB_Laravel\\MTB_Booking_System\\resources\\views\" directory does not exist. in C:\\xampp\\htdocs\\laravel\\MTB_HMS_Booking_System\\vendor\\symfony\\finder\\Finder.php:646
Stack trace:
#0 C:\\xampp\\htdocs\\laravel\\MTB_HMS_Booking_System\\vendor\\laravel\\framework\\src\\Illuminate\\Filesystem\\Filesystem.php(584): Symfony\\Component\\Finder\\Finder->in('C:\\\\xampp\\\\htdocs...')
#1 Command line code(1): Illuminate\\Filesystem\\Filesystem->files('C:\\\\xampp\\\\htdocs...')
#2 Command line code(1): getViews('C:\\\\xampp\\\\htdocs...', Object(Illuminate\\Filesystem\\Filesystem))
#3 {main}
  thrown at C:\\xampp\\htdocs\\laravel\\MTB_HMS_Booking_System\\vendor\\symfony\\finder\\Finder.php:646)
[stacktrace]
#0 {main}
"} 
[2025-04-21 12:43:01] local.ERROR: Uncaught Symfony\Component\Finder\Exception\DirectoryNotFoundException: The "C:\xampp\htdocs\laravel\MTB_HMS_Booking_System\MTB_Laravel\MTB_Booking_System\resources\views" directory does not exist. in C:\xampp\htdocs\laravel\MTB_HMS_Booking_System\vendor\symfony\finder\Finder.php:646
Stack trace:
#0 C:\xampp\htdocs\laravel\MTB_HMS_Booking_System\vendor\laravel\framework\src\Illuminate\Filesystem\Filesystem.php(584): Symfony\Component\Finder\Finder->in('C:\\xampp\\htdocs...')
#1 Command line code(1): Illuminate\Filesystem\Filesystem->files('C:\\xampp\\htdocs...')
#2 Command line code(1): getViews('C:\\xampp\\htdocs...', Object(Illuminate\Filesystem\Filesystem))
#3 {main}
  thrown {"exception":"[object] (Symfony\\Component\\ErrorHandler\\Error\\FatalError(code: 0): Uncaught Symfony\\Component\\Finder\\Exception\\DirectoryNotFoundException: The \"C:\\xampp\\htdocs\\laravel\\MTB_HMS_Booking_System\\MTB_Laravel\\MTB_Booking_System\\resources\\views\" directory does not exist. in C:\\xampp\\htdocs\\laravel\\MTB_HMS_Booking_System\\vendor\\symfony\\finder\\Finder.php:646
Stack trace:
#0 C:\\xampp\\htdocs\\laravel\\MTB_HMS_Booking_System\\vendor\\laravel\\framework\\src\\Illuminate\\Filesystem\\Filesystem.php(584): Symfony\\Component\\Finder\\Finder->in('C:\\\\xampp\\\\htdocs...')
#1 Command line code(1): Illuminate\\Filesystem\\Filesystem->files('C:\\\\xampp\\\\htdocs...')
#2 Command line code(1): getViews('C:\\\\xampp\\\\htdocs...', Object(Illuminate\\Filesystem\\Filesystem))
#3 {main}
  thrown at C:\\xampp\\htdocs\\laravel\\MTB_HMS_Booking_System\\vendor\\symfony\\finder\\Finder.php:646)
[stacktrace]
#0 {main}
"} 
[2025-04-21 12:43:06] local.ERROR: Uncaught Symfony\Component\Finder\Exception\DirectoryNotFoundException: The "C:\xampp\htdocs\laravel\MTB_HMS_Booking_System\MTB_Laravel\MTB_Booking_System\resources\views" directory does not exist. in C:\xampp\htdocs\laravel\MTB_HMS_Booking_System\vendor\symfony\finder\Finder.php:646
Stack trace:
#0 C:\xampp\htdocs\laravel\MTB_HMS_Booking_System\vendor\laravel\framework\src\Illuminate\Filesystem\Filesystem.php(584): Symfony\Component\Finder\Finder->in('C:\\xampp\\htdocs...')
#1 Command line code(1): Illuminate\Filesystem\Filesystem->files('C:\\xampp\\htdocs...')
#2 Command line code(1): getViews('C:\\xampp\\htdocs...', Object(Illuminate\Filesystem\Filesystem))
#3 {main}
  thrown {"exception":"[object] (Symfony\\Component\\ErrorHandler\\Error\\FatalError(code: 0): Uncaught Symfony\\Component\\Finder\\Exception\\DirectoryNotFoundException: The \"C:\\xampp\\htdocs\\laravel\\MTB_HMS_Booking_System\\MTB_Laravel\\MTB_Booking_System\\resources\\views\" directory does not exist. in C:\\xampp\\htdocs\\laravel\\MTB_HMS_Booking_System\\vendor\\symfony\\finder\\Finder.php:646
Stack trace:
#0 C:\\xampp\\htdocs\\laravel\\MTB_HMS_Booking_System\\vendor\\laravel\\framework\\src\\Illuminate\\Filesystem\\Filesystem.php(584): Symfony\\Component\\Finder\\Finder->in('C:\\\\xampp\\\\htdocs...')
#1 Command line code(1): Illuminate\\Filesystem\\Filesystem->files('C:\\\\xampp\\\\htdocs...')
#2 Command line code(1): getViews('C:\\\\xampp\\\\htdocs...', Object(Illuminate\\Filesystem\\Filesystem))
#3 {main}
  thrown at C:\\xampp\\htdocs\\laravel\\MTB_HMS_Booking_System\\vendor\\symfony\\finder\\Finder.php:646)
[stacktrace]
#0 {main}
"} 
[2025-04-21 12:43:11] local.ERROR: Uncaught Symfony\Component\Finder\Exception\DirectoryNotFoundException: The "C:\xampp\htdocs\laravel\MTB_HMS_Booking_System\MTB_Laravel\MTB_Booking_System\resources\views" directory does not exist. in C:\xampp\htdocs\laravel\MTB_HMS_Booking_System\vendor\symfony\finder\Finder.php:646
Stack trace:
#0 C:\xampp\htdocs\laravel\MTB_HMS_Booking_System\vendor\laravel\framework\src\Illuminate\Filesystem\Filesystem.php(584): Symfony\Component\Finder\Finder->in('C:\\xampp\\htdocs...')
#1 Command line code(1): Illuminate\Filesystem\Filesystem->files('C:\\xampp\\htdocs...')
#2 Command line code(1): getViews('C:\\xampp\\htdocs...', Object(Illuminate\Filesystem\Filesystem))
#3 {main}
  thrown {"exception":"[object] (Symfony\\Component\\ErrorHandler\\Error\\FatalError(code: 0): Uncaught Symfony\\Component\\Finder\\Exception\\DirectoryNotFoundException: The \"C:\\xampp\\htdocs\\laravel\\MTB_HMS_Booking_System\\MTB_Laravel\\MTB_Booking_System\\resources\\views\" directory does not exist. in C:\\xampp\\htdocs\\laravel\\MTB_HMS_Booking_System\\vendor\\symfony\\finder\\Finder.php:646
Stack trace:
#0 C:\\xampp\\htdocs\\laravel\\MTB_HMS_Booking_System\\vendor\\laravel\\framework\\src\\Illuminate\\Filesystem\\Filesystem.php(584): Symfony\\Component\\Finder\\Finder->in('C:\\\\xampp\\\\htdocs...')
#1 Command line code(1): Illuminate\\Filesystem\\Filesystem->files('C:\\\\xampp\\\\htdocs...')
#2 Command line code(1): getViews('C:\\\\xampp\\\\htdocs...', Object(Illuminate\\Filesystem\\Filesystem))
#3 {main}
  thrown at C:\\xampp\\htdocs\\laravel\\MTB_HMS_Booking_System\\vendor\\symfony\\finder\\Finder.php:646)
[stacktrace]
#0 {main}
"} 
[2025-04-21 12:43:16] local.ERROR: Uncaught Symfony\Component\Finder\Exception\DirectoryNotFoundException: The "C:\xampp\htdocs\laravel\MTB_HMS_Booking_System\MTB_Laravel\MTB_Booking_System\resources\views" directory does not exist. in C:\xampp\htdocs\laravel\MTB_HMS_Booking_System\vendor\symfony\finder\Finder.php:646
Stack trace:
#0 C:\xampp\htdocs\laravel\MTB_HMS_Booking_System\vendor\laravel\framework\src\Illuminate\Filesystem\Filesystem.php(584): Symfony\Component\Finder\Finder->in('C:\\xampp\\htdocs...')
#1 Command line code(1): Illuminate\Filesystem\Filesystem->files('C:\\xampp\\htdocs...')
#2 Command line code(1): getViews('C:\\xampp\\htdocs...', Object(Illuminate\Filesystem\Filesystem))
#3 {main}
  thrown {"exception":"[object] (Symfony\\Component\\ErrorHandler\\Error\\FatalError(code: 0): Uncaught Symfony\\Component\\Finder\\Exception\\DirectoryNotFoundException: The \"C:\\xampp\\htdocs\\laravel\\MTB_HMS_Booking_System\\MTB_Laravel\\MTB_Booking_System\\resources\\views\" directory does not exist. in C:\\xampp\\htdocs\\laravel\\MTB_HMS_Booking_System\\vendor\\symfony\\finder\\Finder.php:646
Stack trace:
#0 C:\\xampp\\htdocs\\laravel\\MTB_HMS_Booking_System\\vendor\\laravel\\framework\\src\\Illuminate\\Filesystem\\Filesystem.php(584): Symfony\\Component\\Finder\\Finder->in('C:\\\\xampp\\\\htdocs...')
#1 Command line code(1): Illuminate\\Filesystem\\Filesystem->files('C:\\\\xampp\\\\htdocs...')
#2 Command line code(1): getViews('C:\\\\xampp\\\\htdocs...', Object(Illuminate\\Filesystem\\Filesystem))
#3 {main}
  thrown at C:\\xampp\\htdocs\\laravel\\MTB_HMS_Booking_System\\vendor\\symfony\\finder\\Finder.php:646)
[stacktrace]
#0 {main}
"} 
[2025-04-21 12:43:21] local.ERROR: Uncaught Symfony\Component\Finder\Exception\DirectoryNotFoundException: The "C:\xampp\htdocs\laravel\MTB_HMS_Booking_System\MTB_Laravel\MTB_Booking_System\resources\views" directory does not exist. in C:\xampp\htdocs\laravel\MTB_HMS_Booking_System\vendor\symfony\finder\Finder.php:646
Stack trace:
#0 C:\xampp\htdocs\laravel\MTB_HMS_Booking_System\vendor\laravel\framework\src\Illuminate\Filesystem\Filesystem.php(584): Symfony\Component\Finder\Finder->in('C:\\xampp\\htdocs...')
#1 Command line code(1): Illuminate\Filesystem\Filesystem->files('C:\\xampp\\htdocs...')
#2 Command line code(1): getViews('C:\\xampp\\htdocs...', Object(Illuminate\Filesystem\Filesystem))
#3 {main}
  thrown {"exception":"[object] (Symfony\\Component\\ErrorHandler\\Error\\FatalError(code: 0): Uncaught Symfony\\Component\\Finder\\Exception\\DirectoryNotFoundException: The \"C:\\xampp\\htdocs\\laravel\\MTB_HMS_Booking_System\\MTB_Laravel\\MTB_Booking_System\\resources\\views\" directory does not exist. in C:\\xampp\\htdocs\\laravel\\MTB_HMS_Booking_System\\vendor\\symfony\\finder\\Finder.php:646
Stack trace:
#0 C:\\xampp\\htdocs\\laravel\\MTB_HMS_Booking_System\\vendor\\laravel\\framework\\src\\Illuminate\\Filesystem\\Filesystem.php(584): Symfony\\Component\\Finder\\Finder->in('C:\\\\xampp\\\\htdocs...')
#1 Command line code(1): Illuminate\\Filesystem\\Filesystem->files('C:\\\\xampp\\\\htdocs...')
#2 Command line code(1): getViews('C:\\\\xampp\\\\htdocs...', Object(Illuminate\\Filesystem\\Filesystem))
#3 {main}
  thrown at C:\\xampp\\htdocs\\laravel\\MTB_HMS_Booking_System\\vendor\\symfony\\finder\\Finder.php:646)
[stacktrace]
#0 {main}
"} 
[2025-04-21 12:43:27] local.ERROR: Uncaught Symfony\Component\Finder\Exception\DirectoryNotFoundException: The "C:\xampp\htdocs\laravel\MTB_HMS_Booking_System\MTB_Laravel\MTB_Booking_System\resources\views" directory does not exist. in C:\xampp\htdocs\laravel\MTB_HMS_Booking_System\vendor\symfony\finder\Finder.php:646
Stack trace:
#0 C:\xampp\htdocs\laravel\MTB_HMS_Booking_System\vendor\laravel\framework\src\Illuminate\Filesystem\Filesystem.php(584): Symfony\Component\Finder\Finder->in('C:\\xampp\\htdocs...')
#1 Command line code(1): Illuminate\Filesystem\Filesystem->files('C:\\xampp\\htdocs...')
#2 Command line code(1): getViews('C:\\xampp\\htdocs...', Object(Illuminate\Filesystem\Filesystem))
#3 {main}
  thrown {"exception":"[object] (Symfony\\Component\\ErrorHandler\\Error\\FatalError(code: 0): Uncaught Symfony\\Component\\Finder\\Exception\\DirectoryNotFoundException: The \"C:\\xampp\\htdocs\\laravel\\MTB_HMS_Booking_System\\MTB_Laravel\\MTB_Booking_System\\resources\\views\" directory does not exist. in C:\\xampp\\htdocs\\laravel\\MTB_HMS_Booking_System\\vendor\\symfony\\finder\\Finder.php:646
Stack trace:
#0 C:\\xampp\\htdocs\\laravel\\MTB_HMS_Booking_System\\vendor\\laravel\\framework\\src\\Illuminate\\Filesystem\\Filesystem.php(584): Symfony\\Component\\Finder\\Finder->in('C:\\\\xampp\\\\htdocs...')
#1 Command line code(1): Illuminate\\Filesystem\\Filesystem->files('C:\\\\xampp\\\\htdocs...')
#2 Command line code(1): getViews('C:\\\\xampp\\\\htdocs...', Object(Illuminate\\Filesystem\\Filesystem))
#3 {main}
  thrown at C:\\xampp\\htdocs\\laravel\\MTB_HMS_Booking_System\\vendor\\symfony\\finder\\Finder.php:646)
[stacktrace]
#0 {main}
"} 
[2025-04-21 12:43:32] local.ERROR: Uncaught Symfony\Component\Finder\Exception\DirectoryNotFoundException: The "C:\xampp\htdocs\laravel\MTB_HMS_Booking_System\MTB_Laravel\MTB_Booking_System\resources\views" directory does not exist. in C:\xampp\htdocs\laravel\MTB_HMS_Booking_System\vendor\symfony\finder\Finder.php:646
Stack trace:
#0 C:\xampp\htdocs\laravel\MTB_HMS_Booking_System\vendor\laravel\framework\src\Illuminate\Filesystem\Filesystem.php(584): Symfony\Component\Finder\Finder->in('C:\\xampp\\htdocs...')
#1 Command line code(1): Illuminate\Filesystem\Filesystem->files('C:\\xampp\\htdocs...')
#2 Command line code(1): getViews('C:\\xampp\\htdocs...', Object(Illuminate\Filesystem\Filesystem))
#3 {main}
  thrown {"exception":"[object] (Symfony\\Component\\ErrorHandler\\Error\\FatalError(code: 0): Uncaught Symfony\\Component\\Finder\\Exception\\DirectoryNotFoundException: The \"C:\\xampp\\htdocs\\laravel\\MTB_HMS_Booking_System\\MTB_Laravel\\MTB_Booking_System\\resources\\views\" directory does not exist. in C:\\xampp\\htdocs\\laravel\\MTB_HMS_Booking_System\\vendor\\symfony\\finder\\Finder.php:646
Stack trace:
#0 C:\\xampp\\htdocs\\laravel\\MTB_HMS_Booking_System\\vendor\\laravel\\framework\\src\\Illuminate\\Filesystem\\Filesystem.php(584): Symfony\\Component\\Finder\\Finder->in('C:\\\\xampp\\\\htdocs...')
#1 Command line code(1): Illuminate\\Filesystem\\Filesystem->files('C:\\\\xampp\\\\htdocs...')
#2 Command line code(1): getViews('C:\\\\xampp\\\\htdocs...', Object(Illuminate\\Filesystem\\Filesystem))
#3 {main}
  thrown at C:\\xampp\\htdocs\\laravel\\MTB_HMS_Booking_System\\vendor\\symfony\\finder\\Finder.php:646)
[stacktrace]
#0 {main}
"} 
[2025-04-21 12:43:36] local.ERROR: Uncaught Symfony\Component\Finder\Exception\DirectoryNotFoundException: The "C:\xampp\htdocs\laravel\MTB_HMS_Booking_System\MTB_Laravel\MTB_Booking_System\resources\views" directory does not exist. in C:\xampp\htdocs\laravel\MTB_HMS_Booking_System\vendor\symfony\finder\Finder.php:646
Stack trace:
#0 C:\xampp\htdocs\laravel\MTB_HMS_Booking_System\vendor\laravel\framework\src\Illuminate\Filesystem\Filesystem.php(584): Symfony\Component\Finder\Finder->in('C:\\xampp\\htdocs...')
#1 Command line code(1): Illuminate\Filesystem\Filesystem->files('C:\\xampp\\htdocs...')
#2 Command line code(1): getViews('C:\\xampp\\htdocs...', Object(Illuminate\Filesystem\Filesystem))
#3 {main}
  thrown {"exception":"[object] (Symfony\\Component\\ErrorHandler\\Error\\FatalError(code: 0): Uncaught Symfony\\Component\\Finder\\Exception\\DirectoryNotFoundException: The \"C:\\xampp\\htdocs\\laravel\\MTB_HMS_Booking_System\\MTB_Laravel\\MTB_Booking_System\\resources\\views\" directory does not exist. in C:\\xampp\\htdocs\\laravel\\MTB_HMS_Booking_System\\vendor\\symfony\\finder\\Finder.php:646
Stack trace:
#0 C:\\xampp\\htdocs\\laravel\\MTB_HMS_Booking_System\\vendor\\laravel\\framework\\src\\Illuminate\\Filesystem\\Filesystem.php(584): Symfony\\Component\\Finder\\Finder->in('C:\\\\xampp\\\\htdocs...')
#1 Command line code(1): Illuminate\\Filesystem\\Filesystem->files('C:\\\\xampp\\\\htdocs...')
#2 Command line code(1): getViews('C:\\\\xampp\\\\htdocs...', Object(Illuminate\\Filesystem\\Filesystem))
#3 {main}
  thrown at C:\\xampp\\htdocs\\laravel\\MTB_HMS_Booking_System\\vendor\\symfony\\finder\\Finder.php:646)
[stacktrace]
#0 {main}
"} 
[2025-04-21 12:43:41] local.ERROR: Uncaught Symfony\Component\Finder\Exception\DirectoryNotFoundException: The "C:\xampp\htdocs\laravel\MTB_HMS_Booking_System\MTB_Laravel\MTB_Booking_System\resources\views" directory does not exist. in C:\xampp\htdocs\laravel\MTB_HMS_Booking_System\vendor\symfony\finder\Finder.php:646
Stack trace:
#0 C:\xampp\htdocs\laravel\MTB_HMS_Booking_System\vendor\laravel\framework\src\Illuminate\Filesystem\Filesystem.php(584): Symfony\Component\Finder\Finder->in('C:\\xampp\\htdocs...')
#1 Command line code(1): Illuminate\Filesystem\Filesystem->files('C:\\xampp\\htdocs...')
#2 Command line code(1): getViews('C:\\xampp\\htdocs...', Object(Illuminate\Filesystem\Filesystem))
#3 {main}
  thrown {"exception":"[object] (Symfony\\Component\\ErrorHandler\\Error\\FatalError(code: 0): Uncaught Symfony\\Component\\Finder\\Exception\\DirectoryNotFoundException: The \"C:\\xampp\\htdocs\\laravel\\MTB_HMS_Booking_System\\MTB_Laravel\\MTB_Booking_System\\resources\\views\" directory does not exist. in C:\\xampp\\htdocs\\laravel\\MTB_HMS_Booking_System\\vendor\\symfony\\finder\\Finder.php:646
Stack trace:
#0 C:\\xampp\\htdocs\\laravel\\MTB_HMS_Booking_System\\vendor\\laravel\\framework\\src\\Illuminate\\Filesystem\\Filesystem.php(584): Symfony\\Component\\Finder\\Finder->in('C:\\\\xampp\\\\htdocs...')
#1 Command line code(1): Illuminate\\Filesystem\\Filesystem->files('C:\\\\xampp\\\\htdocs...')
#2 Command line code(1): getViews('C:\\\\xampp\\\\htdocs...', Object(Illuminate\\Filesystem\\Filesystem))
#3 {main}
  thrown at C:\\xampp\\htdocs\\laravel\\MTB_HMS_Booking_System\\vendor\\symfony\\finder\\Finder.php:646)
[stacktrace]
#0 {main}
"} 
[2025-04-21 12:43:46] local.ERROR: Uncaught Symfony\Component\Finder\Exception\DirectoryNotFoundException: The "C:\xampp\htdocs\laravel\MTB_HMS_Booking_System\MTB_Laravel\MTB_Booking_System\resources\views" directory does not exist. in C:\xampp\htdocs\laravel\MTB_HMS_Booking_System\vendor\symfony\finder\Finder.php:646
Stack trace:
#0 C:\xampp\htdocs\laravel\MTB_HMS_Booking_System\vendor\laravel\framework\src\Illuminate\Filesystem\Filesystem.php(584): Symfony\Component\Finder\Finder->in('C:\\xampp\\htdocs...')
#1 Command line code(1): Illuminate\Filesystem\Filesystem->files('C:\\xampp\\htdocs...')
#2 Command line code(1): getViews('C:\\xampp\\htdocs...', Object(Illuminate\Filesystem\Filesystem))
#3 {main}
  thrown {"exception":"[object] (Symfony\\Component\\ErrorHandler\\Error\\FatalError(code: 0): Uncaught Symfony\\Component\\Finder\\Exception\\DirectoryNotFoundException: The \"C:\\xampp\\htdocs\\laravel\\MTB_HMS_Booking_System\\MTB_Laravel\\MTB_Booking_System\\resources\\views\" directory does not exist. in C:\\xampp\\htdocs\\laravel\\MTB_HMS_Booking_System\\vendor\\symfony\\finder\\Finder.php:646
Stack trace:
#0 C:\\xampp\\htdocs\\laravel\\MTB_HMS_Booking_System\\vendor\\laravel\\framework\\src\\Illuminate\\Filesystem\\Filesystem.php(584): Symfony\\Component\\Finder\\Finder->in('C:\\\\xampp\\\\htdocs...')
#1 Command line code(1): Illuminate\\Filesystem\\Filesystem->files('C:\\\\xampp\\\\htdocs...')
#2 Command line code(1): getViews('C:\\\\xampp\\\\htdocs...', Object(Illuminate\\Filesystem\\Filesystem))
#3 {main}
  thrown at C:\\xampp\\htdocs\\laravel\\MTB_HMS_Booking_System\\vendor\\symfony\\finder\\Finder.php:646)
[stacktrace]
#0 {main}
"} 
[2025-04-21 12:43:51] local.ERROR: Uncaught Symfony\Component\Finder\Exception\DirectoryNotFoundException: The "C:\xampp\htdocs\laravel\MTB_HMS_Booking_System\MTB_Laravel\MTB_Booking_System\resources\views" directory does not exist. in C:\xampp\htdocs\laravel\MTB_HMS_Booking_System\vendor\symfony\finder\Finder.php:646
Stack trace:
#0 C:\xampp\htdocs\laravel\MTB_HMS_Booking_System\vendor\laravel\framework\src\Illuminate\Filesystem\Filesystem.php(584): Symfony\Component\Finder\Finder->in('C:\\xampp\\htdocs...')
#1 Command line code(1): Illuminate\Filesystem\Filesystem->files('C:\\xampp\\htdocs...')
#2 Command line code(1): getViews('C:\\xampp\\htdocs...', Object(Illuminate\Filesystem\Filesystem))
#3 {main}
  thrown {"exception":"[object] (Symfony\\Component\\ErrorHandler\\Error\\FatalError(code: 0): Uncaught Symfony\\Component\\Finder\\Exception\\DirectoryNotFoundException: The \"C:\\xampp\\htdocs\\laravel\\MTB_HMS_Booking_System\\MTB_Laravel\\MTB_Booking_System\\resources\\views\" directory does not exist. in C:\\xampp\\htdocs\\laravel\\MTB_HMS_Booking_System\\vendor\\symfony\\finder\\Finder.php:646
Stack trace:
#0 C:\\xampp\\htdocs\\laravel\\MTB_HMS_Booking_System\\vendor\\laravel\\framework\\src\\Illuminate\\Filesystem\\Filesystem.php(584): Symfony\\Component\\Finder\\Finder->in('C:\\\\xampp\\\\htdocs...')
#1 Command line code(1): Illuminate\\Filesystem\\Filesystem->files('C:\\\\xampp\\\\htdocs...')
#2 Command line code(1): getViews('C:\\\\xampp\\\\htdocs...', Object(Illuminate\\Filesystem\\Filesystem))
#3 {main}
  thrown at C:\\xampp\\htdocs\\laravel\\MTB_HMS_Booking_System\\vendor\\symfony\\finder\\Finder.php:646)
[stacktrace]
#0 {main}
"} 
[2025-04-21 12:43:56] local.ERROR: Uncaught Symfony\Component\Finder\Exception\DirectoryNotFoundException: The "C:\xampp\htdocs\laravel\MTB_HMS_Booking_System\MTB_Laravel\MTB_Booking_System\resources\views" directory does not exist. in C:\xampp\htdocs\laravel\MTB_HMS_Booking_System\vendor\symfony\finder\Finder.php:646
Stack trace:
#0 C:\xampp\htdocs\laravel\MTB_HMS_Booking_System\vendor\laravel\framework\src\Illuminate\Filesystem\Filesystem.php(584): Symfony\Component\Finder\Finder->in('C:\\xampp\\htdocs...')
#1 Command line code(1): Illuminate\Filesystem\Filesystem->files('C:\\xampp\\htdocs...')
#2 Command line code(1): getViews('C:\\xampp\\htdocs...', Object(Illuminate\Filesystem\Filesystem))
#3 {main}
  thrown {"exception":"[object] (Symfony\\Component\\ErrorHandler\\Error\\FatalError(code: 0): Uncaught Symfony\\Component\\Finder\\Exception\\DirectoryNotFoundException: The \"C:\\xampp\\htdocs\\laravel\\MTB_HMS_Booking_System\\MTB_Laravel\\MTB_Booking_System\\resources\\views\" directory does not exist. in C:\\xampp\\htdocs\\laravel\\MTB_HMS_Booking_System\\vendor\\symfony\\finder\\Finder.php:646
Stack trace:
#0 C:\\xampp\\htdocs\\laravel\\MTB_HMS_Booking_System\\vendor\\laravel\\framework\\src\\Illuminate\\Filesystem\\Filesystem.php(584): Symfony\\Component\\Finder\\Finder->in('C:\\\\xampp\\\\htdocs...')
#1 Command line code(1): Illuminate\\Filesystem\\Filesystem->files('C:\\\\xampp\\\\htdocs...')
#2 Command line code(1): getViews('C:\\\\xampp\\\\htdocs...', Object(Illuminate\\Filesystem\\Filesystem))
#3 {main}
  thrown at C:\\xampp\\htdocs\\laravel\\MTB_HMS_Booking_System\\vendor\\symfony\\finder\\Finder.php:646)
[stacktrace]
#0 {main}
"} 
[2025-04-21 12:44:01] local.ERROR: Uncaught Symfony\Component\Finder\Exception\DirectoryNotFoundException: The "C:\xampp\htdocs\laravel\MTB_HMS_Booking_System\MTB_Laravel\MTB_Booking_System\resources\views" directory does not exist. in C:\xampp\htdocs\laravel\MTB_HMS_Booking_System\vendor\symfony\finder\Finder.php:646
Stack trace:
#0 C:\xampp\htdocs\laravel\MTB_HMS_Booking_System\vendor\laravel\framework\src\Illuminate\Filesystem\Filesystem.php(584): Symfony\Component\Finder\Finder->in('C:\\xampp\\htdocs...')
#1 Command line code(1): Illuminate\Filesystem\Filesystem->files('C:\\xampp\\htdocs...')
#2 Command line code(1): getViews('C:\\xampp\\htdocs...', Object(Illuminate\Filesystem\Filesystem))
#3 {main}
  thrown {"exception":"[object] (Symfony\\Component\\ErrorHandler\\Error\\FatalError(code: 0): Uncaught Symfony\\Component\\Finder\\Exception\\DirectoryNotFoundException: The \"C:\\xampp\\htdocs\\laravel\\MTB_HMS_Booking_System\\MTB_Laravel\\MTB_Booking_System\\resources\\views\" directory does not exist. in C:\\xampp\\htdocs\\laravel\\MTB_HMS_Booking_System\\vendor\\symfony\\finder\\Finder.php:646
Stack trace:
#0 C:\\xampp\\htdocs\\laravel\\MTB_HMS_Booking_System\\vendor\\laravel\\framework\\src\\Illuminate\\Filesystem\\Filesystem.php(584): Symfony\\Component\\Finder\\Finder->in('C:\\\\xampp\\\\htdocs...')
#1 Command line code(1): Illuminate\\Filesystem\\Filesystem->files('C:\\\\xampp\\\\htdocs...')
#2 Command line code(1): getViews('C:\\\\xampp\\\\htdocs...', Object(Illuminate\\Filesystem\\Filesystem))
#3 {main}
  thrown at C:\\xampp\\htdocs\\laravel\\MTB_HMS_Booking_System\\vendor\\symfony\\finder\\Finder.php:646)
[stacktrace]
#0 {main}
"} 
[2025-04-21 12:44:06] local.ERROR: Uncaught Symfony\Component\Finder\Exception\DirectoryNotFoundException: The "C:\xampp\htdocs\laravel\MTB_HMS_Booking_System\MTB_Laravel\MTB_Booking_System\resources\views" directory does not exist. in C:\xampp\htdocs\laravel\MTB_HMS_Booking_System\vendor\symfony\finder\Finder.php:646
Stack trace:
#0 C:\xampp\htdocs\laravel\MTB_HMS_Booking_System\vendor\laravel\framework\src\Illuminate\Filesystem\Filesystem.php(584): Symfony\Component\Finder\Finder->in('C:\\xampp\\htdocs...')
#1 Command line code(1): Illuminate\Filesystem\Filesystem->files('C:\\xampp\\htdocs...')
#2 Command line code(1): getViews('C:\\xampp\\htdocs...', Object(Illuminate\Filesystem\Filesystem))
#3 {main}
  thrown {"exception":"[object] (Symfony\\Component\\ErrorHandler\\Error\\FatalError(code: 0): Uncaught Symfony\\Component\\Finder\\Exception\\DirectoryNotFoundException: The \"C:\\xampp\\htdocs\\laravel\\MTB_HMS_Booking_System\\MTB_Laravel\\MTB_Booking_System\\resources\\views\" directory does not exist. in C:\\xampp\\htdocs\\laravel\\MTB_HMS_Booking_System\\vendor\\symfony\\finder\\Finder.php:646
Stack trace:
#0 C:\\xampp\\htdocs\\laravel\\MTB_HMS_Booking_System\\vendor\\laravel\\framework\\src\\Illuminate\\Filesystem\\Filesystem.php(584): Symfony\\Component\\Finder\\Finder->in('C:\\\\xampp\\\\htdocs...')
#1 Command line code(1): Illuminate\\Filesystem\\Filesystem->files('C:\\\\xampp\\\\htdocs...')
#2 Command line code(1): getViews('C:\\\\xampp\\\\htdocs...', Object(Illuminate\\Filesystem\\Filesystem))
#3 {main}
  thrown at C:\\xampp\\htdocs\\laravel\\MTB_HMS_Booking_System\\vendor\\symfony\\finder\\Finder.php:646)
[stacktrace]
#0 {main}
"} 
[2025-04-21 12:44:12] local.ERROR: Uncaught Symfony\Component\Finder\Exception\DirectoryNotFoundException: The "C:\xampp\htdocs\laravel\MTB_HMS_Booking_System\MTB_Laravel\MTB_Booking_System\resources\views" directory does not exist. in C:\xampp\htdocs\laravel\MTB_HMS_Booking_System\vendor\symfony\finder\Finder.php:646
Stack trace:
#0 C:\xampp\htdocs\laravel\MTB_HMS_Booking_System\vendor\laravel\framework\src\Illuminate\Filesystem\Filesystem.php(584): Symfony\Component\Finder\Finder->in('C:\\xampp\\htdocs...')
#1 Command line code(1): Illuminate\Filesystem\Filesystem->files('C:\\xampp\\htdocs...')
#2 Command line code(1): getViews('C:\\xampp\\htdocs...', Object(Illuminate\Filesystem\Filesystem))
#3 {main}
  thrown {"exception":"[object] (Symfony\\Component\\ErrorHandler\\Error\\FatalError(code: 0): Uncaught Symfony\\Component\\Finder\\Exception\\DirectoryNotFoundException: The \"C:\\xampp\\htdocs\\laravel\\MTB_HMS_Booking_System\\MTB_Laravel\\MTB_Booking_System\\resources\\views\" directory does not exist. in C:\\xampp\\htdocs\\laravel\\MTB_HMS_Booking_System\\vendor\\symfony\\finder\\Finder.php:646
Stack trace:
#0 C:\\xampp\\htdocs\\laravel\\MTB_HMS_Booking_System\\vendor\\laravel\\framework\\src\\Illuminate\\Filesystem\\Filesystem.php(584): Symfony\\Component\\Finder\\Finder->in('C:\\\\xampp\\\\htdocs...')
#1 Command line code(1): Illuminate\\Filesystem\\Filesystem->files('C:\\\\xampp\\\\htdocs...')
#2 Command line code(1): getViews('C:\\\\xampp\\\\htdocs...', Object(Illuminate\\Filesystem\\Filesystem))
#3 {main}
  thrown at C:\\xampp\\htdocs\\laravel\\MTB_HMS_Booking_System\\vendor\\symfony\\finder\\Finder.php:646)
[stacktrace]
#0 {main}
"} 
[2025-04-21 12:44:16] local.ERROR: Uncaught Symfony\Component\Finder\Exception\DirectoryNotFoundException: The "C:\xampp\htdocs\laravel\MTB_HMS_Booking_System\MTB_Laravel\MTB_Booking_System\resources\views" directory does not exist. in C:\xampp\htdocs\laravel\MTB_HMS_Booking_System\vendor\symfony\finder\Finder.php:646
Stack trace:
#0 C:\xampp\htdocs\laravel\MTB_HMS_Booking_System\vendor\laravel\framework\src\Illuminate\Filesystem\Filesystem.php(584): Symfony\Component\Finder\Finder->in('C:\\xampp\\htdocs...')
#1 Command line code(1): Illuminate\Filesystem\Filesystem->files('C:\\xampp\\htdocs...')
#2 Command line code(1): getViews('C:\\xampp\\htdocs...', Object(Illuminate\Filesystem\Filesystem))
#3 {main}
  thrown {"exception":"[object] (Symfony\\Component\\ErrorHandler\\Error\\FatalError(code: 0): Uncaught Symfony\\Component\\Finder\\Exception\\DirectoryNotFoundException: The \"C:\\xampp\\htdocs\\laravel\\MTB_HMS_Booking_System\\MTB_Laravel\\MTB_Booking_System\\resources\\views\" directory does not exist. in C:\\xampp\\htdocs\\laravel\\MTB_HMS_Booking_System\\vendor\\symfony\\finder\\Finder.php:646
Stack trace:
#0 C:\\xampp\\htdocs\\laravel\\MTB_HMS_Booking_System\\vendor\\laravel\\framework\\src\\Illuminate\\Filesystem\\Filesystem.php(584): Symfony\\Component\\Finder\\Finder->in('C:\\\\xampp\\\\htdocs...')
#1 Command line code(1): Illuminate\\Filesystem\\Filesystem->files('C:\\\\xampp\\\\htdocs...')
#2 Command line code(1): getViews('C:\\\\xampp\\\\htdocs...', Object(Illuminate\\Filesystem\\Filesystem))
#3 {main}
  thrown at C:\\xampp\\htdocs\\laravel\\MTB_HMS_Booking_System\\vendor\\symfony\\finder\\Finder.php:646)
[stacktrace]
#0 {main}
"} 
[2025-04-21 12:44:21] local.ERROR: Uncaught Symfony\Component\Finder\Exception\DirectoryNotFoundException: The "C:\xampp\htdocs\laravel\MTB_HMS_Booking_System\MTB_Laravel\MTB_Booking_System\resources\views" directory does not exist. in C:\xampp\htdocs\laravel\MTB_HMS_Booking_System\vendor\symfony\finder\Finder.php:646
Stack trace:
#0 C:\xampp\htdocs\laravel\MTB_HMS_Booking_System\vendor\laravel\framework\src\Illuminate\Filesystem\Filesystem.php(584): Symfony\Component\Finder\Finder->in('C:\\xampp\\htdocs...')
#1 Command line code(1): Illuminate\Filesystem\Filesystem->files('C:\\xampp\\htdocs...')
#2 Command line code(1): getViews('C:\\xampp\\htdocs...', Object(Illuminate\Filesystem\Filesystem))
#3 {main}
  thrown {"exception":"[object] (Symfony\\Component\\ErrorHandler\\Error\\FatalError(code: 0): Uncaught Symfony\\Component\\Finder\\Exception\\DirectoryNotFoundException: The \"C:\\xampp\\htdocs\\laravel\\MTB_HMS_Booking_System\\MTB_Laravel\\MTB_Booking_System\\resources\\views\" directory does not exist. in C:\\xampp\\htdocs\\laravel\\MTB_HMS_Booking_System\\vendor\\symfony\\finder\\Finder.php:646
Stack trace:
#0 C:\\xampp\\htdocs\\laravel\\MTB_HMS_Booking_System\\vendor\\laravel\\framework\\src\\Illuminate\\Filesystem\\Filesystem.php(584): Symfony\\Component\\Finder\\Finder->in('C:\\\\xampp\\\\htdocs...')
#1 Command line code(1): Illuminate\\Filesystem\\Filesystem->files('C:\\\\xampp\\\\htdocs...')
#2 Command line code(1): getViews('C:\\\\xampp\\\\htdocs...', Object(Illuminate\\Filesystem\\Filesystem))
#3 {main}
  thrown at C:\\xampp\\htdocs\\laravel\\MTB_HMS_Booking_System\\vendor\\symfony\\finder\\Finder.php:646)
[stacktrace]
#0 {main}
"} 
[2025-04-21 12:44:27] local.ERROR: Uncaught Symfony\Component\Finder\Exception\DirectoryNotFoundException: The "C:\xampp\htdocs\laravel\MTB_HMS_Booking_System\MTB_Laravel\MTB_Booking_System\resources\views" directory does not exist. in C:\xampp\htdocs\laravel\MTB_HMS_Booking_System\vendor\symfony\finder\Finder.php:646
Stack trace:
#0 C:\xampp\htdocs\laravel\MTB_HMS_Booking_System\vendor\laravel\framework\src\Illuminate\Filesystem\Filesystem.php(584): Symfony\Component\Finder\Finder->in('C:\\xampp\\htdocs...')
#1 Command line code(1): Illuminate\Filesystem\Filesystem->files('C:\\xampp\\htdocs...')
#2 Command line code(1): getViews('C:\\xampp\\htdocs...', Object(Illuminate\Filesystem\Filesystem))
#3 {main}
  thrown {"exception":"[object] (Symfony\\Component\\ErrorHandler\\Error\\FatalError(code: 0): Uncaught Symfony\\Component\\Finder\\Exception\\DirectoryNotFoundException: The \"C:\\xampp\\htdocs\\laravel\\MTB_HMS_Booking_System\\MTB_Laravel\\MTB_Booking_System\\resources\\views\" directory does not exist. in C:\\xampp\\htdocs\\laravel\\MTB_HMS_Booking_System\\vendor\\symfony\\finder\\Finder.php:646
Stack trace:
#0 C:\\xampp\\htdocs\\laravel\\MTB_HMS_Booking_System\\vendor\\laravel\\framework\\src\\Illuminate\\Filesystem\\Filesystem.php(584): Symfony\\Component\\Finder\\Finder->in('C:\\\\xampp\\\\htdocs...')
#1 Command line code(1): Illuminate\\Filesystem\\Filesystem->files('C:\\\\xampp\\\\htdocs...')
#2 Command line code(1): getViews('C:\\\\xampp\\\\htdocs...', Object(Illuminate\\Filesystem\\Filesystem))
#3 {main}
  thrown at C:\\xampp\\htdocs\\laravel\\MTB_HMS_Booking_System\\vendor\\symfony\\finder\\Finder.php:646)
[stacktrace]
#0 {main}
"} 
[2025-04-21 19:59:53] local.ERROR: Uncaught Symfony\Component\Finder\Exception\DirectoryNotFoundException: The "C:\xampp\htdocs\laravel\MTB_HMS_Booking_System\MTB_Laravel\MTB_Booking_System\resources\views" directory does not exist. in C:\xampp\htdocs\laravel\MTB_HMS_Booking_System\vendor\symfony\finder\Finder.php:646
Stack trace:
#0 C:\xampp\htdocs\laravel\MTB_HMS_Booking_System\vendor\laravel\framework\src\Illuminate\Filesystem\Filesystem.php(584): Symfony\Component\Finder\Finder->in('C:\\xampp\\htdocs...')
#1 Command line code(1): Illuminate\Filesystem\Filesystem->files('C:\\xampp\\htdocs...')
#2 Command line code(1): getViews('C:\\xampp\\htdocs...', Object(Illuminate\Filesystem\Filesystem))
#3 {main}
  thrown {"exception":"[object] (Symfony\\Component\\ErrorHandler\\Error\\FatalError(code: 0): Uncaught Symfony\\Component\\Finder\\Exception\\DirectoryNotFoundException: The \"C:\\xampp\\htdocs\\laravel\\MTB_HMS_Booking_System\\MTB_Laravel\\MTB_Booking_System\\resources\\views\" directory does not exist. in C:\\xampp\\htdocs\\laravel\\MTB_HMS_Booking_System\\vendor\\symfony\\finder\\Finder.php:646
Stack trace:
#0 C:\\xampp\\htdocs\\laravel\\MTB_HMS_Booking_System\\vendor\\laravel\\framework\\src\\Illuminate\\Filesystem\\Filesystem.php(584): Symfony\\Component\\Finder\\Finder->in('C:\\\\xampp\\\\htdocs...')
#1 Command line code(1): Illuminate\\Filesystem\\Filesystem->files('C:\\\\xampp\\\\htdocs...')
#2 Command line code(1): getViews('C:\\\\xampp\\\\htdocs...', Object(Illuminate\\Filesystem\\Filesystem))
#3 {main}
  thrown at C:\\xampp\\htdocs\\laravel\\MTB_HMS_Booking_System\\vendor\\symfony\\finder\\Finder.php:646)
[stacktrace]
#0 {main}
"} 
[2025-04-21 20:04:06] local.ERROR: Property [id] does not exist on this collection instance. {"userId":2,"exception":"[object] (Exception(code: 0): Property [id] does not exist on this collection instance. at C:\\xampp\\htdocs\\laravel\\MTB_HMS_Booking_System\\vendor\\laravel\\framework\\src\\Illuminate\\Collections\\Traits\\EnumeratesValues.php:1036)
[stacktrace]
#0 C:\\xampp\\htdocs\\laravel\\MTB_HMS_Booking_System\\vendor\\laravel\\framework\\src\\Illuminate\\Http\\Resources\\DelegatesToResource.php(139): Illuminate\\Support\\Collection->__get('id')
#1 C:\\xampp\\htdocs\\laravel\\MTB_HMS_Booking_System\\app\\Http\\Resources\\BookingResource.php(25): Illuminate\\Http\\Resources\\Json\\JsonResource->__get('id')
#2 C:\\xampp\\htdocs\\laravel\\MTB_HMS_Booking_System\\vendor\\laravel\\framework\\src\\Illuminate\\Http\\Resources\\Json\\JsonResource.php(108): App\\Http\\Resources\\BookingResource->toArray(Object(Illuminate\\Http\\Request))
#3 C:\\xampp\\htdocs\\laravel\\MTB_HMS_Booking_System\\vendor\\laravel\\framework\\src\\Illuminate\\Http\\Resources\\Json\\ResourceResponse.php(39): Illuminate\\Http\\Resources\\Json\\JsonResource->resolve(Object(Illuminate\\Http\\Request))
#4 C:\\xampp\\htdocs\\laravel\\MTB_HMS_Booking_System\\vendor\\laravel\\framework\\src\\Illuminate\\Http\\Resources\\Json\\JsonResource.php(245): Illuminate\\Http\\Resources\\Json\\ResourceResponse->toResponse(Object(Illuminate\\Http\\Request))
#5 C:\\xampp\\htdocs\\laravel\\MTB_HMS_Booking_System\\vendor\\laravel\\framework\\src\\Illuminate\\Routing\\Router.php(902): Illuminate\\Http\\Resources\\Json\\JsonResource->toResponse(Object(Illuminate\\Http\\Request))
#6 C:\\xampp\\htdocs\\laravel\\MTB_HMS_Booking_System\\vendor\\laravel\\framework\\src\\Illuminate\\Routing\\Router.php(887): Illuminate\\Routing\\Router::toResponse(Object(Illuminate\\Http\\Request), Object(App\\Http\\Resources\\BookingResource))
#7 C:\\xampp\\htdocs\\laravel\\MTB_HMS_Booking_System\\vendor\\laravel\\framework\\src\\Illuminate\\Routing\\Router.php(807): Illuminate\\Routing\\Router->prepareResponse(Object(Illuminate\\Http\\Request), Object(App\\Http\\Resources\\BookingResource))
#8 C:\\xampp\\htdocs\\laravel\\MTB_HMS_Booking_System\\vendor\\laravel\\framework\\src\\Illuminate\\Pipeline\\Pipeline.php(144): Illuminate\\Routing\\Router->Illuminate\\Routing\\{closure}(Object(Illuminate\\Http\\Request))
#9 C:\\xampp\\htdocs\\laravel\\MTB_HMS_Booking_System\\vendor\\laravel\\framework\\src\\Illuminate\\Auth\\Middleware\\AuthenticateWithBasicAuth.php(57): Illuminate\\Pipeline\\Pipeline->Illuminate\\Pipeline\\{closure}(Object(Illuminate\\Http\\Request))
#10 C:\\xampp\\htdocs\\laravel\\MTB_HMS_Booking_System\\vendor\\laravel\\framework\\src\\Illuminate\\Pipeline\\Pipeline.php(183): Illuminate\\Auth\\Middleware\\AuthenticateWithBasicAuth->handle(Object(Illuminate\\Http\\Request), Object(Closure))
#11 C:\\xampp\\htdocs\\laravel\\MTB_HMS_Booking_System\\vendor\\laravel\\framework\\src\\Illuminate\\Routing\\Middleware\\SubstituteBindings.php(51): Illuminate\\Pipeline\\Pipeline->Illuminate\\Pipeline\\{closure}(Object(Illuminate\\Http\\Request))
#12 C:\\xampp\\htdocs\\laravel\\MTB_HMS_Booking_System\\vendor\\laravel\\framework\\src\\Illuminate\\Pipeline\\Pipeline.php(183): Illuminate\\Routing\\Middleware\\SubstituteBindings->handle(Object(Illuminate\\Http\\Request), Object(Closure))
#13 C:\\xampp\\htdocs\\laravel\\MTB_HMS_Booking_System\\vendor\\laravel\\framework\\src\\Illuminate\\Pipeline\\Pipeline.php(119): Illuminate\\Pipeline\\Pipeline->Illuminate\\Pipeline\\{closure}(Object(Illuminate\\Http\\Request))
#14 C:\\xampp\\htdocs\\laravel\\MTB_HMS_Booking_System\\vendor\\laravel\\framework\\src\\Illuminate\\Routing\\Router.php(807): Illuminate\\Pipeline\\Pipeline->then(Object(Closure))
#15 C:\\xampp\\htdocs\\laravel\\MTB_HMS_Booking_System\\vendor\\laravel\\framework\\src\\Illuminate\\Routing\\Router.php(786): Illuminate\\Routing\\Router->runRouteWithinStack(Object(Illuminate\\Routing\\Route), Object(Illuminate\\Http\\Request))
#16 C:\\xampp\\htdocs\\laravel\\MTB_HMS_Booking_System\\vendor\\laravel\\framework\\src\\Illuminate\\Routing\\Router.php(750): Illuminate\\Routing\\Router->runRoute(Object(Illuminate\\Http\\Request), Object(Illuminate\\Routing\\Route))
#17 C:\\xampp\\htdocs\\laravel\\MTB_HMS_Booking_System\\vendor\\laravel\\framework\\src\\Illuminate\\Routing\\Router.php(739): Illuminate\\Routing\\Router->dispatchToRoute(Object(Illuminate\\Http\\Request))
#18 C:\\xampp\\htdocs\\laravel\\MTB_HMS_Booking_System\\vendor\\laravel\\framework\\src\\Illuminate\\Foundation\\Http\\Kernel.php(201): Illuminate\\Routing\\Router->dispatch(Object(Illuminate\\Http\\Request))
#19 C:\\xampp\\htdocs\\laravel\\MTB_HMS_Booking_System\\vendor\\laravel\\framework\\src\\Illuminate\\Pipeline\\Pipeline.php(144): Illuminate\\Foundation\\Http\\Kernel->Illuminate\\Foundation\\Http\\{closure}(Object(Illuminate\\Http\\Request))
#20 C:\\xampp\\htdocs\\laravel\\MTB_HMS_Booking_System\\vendor\\laravel\\framework\\src\\Illuminate\\Foundation\\Http\\Middleware\\TransformsRequest.php(21): Illuminate\\Pipeline\\Pipeline->Illuminate\\Pipeline\\{closure}(Object(Illuminate\\Http\\Request))
#21 C:\\xampp\\htdocs\\laravel\\MTB_HMS_Booking_System\\vendor\\laravel\\framework\\src\\Illuminate\\Foundation\\Http\\Middleware\\ConvertEmptyStringsToNull.php(31): Illuminate\\Foundation\\Http\\Middleware\\TransformsRequest->handle(Object(Illuminate\\Http\\Request), Object(Closure))
#22 C:\\xampp\\htdocs\\laravel\\MTB_HMS_Booking_System\\vendor\\laravel\\framework\\src\\Illuminate\\Pipeline\\Pipeline.php(183): Illuminate\\Foundation\\Http\\Middleware\\ConvertEmptyStringsToNull->handle(Object(Illuminate\\Http\\Request), Object(Closure))
#23 C:\\xampp\\htdocs\\laravel\\MTB_HMS_Booking_System\\vendor\\laravel\\framework\\src\\Illuminate\\Foundation\\Http\\Middleware\\TransformsRequest.php(21): Illuminate\\Pipeline\\Pipeline->Illuminate\\Pipeline\\{closure}(Object(Illuminate\\Http\\Request))
#24 C:\\xampp\\htdocs\\laravel\\MTB_HMS_Booking_System\\vendor\\laravel\\framework\\src\\Illuminate\\Foundation\\Http\\Middleware\\TrimStrings.php(51): Illuminate\\Foundation\\Http\\Middleware\\TransformsRequest->handle(Object(Illuminate\\Http\\Request), Object(Closure))
#25 C:\\xampp\\htdocs\\laravel\\MTB_HMS_Booking_System\\vendor\\laravel\\framework\\src\\Illuminate\\Pipeline\\Pipeline.php(183): Illuminate\\Foundation\\Http\\Middleware\\TrimStrings->handle(Object(Illuminate\\Http\\Request), Object(Closure))
#26 C:\\xampp\\htdocs\\laravel\\MTB_HMS_Booking_System\\vendor\\laravel\\framework\\src\\Illuminate\\Http\\Middleware\\ValidatePostSize.php(27): Illuminate\\Pipeline\\Pipeline->Illuminate\\Pipeline\\{closure}(Object(Illuminate\\Http\\Request))
#27 C:\\xampp\\htdocs\\laravel\\MTB_HMS_Booking_System\\vendor\\laravel\\framework\\src\\Illuminate\\Pipeline\\Pipeline.php(183): Illuminate\\Http\\Middleware\\ValidatePostSize->handle(Object(Illuminate\\Http\\Request), Object(Closure))
#28 C:\\xampp\\htdocs\\laravel\\MTB_HMS_Booking_System\\vendor\\laravel\\framework\\src\\Illuminate\\Foundation\\Http\\Middleware\\PreventRequestsDuringMaintenance.php(110): Illuminate\\Pipeline\\Pipeline->Illuminate\\Pipeline\\{closure}(Object(Illuminate\\Http\\Request))
#29 C:\\xampp\\htdocs\\laravel\\MTB_HMS_Booking_System\\vendor\\laravel\\framework\\src\\Illuminate\\Pipeline\\Pipeline.php(183): Illuminate\\Foundation\\Http\\Middleware\\PreventRequestsDuringMaintenance->handle(Object(Illuminate\\Http\\Request), Object(Closure))
#30 C:\\xampp\\htdocs\\laravel\\MTB_HMS_Booking_System\\vendor\\laravel\\framework\\src\\Illuminate\\Http\\Middleware\\HandleCors.php(62): Illuminate\\Pipeline\\Pipeline->Illuminate\\Pipeline\\{closure}(Object(Illuminate\\Http\\Request))
#31 C:\\xampp\\htdocs\\laravel\\MTB_HMS_Booking_System\\vendor\\laravel\\framework\\src\\Illuminate\\Pipeline\\Pipeline.php(183): Illuminate\\Http\\Middleware\\HandleCors->handle(Object(Illuminate\\Http\\Request), Object(Closure))
#32 C:\\xampp\\htdocs\\laravel\\MTB_HMS_Booking_System\\vendor\\laravel\\framework\\src\\Illuminate\\Http\\Middleware\\TrustProxies.php(58): Illuminate\\Pipeline\\Pipeline->Illuminate\\Pipeline\\{closure}(Object(Illuminate\\Http\\Request))
#33 C:\\xampp\\htdocs\\laravel\\MTB_HMS_Booking_System\\vendor\\laravel\\framework\\src\\Illuminate\\Pipeline\\Pipeline.php(183): Illuminate\\Http\\Middleware\\TrustProxies->handle(Object(Illuminate\\Http\\Request), Object(Closure))
#34 C:\\xampp\\htdocs\\laravel\\MTB_HMS_Booking_System\\vendor\\laravel\\framework\\src\\Illuminate\\Foundation\\Http\\Middleware\\InvokeDeferredCallbacks.php(22): Illuminate\\Pipeline\\Pipeline->Illuminate\\Pipeline\\{closure}(Object(Illuminate\\Http\\Request))
#35 C:\\xampp\\htdocs\\laravel\\MTB_HMS_Booking_System\\vendor\\laravel\\framework\\src\\Illuminate\\Pipeline\\Pipeline.php(183): Illuminate\\Foundation\\Http\\Middleware\\InvokeDeferredCallbacks->handle(Object(Illuminate\\Http\\Request), Object(Closure))
#36 C:\\xampp\\htdocs\\laravel\\MTB_HMS_Booking_System\\vendor\\laravel\\framework\\src\\Illuminate\\Pipeline\\Pipeline.php(119): Illuminate\\Pipeline\\Pipeline->Illuminate\\Pipeline\\{closure}(Object(Illuminate\\Http\\Request))
#37 C:\\xampp\\htdocs\\laravel\\MTB_HMS_Booking_System\\vendor\\laravel\\framework\\src\\Illuminate\\Foundation\\Http\\Kernel.php(176): Illuminate\\Pipeline\\Pipeline->then(Object(Closure))
#38 C:\\xampp\\htdocs\\laravel\\MTB_HMS_Booking_System\\vendor\\laravel\\framework\\src\\Illuminate\\Foundation\\Http\\Kernel.php(145): Illuminate\\Foundation\\Http\\Kernel->sendRequestThroughRouter(Object(Illuminate\\Http\\Request))
#39 C:\\xampp\\htdocs\\laravel\\MTB_HMS_Booking_System\\vendor\\laravel\\framework\\src\\Illuminate\\Foundation\\Application.php(1188): Illuminate\\Foundation\\Http\\Kernel->handle(Object(Illuminate\\Http\\Request))
#40 C:\\xampp\\htdocs\\laravel\\MTB_HMS_Booking_System\\public\\index.php(17): Illuminate\\Foundation\\Application->handleRequest(Object(Illuminate\\Http\\Request))
#41 C:\\xampp\\htdocs\\laravel\\MTB_HMS_Booking_System\\vendor\\laravel\\framework\\src\\Illuminate\\Foundation\\resources\\server.php(23): require_once('C:\\\\xampp\\\\htdocs...')
#42 {main}
"} 
[2025-04-21 20:07:20] local.ERROR: Property [id] does not exist on this collection instance. {"userId":2,"exception":"[object] (Exception(code: 0): Property [id] does not exist on this collection instance. at C:\\xampp\\htdocs\\laravel\\MTB_HMS_Booking_System\\vendor\\laravel\\framework\\src\\Illuminate\\Collections\\Traits\\EnumeratesValues.php:1036)
[stacktrace]
#0 C:\\xampp\\htdocs\\laravel\\MTB_HMS_Booking_System\\vendor\\laravel\\framework\\src\\Illuminate\\Http\\Resources\\DelegatesToResource.php(139): Illuminate\\Support\\Collection->__get('id')
#1 C:\\xampp\\htdocs\\laravel\\MTB_HMS_Booking_System\\app\\Http\\Resources\\BookingResource.php(25): Illuminate\\Http\\Resources\\Json\\JsonResource->__get('id')
#2 C:\\xampp\\htdocs\\laravel\\MTB_HMS_Booking_System\\vendor\\laravel\\framework\\src\\Illuminate\\Http\\Resources\\Json\\JsonResource.php(108): App\\Http\\Resources\\BookingResource->toArray(Object(Illuminate\\Http\\Request))
#3 C:\\xampp\\htdocs\\laravel\\MTB_HMS_Booking_System\\vendor\\laravel\\framework\\src\\Illuminate\\Http\\Resources\\Json\\ResourceResponse.php(39): Illuminate\\Http\\Resources\\Json\\JsonResource->resolve(Object(Illuminate\\Http\\Request))
#4 C:\\xampp\\htdocs\\laravel\\MTB_HMS_Booking_System\\vendor\\laravel\\framework\\src\\Illuminate\\Http\\Resources\\Json\\JsonResource.php(245): Illuminate\\Http\\Resources\\Json\\ResourceResponse->toResponse(Object(Illuminate\\Http\\Request))
#5 C:\\xampp\\htdocs\\laravel\\MTB_HMS_Booking_System\\vendor\\laravel\\framework\\src\\Illuminate\\Routing\\Router.php(902): Illuminate\\Http\\Resources\\Json\\JsonResource->toResponse(Object(Illuminate\\Http\\Request))
#6 C:\\xampp\\htdocs\\laravel\\MTB_HMS_Booking_System\\vendor\\laravel\\framework\\src\\Illuminate\\Routing\\Router.php(887): Illuminate\\Routing\\Router::toResponse(Object(Illuminate\\Http\\Request), Object(App\\Http\\Resources\\BookingResource))
#7 C:\\xampp\\htdocs\\laravel\\MTB_HMS_Booking_System\\vendor\\laravel\\framework\\src\\Illuminate\\Routing\\Router.php(807): Illuminate\\Routing\\Router->prepareResponse(Object(Illuminate\\Http\\Request), Object(App\\Http\\Resources\\BookingResource))
#8 C:\\xampp\\htdocs\\laravel\\MTB_HMS_Booking_System\\vendor\\laravel\\framework\\src\\Illuminate\\Pipeline\\Pipeline.php(144): Illuminate\\Routing\\Router->Illuminate\\Routing\\{closure}(Object(Illuminate\\Http\\Request))
#9 C:\\xampp\\htdocs\\laravel\\MTB_HMS_Booking_System\\vendor\\laravel\\framework\\src\\Illuminate\\Auth\\Middleware\\AuthenticateWithBasicAuth.php(57): Illuminate\\Pipeline\\Pipeline->Illuminate\\Pipeline\\{closure}(Object(Illuminate\\Http\\Request))
#10 C:\\xampp\\htdocs\\laravel\\MTB_HMS_Booking_System\\vendor\\laravel\\framework\\src\\Illuminate\\Pipeline\\Pipeline.php(183): Illuminate\\Auth\\Middleware\\AuthenticateWithBasicAuth->handle(Object(Illuminate\\Http\\Request), Object(Closure))
#11 C:\\xampp\\htdocs\\laravel\\MTB_HMS_Booking_System\\vendor\\laravel\\framework\\src\\Illuminate\\Routing\\Middleware\\SubstituteBindings.php(51): Illuminate\\Pipeline\\Pipeline->Illuminate\\Pipeline\\{closure}(Object(Illuminate\\Http\\Request))
#12 C:\\xampp\\htdocs\\laravel\\MTB_HMS_Booking_System\\vendor\\laravel\\framework\\src\\Illuminate\\Pipeline\\Pipeline.php(183): Illuminate\\Routing\\Middleware\\SubstituteBindings->handle(Object(Illuminate\\Http\\Request), Object(Closure))
#13 C:\\xampp\\htdocs\\laravel\\MTB_HMS_Booking_System\\vendor\\laravel\\framework\\src\\Illuminate\\Pipeline\\Pipeline.php(119): Illuminate\\Pipeline\\Pipeline->Illuminate\\Pipeline\\{closure}(Object(Illuminate\\Http\\Request))
#14 C:\\xampp\\htdocs\\laravel\\MTB_HMS_Booking_System\\vendor\\laravel\\framework\\src\\Illuminate\\Routing\\Router.php(807): Illuminate\\Pipeline\\Pipeline->then(Object(Closure))
#15 C:\\xampp\\htdocs\\laravel\\MTB_HMS_Booking_System\\vendor\\laravel\\framework\\src\\Illuminate\\Routing\\Router.php(786): Illuminate\\Routing\\Router->runRouteWithinStack(Object(Illuminate\\Routing\\Route), Object(Illuminate\\Http\\Request))
#16 C:\\xampp\\htdocs\\laravel\\MTB_HMS_Booking_System\\vendor\\laravel\\framework\\src\\Illuminate\\Routing\\Router.php(750): Illuminate\\Routing\\Router->runRoute(Object(Illuminate\\Http\\Request), Object(Illuminate\\Routing\\Route))
#17 C:\\xampp\\htdocs\\laravel\\MTB_HMS_Booking_System\\vendor\\laravel\\framework\\src\\Illuminate\\Routing\\Router.php(739): Illuminate\\Routing\\Router->dispatchToRoute(Object(Illuminate\\Http\\Request))
#18 C:\\xampp\\htdocs\\laravel\\MTB_HMS_Booking_System\\vendor\\laravel\\framework\\src\\Illuminate\\Foundation\\Http\\Kernel.php(201): Illuminate\\Routing\\Router->dispatch(Object(Illuminate\\Http\\Request))
#19 C:\\xampp\\htdocs\\laravel\\MTB_HMS_Booking_System\\vendor\\laravel\\framework\\src\\Illuminate\\Pipeline\\Pipeline.php(144): Illuminate\\Foundation\\Http\\Kernel->Illuminate\\Foundation\\Http\\{closure}(Object(Illuminate\\Http\\Request))
#20 C:\\xampp\\htdocs\\laravel\\MTB_HMS_Booking_System\\vendor\\laravel\\framework\\src\\Illuminate\\Foundation\\Http\\Middleware\\TransformsRequest.php(21): Illuminate\\Pipeline\\Pipeline->Illuminate\\Pipeline\\{closure}(Object(Illuminate\\Http\\Request))
#21 C:\\xampp\\htdocs\\laravel\\MTB_HMS_Booking_System\\vendor\\laravel\\framework\\src\\Illuminate\\Foundation\\Http\\Middleware\\ConvertEmptyStringsToNull.php(31): Illuminate\\Foundation\\Http\\Middleware\\TransformsRequest->handle(Object(Illuminate\\Http\\Request), Object(Closure))
#22 C:\\xampp\\htdocs\\laravel\\MTB_HMS_Booking_System\\vendor\\laravel\\framework\\src\\Illuminate\\Pipeline\\Pipeline.php(183): Illuminate\\Foundation\\Http\\Middleware\\ConvertEmptyStringsToNull->handle(Object(Illuminate\\Http\\Request), Object(Closure))
#23 C:\\xampp\\htdocs\\laravel\\MTB_HMS_Booking_System\\vendor\\laravel\\framework\\src\\Illuminate\\Foundation\\Http\\Middleware\\TransformsRequest.php(21): Illuminate\\Pipeline\\Pipeline->Illuminate\\Pipeline\\{closure}(Object(Illuminate\\Http\\Request))
#24 C:\\xampp\\htdocs\\laravel\\MTB_HMS_Booking_System\\vendor\\laravel\\framework\\src\\Illuminate\\Foundation\\Http\\Middleware\\TrimStrings.php(51): Illuminate\\Foundation\\Http\\Middleware\\TransformsRequest->handle(Object(Illuminate\\Http\\Request), Object(Closure))
#25 C:\\xampp\\htdocs\\laravel\\MTB_HMS_Booking_System\\vendor\\laravel\\framework\\src\\Illuminate\\Pipeline\\Pipeline.php(183): Illuminate\\Foundation\\Http\\Middleware\\TrimStrings->handle(Object(Illuminate\\Http\\Request), Object(Closure))
#26 C:\\xampp\\htdocs\\laravel\\MTB_HMS_Booking_System\\vendor\\laravel\\framework\\src\\Illuminate\\Http\\Middleware\\ValidatePostSize.php(27): Illuminate\\Pipeline\\Pipeline->Illuminate\\Pipeline\\{closure}(Object(Illuminate\\Http\\Request))
#27 C:\\xampp\\htdocs\\laravel\\MTB_HMS_Booking_System\\vendor\\laravel\\framework\\src\\Illuminate\\Pipeline\\Pipeline.php(183): Illuminate\\Http\\Middleware\\ValidatePostSize->handle(Object(Illuminate\\Http\\Request), Object(Closure))
#28 C:\\xampp\\htdocs\\laravel\\MTB_HMS_Booking_System\\vendor\\laravel\\framework\\src\\Illuminate\\Foundation\\Http\\Middleware\\PreventRequestsDuringMaintenance.php(110): Illuminate\\Pipeline\\Pipeline->Illuminate\\Pipeline\\{closure}(Object(Illuminate\\Http\\Request))
#29 C:\\xampp\\htdocs\\laravel\\MTB_HMS_Booking_System\\vendor\\laravel\\framework\\src\\Illuminate\\Pipeline\\Pipeline.php(183): Illuminate\\Foundation\\Http\\Middleware\\PreventRequestsDuringMaintenance->handle(Object(Illuminate\\Http\\Request), Object(Closure))
#30 C:\\xampp\\htdocs\\laravel\\MTB_HMS_Booking_System\\vendor\\laravel\\framework\\src\\Illuminate\\Http\\Middleware\\HandleCors.php(62): Illuminate\\Pipeline\\Pipeline->Illuminate\\Pipeline\\{closure}(Object(Illuminate\\Http\\Request))
#31 C:\\xampp\\htdocs\\laravel\\MTB_HMS_Booking_System\\vendor\\laravel\\framework\\src\\Illuminate\\Pipeline\\Pipeline.php(183): Illuminate\\Http\\Middleware\\HandleCors->handle(Object(Illuminate\\Http\\Request), Object(Closure))
#32 C:\\xampp\\htdocs\\laravel\\MTB_HMS_Booking_System\\vendor\\laravel\\framework\\src\\Illuminate\\Http\\Middleware\\TrustProxies.php(58): Illuminate\\Pipeline\\Pipeline->Illuminate\\Pipeline\\{closure}(Object(Illuminate\\Http\\Request))
#33 C:\\xampp\\htdocs\\laravel\\MTB_HMS_Booking_System\\vendor\\laravel\\framework\\src\\Illuminate\\Pipeline\\Pipeline.php(183): Illuminate\\Http\\Middleware\\TrustProxies->handle(Object(Illuminate\\Http\\Request), Object(Closure))
#34 C:\\xampp\\htdocs\\laravel\\MTB_HMS_Booking_System\\vendor\\laravel\\framework\\src\\Illuminate\\Foundation\\Http\\Middleware\\InvokeDeferredCallbacks.php(22): Illuminate\\Pipeline\\Pipeline->Illuminate\\Pipeline\\{closure}(Object(Illuminate\\Http\\Request))
#35 C:\\xampp\\htdocs\\laravel\\MTB_HMS_Booking_System\\vendor\\laravel\\framework\\src\\Illuminate\\Pipeline\\Pipeline.php(183): Illuminate\\Foundation\\Http\\Middleware\\InvokeDeferredCallbacks->handle(Object(Illuminate\\Http\\Request), Object(Closure))
#36 C:\\xampp\\htdocs\\laravel\\MTB_HMS_Booking_System\\vendor\\laravel\\framework\\src\\Illuminate\\Pipeline\\Pipeline.php(119): Illuminate\\Pipeline\\Pipeline->Illuminate\\Pipeline\\{closure}(Object(Illuminate\\Http\\Request))
#37 C:\\xampp\\htdocs\\laravel\\MTB_HMS_Booking_System\\vendor\\laravel\\framework\\src\\Illuminate\\Foundation\\Http\\Kernel.php(176): Illuminate\\Pipeline\\Pipeline->then(Object(Closure))
#38 C:\\xampp\\htdocs\\laravel\\MTB_HMS_Booking_System\\vendor\\laravel\\framework\\src\\Illuminate\\Foundation\\Http\\Kernel.php(145): Illuminate\\Foundation\\Http\\Kernel->sendRequestThroughRouter(Object(Illuminate\\Http\\Request))
#39 C:\\xampp\\htdocs\\laravel\\MTB_HMS_Booking_System\\vendor\\laravel\\framework\\src\\Illuminate\\Foundation\\Application.php(1188): Illuminate\\Foundation\\Http\\Kernel->handle(Object(Illuminate\\Http\\Request))
#40 C:\\xampp\\htdocs\\laravel\\MTB_HMS_Booking_System\\public\\index.php(17): Illuminate\\Foundation\\Application->handleRequest(Object(Illuminate\\Http\\Request))
#41 C:\\xampp\\htdocs\\laravel\\MTB_HMS_Booking_System\\vendor\\laravel\\framework\\src\\Illuminate\\Foundation\\resources\\server.php(23): require_once('C:\\\\xampp\\\\htdocs...')
#42 {main}
"} 
[2025-04-21 20:07:20] local.ERROR: Property [id] does not exist on this collection instance. {"userId":2,"exception":"[object] (Exception(code: 0): Property [id] does not exist on this collection instance. at C:\\xampp\\htdocs\\laravel\\MTB_HMS_Booking_System\\vendor\\laravel\\framework\\src\\Illuminate\\Collections\\Traits\\EnumeratesValues.php:1036)
[stacktrace]
#0 C:\\xampp\\htdocs\\laravel\\MTB_HMS_Booking_System\\vendor\\laravel\\framework\\src\\Illuminate\\Http\\Resources\\DelegatesToResource.php(139): Illuminate\\Support\\Collection->__get('id')
#1 C:\\xampp\\htdocs\\laravel\\MTB_HMS_Booking_System\\app\\Http\\Resources\\BookingResource.php(25): Illuminate\\Http\\Resources\\Json\\JsonResource->__get('id')
#2 C:\\xampp\\htdocs\\laravel\\MTB_HMS_Booking_System\\vendor\\laravel\\framework\\src\\Illuminate\\Http\\Resources\\Json\\JsonResource.php(108): App\\Http\\Resources\\BookingResource->toArray(Object(Illuminate\\Http\\Request))
#3 C:\\xampp\\htdocs\\laravel\\MTB_HMS_Booking_System\\vendor\\laravel\\framework\\src\\Illuminate\\Http\\Resources\\Json\\ResourceResponse.php(39): Illuminate\\Http\\Resources\\Json\\JsonResource->resolve(Object(Illuminate\\Http\\Request))
#4 C:\\xampp\\htdocs\\laravel\\MTB_HMS_Booking_System\\vendor\\laravel\\framework\\src\\Illuminate\\Http\\Resources\\Json\\JsonResource.php(245): Illuminate\\Http\\Resources\\Json\\ResourceResponse->toResponse(Object(Illuminate\\Http\\Request))
#5 C:\\xampp\\htdocs\\laravel\\MTB_HMS_Booking_System\\vendor\\laravel\\framework\\src\\Illuminate\\Routing\\Router.php(902): Illuminate\\Http\\Resources\\Json\\JsonResource->toResponse(Object(Illuminate\\Http\\Request))
#6 C:\\xampp\\htdocs\\laravel\\MTB_HMS_Booking_System\\vendor\\laravel\\framework\\src\\Illuminate\\Routing\\Router.php(887): Illuminate\\Routing\\Router::toResponse(Object(Illuminate\\Http\\Request), Object(App\\Http\\Resources\\BookingResource))
#7 C:\\xampp\\htdocs\\laravel\\MTB_HMS_Booking_System\\vendor\\laravel\\framework\\src\\Illuminate\\Routing\\Router.php(807): Illuminate\\Routing\\Router->prepareResponse(Object(Illuminate\\Http\\Request), Object(App\\Http\\Resources\\BookingResource))
#8 C:\\xampp\\htdocs\\laravel\\MTB_HMS_Booking_System\\vendor\\laravel\\framework\\src\\Illuminate\\Pipeline\\Pipeline.php(144): Illuminate\\Routing\\Router->Illuminate\\Routing\\{closure}(Object(Illuminate\\Http\\Request))
#9 C:\\xampp\\htdocs\\laravel\\MTB_HMS_Booking_System\\vendor\\laravel\\framework\\src\\Illuminate\\Auth\\Middleware\\AuthenticateWithBasicAuth.php(57): Illuminate\\Pipeline\\Pipeline->Illuminate\\Pipeline\\{closure}(Object(Illuminate\\Http\\Request))
#10 C:\\xampp\\htdocs\\laravel\\MTB_HMS_Booking_System\\vendor\\laravel\\framework\\src\\Illuminate\\Pipeline\\Pipeline.php(183): Illuminate\\Auth\\Middleware\\AuthenticateWithBasicAuth->handle(Object(Illuminate\\Http\\Request), Object(Closure))
#11 C:\\xampp\\htdocs\\laravel\\MTB_HMS_Booking_System\\vendor\\laravel\\framework\\src\\Illuminate\\Routing\\Middleware\\SubstituteBindings.php(51): Illuminate\\Pipeline\\Pipeline->Illuminate\\Pipeline\\{closure}(Object(Illuminate\\Http\\Request))
#12 C:\\xampp\\htdocs\\laravel\\MTB_HMS_Booking_System\\vendor\\laravel\\framework\\src\\Illuminate\\Pipeline\\Pipeline.php(183): Illuminate\\Routing\\Middleware\\SubstituteBindings->handle(Object(Illuminate\\Http\\Request), Object(Closure))
#13 C:\\xampp\\htdocs\\laravel\\MTB_HMS_Booking_System\\vendor\\laravel\\framework\\src\\Illuminate\\Pipeline\\Pipeline.php(119): Illuminate\\Pipeline\\Pipeline->Illuminate\\Pipeline\\{closure}(Object(Illuminate\\Http\\Request))
#14 C:\\xampp\\htdocs\\laravel\\MTB_HMS_Booking_System\\vendor\\laravel\\framework\\src\\Illuminate\\Routing\\Router.php(807): Illuminate\\Pipeline\\Pipeline->then(Object(Closure))
#15 C:\\xampp\\htdocs\\laravel\\MTB_HMS_Booking_System\\vendor\\laravel\\framework\\src\\Illuminate\\Routing\\Router.php(786): Illuminate\\Routing\\Router->runRouteWithinStack(Object(Illuminate\\Routing\\Route), Object(Illuminate\\Http\\Request))
#16 C:\\xampp\\htdocs\\laravel\\MTB_HMS_Booking_System\\vendor\\laravel\\framework\\src\\Illuminate\\Routing\\Router.php(750): Illuminate\\Routing\\Router->runRoute(Object(Illuminate\\Http\\Request), Object(Illuminate\\Routing\\Route))
#17 C:\\xampp\\htdocs\\laravel\\MTB_HMS_Booking_System\\vendor\\laravel\\framework\\src\\Illuminate\\Routing\\Router.php(739): Illuminate\\Routing\\Router->dispatchToRoute(Object(Illuminate\\Http\\Request))
#18 C:\\xampp\\htdocs\\laravel\\MTB_HMS_Booking_System\\vendor\\laravel\\framework\\src\\Illuminate\\Foundation\\Http\\Kernel.php(201): Illuminate\\Routing\\Router->dispatch(Object(Illuminate\\Http\\Request))
#19 C:\\xampp\\htdocs\\laravel\\MTB_HMS_Booking_System\\vendor\\laravel\\framework\\src\\Illuminate\\Pipeline\\Pipeline.php(144): Illuminate\\Foundation\\Http\\Kernel->Illuminate\\Foundation\\Http\\{closure}(Object(Illuminate\\Http\\Request))
#20 C:\\xampp\\htdocs\\laravel\\MTB_HMS_Booking_System\\vendor\\laravel\\framework\\src\\Illuminate\\Foundation\\Http\\Middleware\\TransformsRequest.php(21): Illuminate\\Pipeline\\Pipeline->Illuminate\\Pipeline\\{closure}(Object(Illuminate\\Http\\Request))
#21 C:\\xampp\\htdocs\\laravel\\MTB_HMS_Booking_System\\vendor\\laravel\\framework\\src\\Illuminate\\Foundation\\Http\\Middleware\\ConvertEmptyStringsToNull.php(31): Illuminate\\Foundation\\Http\\Middleware\\TransformsRequest->handle(Object(Illuminate\\Http\\Request), Object(Closure))
#22 C:\\xampp\\htdocs\\laravel\\MTB_HMS_Booking_System\\vendor\\laravel\\framework\\src\\Illuminate\\Pipeline\\Pipeline.php(183): Illuminate\\Foundation\\Http\\Middleware\\ConvertEmptyStringsToNull->handle(Object(Illuminate\\Http\\Request), Object(Closure))
#23 C:\\xampp\\htdocs\\laravel\\MTB_HMS_Booking_System\\vendor\\laravel\\framework\\src\\Illuminate\\Foundation\\Http\\Middleware\\TransformsRequest.php(21): Illuminate\\Pipeline\\Pipeline->Illuminate\\Pipeline\\{closure}(Object(Illuminate\\Http\\Request))
#24 C:\\xampp\\htdocs\\laravel\\MTB_HMS_Booking_System\\vendor\\laravel\\framework\\src\\Illuminate\\Foundation\\Http\\Middleware\\TrimStrings.php(51): Illuminate\\Foundation\\Http\\Middleware\\TransformsRequest->handle(Object(Illuminate\\Http\\Request), Object(Closure))
#25 C:\\xampp\\htdocs\\laravel\\MTB_HMS_Booking_System\\vendor\\laravel\\framework\\src\\Illuminate\\Pipeline\\Pipeline.php(183): Illuminate\\Foundation\\Http\\Middleware\\TrimStrings->handle(Object(Illuminate\\Http\\Request), Object(Closure))
#26 C:\\xampp\\htdocs\\laravel\\MTB_HMS_Booking_System\\vendor\\laravel\\framework\\src\\Illuminate\\Http\\Middleware\\ValidatePostSize.php(27): Illuminate\\Pipeline\\Pipeline->Illuminate\\Pipeline\\{closure}(Object(Illuminate\\Http\\Request))
#27 C:\\xampp\\htdocs\\laravel\\MTB_HMS_Booking_System\\vendor\\laravel\\framework\\src\\Illuminate\\Pipeline\\Pipeline.php(183): Illuminate\\Http\\Middleware\\ValidatePostSize->handle(Object(Illuminate\\Http\\Request), Object(Closure))
#28 C:\\xampp\\htdocs\\laravel\\MTB_HMS_Booking_System\\vendor\\laravel\\framework\\src\\Illuminate\\Foundation\\Http\\Middleware\\PreventRequestsDuringMaintenance.php(110): Illuminate\\Pipeline\\Pipeline->Illuminate\\Pipeline\\{closure}(Object(Illuminate\\Http\\Request))
#29 C:\\xampp\\htdocs\\laravel\\MTB_HMS_Booking_System\\vendor\\laravel\\framework\\src\\Illuminate\\Pipeline\\Pipeline.php(183): Illuminate\\Foundation\\Http\\Middleware\\PreventRequestsDuringMaintenance->handle(Object(Illuminate\\Http\\Request), Object(Closure))
#30 C:\\xampp\\htdocs\\laravel\\MTB_HMS_Booking_System\\vendor\\laravel\\framework\\src\\Illuminate\\Http\\Middleware\\HandleCors.php(62): Illuminate\\Pipeline\\Pipeline->Illuminate\\Pipeline\\{closure}(Object(Illuminate\\Http\\Request))
#31 C:\\xampp\\htdocs\\laravel\\MTB_HMS_Booking_System\\vendor\\laravel\\framework\\src\\Illuminate\\Pipeline\\Pipeline.php(183): Illuminate\\Http\\Middleware\\HandleCors->handle(Object(Illuminate\\Http\\Request), Object(Closure))
#32 C:\\xampp\\htdocs\\laravel\\MTB_HMS_Booking_System\\vendor\\laravel\\framework\\src\\Illuminate\\Http\\Middleware\\TrustProxies.php(58): Illuminate\\Pipeline\\Pipeline->Illuminate\\Pipeline\\{closure}(Object(Illuminate\\Http\\Request))
#33 C:\\xampp\\htdocs\\laravel\\MTB_HMS_Booking_System\\vendor\\laravel\\framework\\src\\Illuminate\\Pipeline\\Pipeline.php(183): Illuminate\\Http\\Middleware\\TrustProxies->handle(Object(Illuminate\\Http\\Request), Object(Closure))
#34 C:\\xampp\\htdocs\\laravel\\MTB_HMS_Booking_System\\vendor\\laravel\\framework\\src\\Illuminate\\Foundation\\Http\\Middleware\\InvokeDeferredCallbacks.php(22): Illuminate\\Pipeline\\Pipeline->Illuminate\\Pipeline\\{closure}(Object(Illuminate\\Http\\Request))
#35 C:\\xampp\\htdocs\\laravel\\MTB_HMS_Booking_System\\vendor\\laravel\\framework\\src\\Illuminate\\Pipeline\\Pipeline.php(183): Illuminate\\Foundation\\Http\\Middleware\\InvokeDeferredCallbacks->handle(Object(Illuminate\\Http\\Request), Object(Closure))
#36 C:\\xampp\\htdocs\\laravel\\MTB_HMS_Booking_System\\vendor\\laravel\\framework\\src\\Illuminate\\Pipeline\\Pipeline.php(119): Illuminate\\Pipeline\\Pipeline->Illuminate\\Pipeline\\{closure}(Object(Illuminate\\Http\\Request))
#37 C:\\xampp\\htdocs\\laravel\\MTB_HMS_Booking_System\\vendor\\laravel\\framework\\src\\Illuminate\\Foundation\\Http\\Kernel.php(176): Illuminate\\Pipeline\\Pipeline->then(Object(Closure))
#38 C:\\xampp\\htdocs\\laravel\\MTB_HMS_Booking_System\\vendor\\laravel\\framework\\src\\Illuminate\\Foundation\\Http\\Kernel.php(145): Illuminate\\Foundation\\Http\\Kernel->sendRequestThroughRouter(Object(Illuminate\\Http\\Request))
#39 C:\\xampp\\htdocs\\laravel\\MTB_HMS_Booking_System\\vendor\\laravel\\framework\\src\\Illuminate\\Foundation\\Application.php(1188): Illuminate\\Foundation\\Http\\Kernel->handle(Object(Illuminate\\Http\\Request))
#40 C:\\xampp\\htdocs\\laravel\\MTB_HMS_Booking_System\\public\\index.php(17): Illuminate\\Foundation\\Application->handleRequest(Object(Illuminate\\Http\\Request))
#41 C:\\xampp\\htdocs\\laravel\\MTB_HMS_Booking_System\\vendor\\laravel\\framework\\src\\Illuminate\\Foundation\\resources\\server.php(23): require_once('C:\\\\xampp\\\\htdocs...')
#42 {main}
"} 
[2025-04-21 20:15:07] local.ERROR: Property [id] does not exist on this collection instance. {"userId":2,"exception":"[object] (Exception(code: 0): Property [id] does not exist on this collection instance. at C:\\xampp\\htdocs\\laravel\\MTB_HMS_Booking_System\\vendor\\laravel\\framework\\src\\Illuminate\\Collections\\Traits\\EnumeratesValues.php:1036)
[stacktrace]
#0 C:\\xampp\\htdocs\\laravel\\MTB_HMS_Booking_System\\vendor\\laravel\\framework\\src\\Illuminate\\Http\\Resources\\DelegatesToResource.php(139): Illuminate\\Support\\Collection->__get('id')
#1 C:\\xampp\\htdocs\\laravel\\MTB_HMS_Booking_System\\app\\Http\\Resources\\BookingResource.php(25): Illuminate\\Http\\Resources\\Json\\JsonResource->__get('id')
#2 C:\\xampp\\htdocs\\laravel\\MTB_HMS_Booking_System\\vendor\\laravel\\framework\\src\\Illuminate\\Http\\Resources\\Json\\JsonResource.php(108): App\\Http\\Resources\\BookingResource->toArray(Object(Illuminate\\Http\\Request))
#3 C:\\xampp\\htdocs\\laravel\\MTB_HMS_Booking_System\\vendor\\laravel\\framework\\src\\Illuminate\\Http\\Resources\\Json\\ResourceResponse.php(39): Illuminate\\Http\\Resources\\Json\\JsonResource->resolve(Object(Illuminate\\Http\\Request))
#4 C:\\xampp\\htdocs\\laravel\\MTB_HMS_Booking_System\\vendor\\laravel\\framework\\src\\Illuminate\\Http\\Resources\\Json\\JsonResource.php(245): Illuminate\\Http\\Resources\\Json\\ResourceResponse->toResponse(Object(Illuminate\\Http\\Request))
#5 C:\\xampp\\htdocs\\laravel\\MTB_HMS_Booking_System\\vendor\\laravel\\framework\\src\\Illuminate\\Routing\\Router.php(902): Illuminate\\Http\\Resources\\Json\\JsonResource->toResponse(Object(Illuminate\\Http\\Request))
#6 C:\\xampp\\htdocs\\laravel\\MTB_HMS_Booking_System\\vendor\\laravel\\framework\\src\\Illuminate\\Routing\\Router.php(887): Illuminate\\Routing\\Router::toResponse(Object(Illuminate\\Http\\Request), Object(App\\Http\\Resources\\BookingResource))
#7 C:\\xampp\\htdocs\\laravel\\MTB_HMS_Booking_System\\vendor\\laravel\\framework\\src\\Illuminate\\Routing\\Router.php(807): Illuminate\\Routing\\Router->prepareResponse(Object(Illuminate\\Http\\Request), Object(App\\Http\\Resources\\BookingResource))
#8 C:\\xampp\\htdocs\\laravel\\MTB_HMS_Booking_System\\vendor\\laravel\\framework\\src\\Illuminate\\Pipeline\\Pipeline.php(144): Illuminate\\Routing\\Router->Illuminate\\Routing\\{closure}(Object(Illuminate\\Http\\Request))
#9 C:\\xampp\\htdocs\\laravel\\MTB_HMS_Booking_System\\vendor\\laravel\\framework\\src\\Illuminate\\Auth\\Middleware\\AuthenticateWithBasicAuth.php(57): Illuminate\\Pipeline\\Pipeline->Illuminate\\Pipeline\\{closure}(Object(Illuminate\\Http\\Request))
#10 C:\\xampp\\htdocs\\laravel\\MTB_HMS_Booking_System\\vendor\\laravel\\framework\\src\\Illuminate\\Pipeline\\Pipeline.php(183): Illuminate\\Auth\\Middleware\\AuthenticateWithBasicAuth->handle(Object(Illuminate\\Http\\Request), Object(Closure))
#11 C:\\xampp\\htdocs\\laravel\\MTB_HMS_Booking_System\\vendor\\laravel\\framework\\src\\Illuminate\\Routing\\Middleware\\SubstituteBindings.php(51): Illuminate\\Pipeline\\Pipeline->Illuminate\\Pipeline\\{closure}(Object(Illuminate\\Http\\Request))
#12 C:\\xampp\\htdocs\\laravel\\MTB_HMS_Booking_System\\vendor\\laravel\\framework\\src\\Illuminate\\Pipeline\\Pipeline.php(183): Illuminate\\Routing\\Middleware\\SubstituteBindings->handle(Object(Illuminate\\Http\\Request), Object(Closure))
#13 C:\\xampp\\htdocs\\laravel\\MTB_HMS_Booking_System\\vendor\\laravel\\framework\\src\\Illuminate\\Pipeline\\Pipeline.php(119): Illuminate\\Pipeline\\Pipeline->Illuminate\\Pipeline\\{closure}(Object(Illuminate\\Http\\Request))
#14 C:\\xampp\\htdocs\\laravel\\MTB_HMS_Booking_System\\vendor\\laravel\\framework\\src\\Illuminate\\Routing\\Router.php(807): Illuminate\\Pipeline\\Pipeline->then(Object(Closure))
#15 C:\\xampp\\htdocs\\laravel\\MTB_HMS_Booking_System\\vendor\\laravel\\framework\\src\\Illuminate\\Routing\\Router.php(786): Illuminate\\Routing\\Router->runRouteWithinStack(Object(Illuminate\\Routing\\Route), Object(Illuminate\\Http\\Request))
#16 C:\\xampp\\htdocs\\laravel\\MTB_HMS_Booking_System\\vendor\\laravel\\framework\\src\\Illuminate\\Routing\\Router.php(750): Illuminate\\Routing\\Router->runRoute(Object(Illuminate\\Http\\Request), Object(Illuminate\\Routing\\Route))
#17 C:\\xampp\\htdocs\\laravel\\MTB_HMS_Booking_System\\vendor\\laravel\\framework\\src\\Illuminate\\Routing\\Router.php(739): Illuminate\\Routing\\Router->dispatchToRoute(Object(Illuminate\\Http\\Request))
#18 C:\\xampp\\htdocs\\laravel\\MTB_HMS_Booking_System\\vendor\\laravel\\framework\\src\\Illuminate\\Foundation\\Http\\Kernel.php(201): Illuminate\\Routing\\Router->dispatch(Object(Illuminate\\Http\\Request))
#19 C:\\xampp\\htdocs\\laravel\\MTB_HMS_Booking_System\\vendor\\laravel\\framework\\src\\Illuminate\\Pipeline\\Pipeline.php(144): Illuminate\\Foundation\\Http\\Kernel->Illuminate\\Foundation\\Http\\{closure}(Object(Illuminate\\Http\\Request))
#20 C:\\xampp\\htdocs\\laravel\\MTB_HMS_Booking_System\\vendor\\laravel\\framework\\src\\Illuminate\\Foundation\\Http\\Middleware\\TransformsRequest.php(21): Illuminate\\Pipeline\\Pipeline->Illuminate\\Pipeline\\{closure}(Object(Illuminate\\Http\\Request))
#21 C:\\xampp\\htdocs\\laravel\\MTB_HMS_Booking_System\\vendor\\laravel\\framework\\src\\Illuminate\\Foundation\\Http\\Middleware\\ConvertEmptyStringsToNull.php(31): Illuminate\\Foundation\\Http\\Middleware\\TransformsRequest->handle(Object(Illuminate\\Http\\Request), Object(Closure))
#22 C:\\xampp\\htdocs\\laravel\\MTB_HMS_Booking_System\\vendor\\laravel\\framework\\src\\Illuminate\\Pipeline\\Pipeline.php(183): Illuminate\\Foundation\\Http\\Middleware\\ConvertEmptyStringsToNull->handle(Object(Illuminate\\Http\\Request), Object(Closure))
#23 C:\\xampp\\htdocs\\laravel\\MTB_HMS_Booking_System\\vendor\\laravel\\framework\\src\\Illuminate\\Foundation\\Http\\Middleware\\TransformsRequest.php(21): Illuminate\\Pipeline\\Pipeline->Illuminate\\Pipeline\\{closure}(Object(Illuminate\\Http\\Request))
#24 C:\\xampp\\htdocs\\laravel\\MTB_HMS_Booking_System\\vendor\\laravel\\framework\\src\\Illuminate\\Foundation\\Http\\Middleware\\TrimStrings.php(51): Illuminate\\Foundation\\Http\\Middleware\\TransformsRequest->handle(Object(Illuminate\\Http\\Request), Object(Closure))
#25 C:\\xampp\\htdocs\\laravel\\MTB_HMS_Booking_System\\vendor\\laravel\\framework\\src\\Illuminate\\Pipeline\\Pipeline.php(183): Illuminate\\Foundation\\Http\\Middleware\\TrimStrings->handle(Object(Illuminate\\Http\\Request), Object(Closure))
#26 C:\\xampp\\htdocs\\laravel\\MTB_HMS_Booking_System\\vendor\\laravel\\framework\\src\\Illuminate\\Http\\Middleware\\ValidatePostSize.php(27): Illuminate\\Pipeline\\Pipeline->Illuminate\\Pipeline\\{closure}(Object(Illuminate\\Http\\Request))
#27 C:\\xampp\\htdocs\\laravel\\MTB_HMS_Booking_System\\vendor\\laravel\\framework\\src\\Illuminate\\Pipeline\\Pipeline.php(183): Illuminate\\Http\\Middleware\\ValidatePostSize->handle(Object(Illuminate\\Http\\Request), Object(Closure))
#28 C:\\xampp\\htdocs\\laravel\\MTB_HMS_Booking_System\\vendor\\laravel\\framework\\src\\Illuminate\\Foundation\\Http\\Middleware\\PreventRequestsDuringMaintenance.php(110): Illuminate\\Pipeline\\Pipeline->Illuminate\\Pipeline\\{closure}(Object(Illuminate\\Http\\Request))
#29 C:\\xampp\\htdocs\\laravel\\MTB_HMS_Booking_System\\vendor\\laravel\\framework\\src\\Illuminate\\Pipeline\\Pipeline.php(183): Illuminate\\Foundation\\Http\\Middleware\\PreventRequestsDuringMaintenance->handle(Object(Illuminate\\Http\\Request), Object(Closure))
#30 C:\\xampp\\htdocs\\laravel\\MTB_HMS_Booking_System\\vendor\\laravel\\framework\\src\\Illuminate\\Http\\Middleware\\HandleCors.php(62): Illuminate\\Pipeline\\Pipeline->Illuminate\\Pipeline\\{closure}(Object(Illuminate\\Http\\Request))
#31 C:\\xampp\\htdocs\\laravel\\MTB_HMS_Booking_System\\vendor\\laravel\\framework\\src\\Illuminate\\Pipeline\\Pipeline.php(183): Illuminate\\Http\\Middleware\\HandleCors->handle(Object(Illuminate\\Http\\Request), Object(Closure))
#32 C:\\xampp\\htdocs\\laravel\\MTB_HMS_Booking_System\\vendor\\laravel\\framework\\src\\Illuminate\\Http\\Middleware\\TrustProxies.php(58): Illuminate\\Pipeline\\Pipeline->Illuminate\\Pipeline\\{closure}(Object(Illuminate\\Http\\Request))
#33 C:\\xampp\\htdocs\\laravel\\MTB_HMS_Booking_System\\vendor\\laravel\\framework\\src\\Illuminate\\Pipeline\\Pipeline.php(183): Illuminate\\Http\\Middleware\\TrustProxies->handle(Object(Illuminate\\Http\\Request), Object(Closure))
#34 C:\\xampp\\htdocs\\laravel\\MTB_HMS_Booking_System\\vendor\\laravel\\framework\\src\\Illuminate\\Foundation\\Http\\Middleware\\InvokeDeferredCallbacks.php(22): Illuminate\\Pipeline\\Pipeline->Illuminate\\Pipeline\\{closure}(Object(Illuminate\\Http\\Request))
#35 C:\\xampp\\htdocs\\laravel\\MTB_HMS_Booking_System\\vendor\\laravel\\framework\\src\\Illuminate\\Pipeline\\Pipeline.php(183): Illuminate\\Foundation\\Http\\Middleware\\InvokeDeferredCallbacks->handle(Object(Illuminate\\Http\\Request), Object(Closure))
#36 C:\\xampp\\htdocs\\laravel\\MTB_HMS_Booking_System\\vendor\\laravel\\framework\\src\\Illuminate\\Pipeline\\Pipeline.php(119): Illuminate\\Pipeline\\Pipeline->Illuminate\\Pipeline\\{closure}(Object(Illuminate\\Http\\Request))
#37 C:\\xampp\\htdocs\\laravel\\MTB_HMS_Booking_System\\vendor\\laravel\\framework\\src\\Illuminate\\Foundation\\Http\\Kernel.php(176): Illuminate\\Pipeline\\Pipeline->then(Object(Closure))
#38 C:\\xampp\\htdocs\\laravel\\MTB_HMS_Booking_System\\vendor\\laravel\\framework\\src\\Illuminate\\Foundation\\Http\\Kernel.php(145): Illuminate\\Foundation\\Http\\Kernel->sendRequestThroughRouter(Object(Illuminate\\Http\\Request))
#39 C:\\xampp\\htdocs\\laravel\\MTB_HMS_Booking_System\\vendor\\laravel\\framework\\src\\Illuminate\\Foundation\\Application.php(1188): Illuminate\\Foundation\\Http\\Kernel->handle(Object(Illuminate\\Http\\Request))
#40 C:\\xampp\\htdocs\\laravel\\MTB_HMS_Booking_System\\public\\index.php(17): Illuminate\\Foundation\\Application->handleRequest(Object(Illuminate\\Http\\Request))
#41 C:\\xampp\\htdocs\\laravel\\MTB_HMS_Booking_System\\vendor\\laravel\\framework\\src\\Illuminate\\Foundation\\resources\\server.php(23): require_once('C:\\\\xampp\\\\htdocs...')
#42 {main}
"} 
[2025-04-21 20:15:53] local.ERROR: syntax error, unexpected identifier "collection", expecting variable or "$" {"exception":"[object] (ParseError(code: 0): syntax error, unexpected identifier \"collection\", expecting variable or \"$\" at C:\\xampp\\htdocs\\laravel\\MTB_HMS_Booking_System\\app\\Http\\Controllers\\Api\\v1\\BookingController.php:50)
[stacktrace]
#0 C:\\xampp\\htdocs\\laravel\\MTB_HMS_Booking_System\\vendor\\composer\\ClassLoader.php(433): Composer\\Autoload\\{closure}('C:\\\\xampp\\\\htdocs...')
#1 [internal function]: Composer\\Autoload\\ClassLoader->loadClass('App\\\\Http\\\\Contro...')
#2 C:\\xampp\\htdocs\\laravel\\MTB_HMS_Booking_System\\vendor\\laravel\\framework\\src\\Illuminate\\Routing\\Route.php(1111): is_a('App\\\\Http\\\\Contro...', 'Illuminate\\\\Rout...', true)
#3 C:\\xampp\\htdocs\\laravel\\MTB_HMS_Booking_System\\vendor\\laravel\\framework\\src\\Illuminate\\Routing\\Route.php(1050): Illuminate\\Routing\\Route->controllerMiddleware()
#4 C:\\xampp\\htdocs\\laravel\\MTB_HMS_Booking_System\\vendor\\laravel\\framework\\src\\Illuminate\\Routing\\Router.php(820): Illuminate\\Routing\\Route->gatherMiddleware()
#5 C:\\xampp\\htdocs\\laravel\\MTB_HMS_Booking_System\\vendor\\laravel\\framework\\src\\Illuminate\\Routing\\Router.php(802): Illuminate\\Routing\\Router->gatherRouteMiddleware(Object(Illuminate\\Routing\\Route))
#6 C:\\xampp\\htdocs\\laravel\\MTB_HMS_Booking_System\\vendor\\laravel\\framework\\src\\Illuminate\\Routing\\Router.php(786): Illuminate\\Routing\\Router->runRouteWithinStack(Object(Illuminate\\Routing\\Route), Object(Illuminate\\Http\\Request))
#7 C:\\xampp\\htdocs\\laravel\\MTB_HMS_Booking_System\\vendor\\laravel\\framework\\src\\Illuminate\\Routing\\Router.php(750): Illuminate\\Routing\\Router->runRoute(Object(Illuminate\\Http\\Request), Object(Illuminate\\Routing\\Route))
#8 C:\\xampp\\htdocs\\laravel\\MTB_HMS_Booking_System\\vendor\\laravel\\framework\\src\\Illuminate\\Routing\\Router.php(739): Illuminate\\Routing\\Router->dispatchToRoute(Object(Illuminate\\Http\\Request))
#9 C:\\xampp\\htdocs\\laravel\\MTB_HMS_Booking_System\\vendor\\laravel\\framework\\src\\Illuminate\\Foundation\\Http\\Kernel.php(201): Illuminate\\Routing\\Router->dispatch(Object(Illuminate\\Http\\Request))
#10 C:\\xampp\\htdocs\\laravel\\MTB_HMS_Booking_System\\vendor\\laravel\\framework\\src\\Illuminate\\Pipeline\\Pipeline.php(144): Illuminate\\Foundation\\Http\\Kernel->Illuminate\\Foundation\\Http\\{closure}(Object(Illuminate\\Http\\Request))
#11 C:\\xampp\\htdocs\\laravel\\MTB_HMS_Booking_System\\vendor\\laravel\\framework\\src\\Illuminate\\Foundation\\Http\\Middleware\\TransformsRequest.php(21): Illuminate\\Pipeline\\Pipeline->Illuminate\\Pipeline\\{closure}(Object(Illuminate\\Http\\Request))
#12 C:\\xampp\\htdocs\\laravel\\MTB_HMS_Booking_System\\vendor\\laravel\\framework\\src\\Illuminate\\Foundation\\Http\\Middleware\\ConvertEmptyStringsToNull.php(31): Illuminate\\Foundation\\Http\\Middleware\\TransformsRequest->handle(Object(Illuminate\\Http\\Request), Object(Closure))
#13 C:\\xampp\\htdocs\\laravel\\MTB_HMS_Booking_System\\vendor\\laravel\\framework\\src\\Illuminate\\Pipeline\\Pipeline.php(183): Illuminate\\Foundation\\Http\\Middleware\\ConvertEmptyStringsToNull->handle(Object(Illuminate\\Http\\Request), Object(Closure))
#14 C:\\xampp\\htdocs\\laravel\\MTB_HMS_Booking_System\\vendor\\laravel\\framework\\src\\Illuminate\\Foundation\\Http\\Middleware\\TransformsRequest.php(21): Illuminate\\Pipeline\\Pipeline->Illuminate\\Pipeline\\{closure}(Object(Illuminate\\Http\\Request))
#15 C:\\xampp\\htdocs\\laravel\\MTB_HMS_Booking_System\\vendor\\laravel\\framework\\src\\Illuminate\\Foundation\\Http\\Middleware\\TrimStrings.php(51): Illuminate\\Foundation\\Http\\Middleware\\TransformsRequest->handle(Object(Illuminate\\Http\\Request), Object(Closure))
#16 C:\\xampp\\htdocs\\laravel\\MTB_HMS_Booking_System\\vendor\\laravel\\framework\\src\\Illuminate\\Pipeline\\Pipeline.php(183): Illuminate\\Foundation\\Http\\Middleware\\TrimStrings->handle(Object(Illuminate\\Http\\Request), Object(Closure))
#17 C:\\xampp\\htdocs\\laravel\\MTB_HMS_Booking_System\\vendor\\laravel\\framework\\src\\Illuminate\\Http\\Middleware\\ValidatePostSize.php(27): Illuminate\\Pipeline\\Pipeline->Illuminate\\Pipeline\\{closure}(Object(Illuminate\\Http\\Request))
#18 C:\\xampp\\htdocs\\laravel\\MTB_HMS_Booking_System\\vendor\\laravel\\framework\\src\\Illuminate\\Pipeline\\Pipeline.php(183): Illuminate\\Http\\Middleware\\ValidatePostSize->handle(Object(Illuminate\\Http\\Request), Object(Closure))
#19 C:\\xampp\\htdocs\\laravel\\MTB_HMS_Booking_System\\vendor\\laravel\\framework\\src\\Illuminate\\Foundation\\Http\\Middleware\\PreventRequestsDuringMaintenance.php(110): Illuminate\\Pipeline\\Pipeline->Illuminate\\Pipeline\\{closure}(Object(Illuminate\\Http\\Request))
#20 C:\\xampp\\htdocs\\laravel\\MTB_HMS_Booking_System\\vendor\\laravel\\framework\\src\\Illuminate\\Pipeline\\Pipeline.php(183): Illuminate\\Foundation\\Http\\Middleware\\PreventRequestsDuringMaintenance->handle(Object(Illuminate\\Http\\Request), Object(Closure))
#21 C:\\xampp\\htdocs\\laravel\\MTB_HMS_Booking_System\\vendor\\laravel\\framework\\src\\Illuminate\\Http\\Middleware\\HandleCors.php(62): Illuminate\\Pipeline\\Pipeline->Illuminate\\Pipeline\\{closure}(Object(Illuminate\\Http\\Request))
#22 C:\\xampp\\htdocs\\laravel\\MTB_HMS_Booking_System\\vendor\\laravel\\framework\\src\\Illuminate\\Pipeline\\Pipeline.php(183): Illuminate\\Http\\Middleware\\HandleCors->handle(Object(Illuminate\\Http\\Request), Object(Closure))
#23 C:\\xampp\\htdocs\\laravel\\MTB_HMS_Booking_System\\vendor\\laravel\\framework\\src\\Illuminate\\Http\\Middleware\\TrustProxies.php(58): Illuminate\\Pipeline\\Pipeline->Illuminate\\Pipeline\\{closure}(Object(Illuminate\\Http\\Request))
#24 C:\\xampp\\htdocs\\laravel\\MTB_HMS_Booking_System\\vendor\\laravel\\framework\\src\\Illuminate\\Pipeline\\Pipeline.php(183): Illuminate\\Http\\Middleware\\TrustProxies->handle(Object(Illuminate\\Http\\Request), Object(Closure))
#25 C:\\xampp\\htdocs\\laravel\\MTB_HMS_Booking_System\\vendor\\laravel\\framework\\src\\Illuminate\\Foundation\\Http\\Middleware\\InvokeDeferredCallbacks.php(22): Illuminate\\Pipeline\\Pipeline->Illuminate\\Pipeline\\{closure}(Object(Illuminate\\Http\\Request))
#26 C:\\xampp\\htdocs\\laravel\\MTB_HMS_Booking_System\\vendor\\laravel\\framework\\src\\Illuminate\\Pipeline\\Pipeline.php(183): Illuminate\\Foundation\\Http\\Middleware\\InvokeDeferredCallbacks->handle(Object(Illuminate\\Http\\Request), Object(Closure))
#27 C:\\xampp\\htdocs\\laravel\\MTB_HMS_Booking_System\\vendor\\laravel\\framework\\src\\Illuminate\\Pipeline\\Pipeline.php(119): Illuminate\\Pipeline\\Pipeline->Illuminate\\Pipeline\\{closure}(Object(Illuminate\\Http\\Request))
#28 C:\\xampp\\htdocs\\laravel\\MTB_HMS_Booking_System\\vendor\\laravel\\framework\\src\\Illuminate\\Foundation\\Http\\Kernel.php(176): Illuminate\\Pipeline\\Pipeline->then(Object(Closure))
#29 C:\\xampp\\htdocs\\laravel\\MTB_HMS_Booking_System\\vendor\\laravel\\framework\\src\\Illuminate\\Foundation\\Http\\Kernel.php(145): Illuminate\\Foundation\\Http\\Kernel->sendRequestThroughRouter(Object(Illuminate\\Http\\Request))
#30 C:\\xampp\\htdocs\\laravel\\MTB_HMS_Booking_System\\vendor\\laravel\\framework\\src\\Illuminate\\Foundation\\Application.php(1188): Illuminate\\Foundation\\Http\\Kernel->handle(Object(Illuminate\\Http\\Request))
#31 C:\\xampp\\htdocs\\laravel\\MTB_HMS_Booking_System\\public\\index.php(17): Illuminate\\Foundation\\Application->handleRequest(Object(Illuminate\\Http\\Request))
#32 C:\\xampp\\htdocs\\laravel\\MTB_HMS_Booking_System\\vendor\\laravel\\framework\\src\\Illuminate\\Foundation\\resources\\server.php(23): require_once('C:\\\\xampp\\\\htdocs...')
#33 {main}
"} 
